anef,source_path_id,source_path_label,vertex_index,svg_x_mm,svg_y_mm,pdf_x_pt,pdf_y_pt,longitude,latitude
20,path21846,cont20,0,62.201498182,-50.278569133,1686.001443,1371.416004,151.151319015,-33.842449860
20,path21846,cont20,1,62.431365533,-50.085955115,1686.653032,1370.870001,151.151455375,-33.842544672
20,path21846,cont20,2,62.962815547,-49.349191082,1688.159498,1368.781508,151.151770639,-33.842907331
20,path21846,cont20,3,63.214103565,-48.875568401,1688.871809,1367.438941,151.151919707,-33.843140463
20,path21846,cont20,4,63.493500915,-48.391362386,1689.663799,1366.066373,151.152085449,-33.843378804
20,path21846,cont20,5,63.580876914,-48.275879700,1689.911478,1365.739016,151.152137282,-33.843435648
20,path21846,cont20,6,63.695769579,-48.000292349,1690.237158,1364.957816,151.152205438,-33.843571301
20,path21846,cont20,7,64.032824929,-47.035774986,1691.192590,1362.223730,151.152405384,-33.844046065
20,path21846,cont20,8,64.139248282,-46.696941636,1691.494263,1361.263250,151.152468516,-33.844212849
20,path21846,cont20,9,64.428469612,-45.960177604,1692.314102,1359.174767,151.152640087,-33.844575506
20,path21846,cont20,10,64.492474965,-45.803374939,1692.495534,1358.730283,151.152678056,-33.844652689
20,path21846,cont20,11,64.791263628,-45.002436220,1693.342493,1356.459886,151.152855302,-33.845046936
20,path21846,cont20,12,64.977781647,-44.596885538,1693.871205,1355.310283,151.152965947,-33.845246560
20,path21846,cont20,13,65.381300329,-43.872736839,1695.015034,1353.257555,151.153205320,-33.845603009
20,path21846,cont20,14,65.599824993,-43.527468822,1695.634472,1352.278831,151.153334952,-33.845772961
20,path21846,cont20,15,65.761959012,-43.307843492,1696.094063,1351.656262,151.153431132,-33.845881067
20,path21846,cont20,16,66.425063045,-42.662180791,1697.973718,1349.826005,151.153824494,-33.846198885
20,path21846,cont20,17,67.067341724,-41.995690092,1699.794342,1347.936708,151.154205502,-33.846526955
20,path21846,cont20,18,67.217707077,-41.764211428,1700.220573,1347.280540,151.154294701,-33.846640896
20,path21846,cont20,19,67.285948409,-41.613084076,1700.414013,1346.852143,151.154335183,-33.846715285
20,path21846,cont20,20,67.430474407,-41.248088726,1700.823692,1345.817502,151.154420918,-33.846894947
20,path21846,cont20,21,67.716560425,-40.571096714,1701.634644,1343.898452,151.154590629,-33.847228183
20,path21846,cont20,22,67.953031776,-39.918576014,1702.304956,1342.048772,151.154730907,-33.847549373
20,path21846,cont20,23,68.197803106,-39.360373979,1702.998795,1340.466452,151.154876109,-33.847824137
20,path21846,cont20,24,68.753126474,-38.282405930,1704.572936,1337.410763,151.155205535,-33.848354747
20,path21846,cont20,25,68.773790432,-38.244729264,1704.631511,1337.303962,151.155217793,-33.848373292
20,path21846,cont20,26,68.785564390,-38.223985931,1704.664886,1337.245161,151.155224778,-33.848383503
20,path21846,cont20,27,68.819261723,-38.157522598,1704.760405,1337.056759,151.155244767,-33.848416218
20,path21846,cont20,28,69.364425091,-37.143731882,1706.305746,1334.182991,151.155568166,-33.848915238
20,path21846,cont20,29,69.638914421,-36.529308535,1707.083825,1332.441302,151.155730997,-33.849217676
20,path21846,cont20,30,69.813748440,-35.900917835,1707.579418,1330.660024,151.155834712,-33.849526988
20,path21846,cont20,31,70.034305104,-35.241454468,1708.204618,1328.790665,151.155965550,-33.849851595
20,path21846,cont20,32,70.157915790,-34.834803119,1708.555011,1327.637944,151.156038877,-33.850051761
20,path21846,cont20,33,70.217351789,-34.612129789,1708.723491,1327.006740,151.156074136,-33.850161368
20,path21846,cont20,34,70.438839786,-33.881631090,1709.351332,1324.936019,151.156205526,-33.850520941
20,path21846,cont20,35,70.589120472,-33.291340389,1709.777325,1323.262743,151.156294675,-33.850811499
20,path21846,cont20,36,70.635433138,-33.140210391,1709.908605,1322.834340,151.156322149,-33.850885890
20,path21846,cont20,37,70.749225136,-32.828131707,1710.231165,1321.949700,151.156389652,-33.851039504
20,path21846,cont20,38,71.022272487,-32.032270342,1711.005158,1319.693698,151.156551628,-33.851431251
20,path21846,cont20,39,71.251547172,-31.445620308,1711.655070,1318.030738,151.156687637,-33.851720018
20,path21846,cont20,40,71.501737169,-30.819600274,1712.364269,1316.256178,151.156836054,-33.852028164
20,path21846,cont20,41,71.848190518,-30.028818909,1713.346340,1314.014572,151.157041575,-33.852417410
20,path21846,cont20,42,71.965535871,-29.751027579,1713.678972,1313.227125,151.157111186,-33.852554148
20,path21846,cont20,43,72.015743204,-29.641640893,1713.821291,1312.917049,151.157140970,-33.852607991
20,path21846,cont20,44,72.124539869,-29.412024896,1714.129691,1312.266163,151.157205510,-33.852721015
20,path21846,cont20,45,72.568275218,-28.502289512,1715.387520,1309.687360,151.157468740,-33.853168815
20,path21846,cont20,46,72.772996569,-28.056352830,1715.967832,1308.423275,151.157590184,-33.853388319
20,path21846,cont20,47,73.109882586,-27.352100797,1716.922782,1306.426950,151.157790030,-33.853734973
20,path21846,cont20,48,73.321041250,-26.853670782,1717.521341,1305.014065,151.157915292,-33.853980316
20,path21846,cont20,49,73.539563268,-26.361678080,1718.140773,1303.619427,151.158044923,-33.854222489
20,path21846,cont20,50,73.604079267,-26.154160083,1718.323653,1303.031182,151.158083195,-33.854324636
20,path21846,cont20,51,73.810496598,-25.464470716,1718.908773,1301.076143,151.158205645,-33.854664121
20,path21846,cont20,52,74.007343950,-24.864951349,1719.466766,1299.376705,151.158322418,-33.854959223
20,path21846,cont20,53,74.074907949,-24.667000685,1719.658286,1298.815581,151.158362498,-33.855056660
20,path21846,cont20,54,74.195809301,-24.279653336,1720.000999,1297.717580,151.158434218,-33.855247324
20,path21846,cont20,55,74.427795965,-23.593011969,1720.658599,1295.771180,151.158571837,-33.855585309
20,path21846,cont20,56,74.607371317,-22.972410602,1721.167632,1294.011982,151.158678364,-33.855890787
20,path21846,cont20,57,74.812518648,-22.285089257,1721.749153,1292.063656,151.158800061,-33.856229107
20,path21846,cont20,58,74.941463334,-21.835429887,1722.114666,1290.789022,151.158876553,-33.856450443
20,path21846,cont20,59,75.104869998,-21.277733207,1722.577866,1289.208138,151.158973488,-33.856724957
20,path21846,cont20,60,75.156431998,-20.936190524,1722.724027,1288.239980,151.159004076,-33.856893074
20,path21846,cont20,61,75.416779348,-19.662814456,1723.462024,1284.630389,151.159158519,-33.857519867
20,path21846,cont20,62,75.429982057,-19.583058457,1723.499449,1284.404308,151.159166351,-33.857559125
20,path21846,cont20,63,75.434215390,-19.520828458,1723.511449,1284.227907,151.159168862,-33.857589756
20,path21846,cont20,64,75.463764056,-17.920723728,1723.595220,1279.692162,151.159186393,-33.858377372
20,path21846,cont20,65,75.465616140,-17.888465729,1723.600470,1279.600722,151.159187492,-33.858393250
20,path21846,cont20,66,75.495757472,-17.788731042,1723.685910,1279.318007,151.159205372,-33.858442343
20,path21846,cont20,67,75.875654155,-16.575634995,1724.762783,1275.879284,151.159430733,-33.859039464
20,path21846,cont20,68,75.968956821,-16.193790979,1725.027264,1274.796885,151.159486082,-33.859227419
20,path21846,cont20,69,76.161740172,-15.524252279,1725.573737,1272.898966,151.159600445,-33.859556986
20,path21846,cont20,70,76.242512171,-15.249762949,1725.802698,1272.120881,151.159648360,-33.859692098
20,path21846,cont20,71,76.454938190,-14.499028917,1726.404851,1269.992801,151.159774375,-33.860061631
20,path21846,cont20,72,76.623340187,-13.937863549,1726.882211,1268.402084,151.159874273,-33.860337853
20,path21846,cont20,73,76.856594205,-13.130995518,1727.543405,1266.114883,151.160012644,-33.860735017
20,path21846,cont20,74,76.952944871,-12.804269501,1727.816525,1265.188724,151.160069800,-33.860895841
20,path21846,cont20,75,77.005268870,-12.627062170,1727.964845,1264.686400,151.160100840,-33.860983068
20,path21846,cont20,76,77.181542222,-12.006799469,1728.464519,1262.928163,151.160205408,-33.861288380
20,path21846,cont20,77,77.390838219,-11.319904103,1729.057799,1260.981043,151.160329566,-33.861626490
20,path21846,cont20,78,77.452475552,-11.109507439,1729.232519,1260.384639,151.160366130,-33.861730053
20,path21846,cont20,79,77.608936904,-10.679914069,1729.676032,1259.166884,151.160458946,-33.861941512
20,path21846,cont20,80,77.843548235,-10.080222723,1730.341071,1257.466957,151.160598121,-33.862236698
20,path21846,cont20,81,78.066049586,-9.414748023,1730.971783,1255.580557,151.160730112,-33.862564265
20,path21846,cont20,82,78.305568937,-8.849770009,1731.650735,1253.979030,151.160872199,-33.862842364
20,path21846,cont20,83,78.765475619,-7.822601960,1732.954405,1251.067345,151.161145022,-33.863347968
20,path21846,cont20,84,78.810518285,-7.719903940,1733.082085,1250.776230,151.161171742,-33.863398519
20,path21846,cont20,85,78.825334951,-7.677316607,1733.124085,1250.655509,151.161180532,-33.863419481
20,path21846,cont20,86,78.867752951,-7.558529275,1733.244325,1250.318786,151.161205695,-33.863477952
20,path21846,cont20,87,79.297772300,-6.457362560,1734.463276,1247.197342,151.161460789,-33.864019980
20,path21846,cont20,88,79.508504984,-6.025141878,1735.060627,1245.972137,151.161585798,-33.864232732
20,path21846,cont20,89,79.801787668,-5.269158513,1735.891979,1243.829174,151.161759778,-33.864604850
20,path21846,cont20,90,79.899577667,-4.987983162,1736.169179,1243.032135,151.161817789,-33.864743253
20,path21846,cont20,91,80.140369664,-4.330297795,1736.851739,1241.167815,151.161960630,-33.865066985
20,path21846,cont20,92,80.245184350,-4.019909799,1737.148851,1240.287968,151.162022808,-33.865219767
20,path21846,cont20,93,80.553876367,-2.953202417,1738.023885,1237.264209,151.162205929,-33.865744832
20,path21846,cont20,94,80.631685033,-2.713598399,1738.244445,1236.585011,151.162252087,-33.865862772
20,path21846,cont20,95,80.653116282,-2.635451067,1738.305195,1236.363489,151.162264800,-33.865901239
20,path21846,cont20,96,80.704932282,-2.483646381,1738.452075,1235.933173,151.162295538,-33.865975961
20,path21846,cont20,97,81.063408298,-1.452665686,1739.468227,1233.010685,151.162508192,-33.866483441
20,path21846,cont20,98,81.234858296,-0.940606984,1739.954227,1231.559169,151.162609899,-33.866735491
20,path21846,cont20,99,81.519166313,-0.215865618,1740.760139,1229.504766,151.162778555,-33.867092231
20,path21846,cont20,100,81.669446999,0.180625731,1741.186131,1228.380844,151.162867704,-33.867287396
20,path21846,cont20,101,81.890257663,0.754324412,1741.812051,1226.754598,151.162998692,-33.867569788
20,path21846,cont20,102,81.967388995,1.028472429,1742.030691,1225.977480,151.163044447,-33.867704731
20,path21846,cont20,103,82.240097679,2.307862475,1742.803727,1222.350840,151.163206223,-33.868334484
20,path21846,cont20,104,82.269477012,2.419704495,1742.887007,1222.033806,151.163223652,-33.868389536
20,path21846,cont20,105,82.276753054,2.449168494,1742.907632,1221.950285,151.163227968,-33.868404039
20,path21846,cont20,106,82.294533053,2.503863160,1742.958032,1221.795244,151.163238515,-33.868430962
20,path21846,cont20,107,82.695173069,3.686733208,1744.093705,1218.442200,151.163476181,-33.869013205
20,path21846,cont20,108,82.837325755,4.144015223,1744.496657,1217.145958,151.163560509,-33.869238293
20,path21846,cont20,109,83.059152419,4.967305942,1745.125459,1214.812205,151.163692100,-33.869643541
20,path21846,cont20,110,83.069894502,5.004897941,1745.155909,1214.705644,151.163698472,-33.869662045
20,path21846,cont20,111,83.285537853,5.838943972,1745.767183,1212.341403,151.163826396,-33.870072587
20,path21846,cont20,112,83.396789852,6.371240653,1746.082544,1210.832522,151.163892393,-33.870334598
20,path21846,cont20,113,83.551557871,7.157196018,1746.521259,1208.604604,151.163984204,-33.870721468
20,path21846,cont20,114,83.628689203,7.533790701,1746.739900,1207.537085,151.164029960,-33.870906839
20,path21846,cont20,115,83.687278536,7.774072052,1746.905980,1206.855968,151.164064716,-33.871025113
20,path21846,cont20,116,83.926205220,9.228719451,1747.583258,1202.732536,151.164206452,-33.871741132
20,path21846,cont20,117,84.272150570,10.576009517,1748.563893,1198.913420,151.164411673,-33.872404307
20,path21846,cont20,118,84.339121903,10.923648200,1748.753734,1197.927982,151.164451402,-33.872575425
20,path21846,cont20,119,84.465783234,11.466104881,1749.112775,1196.390300,151.164526539,-33.872842438
20,path21846,cont20,120,84.571362566,11.970122895,1749.412057,1194.961579,151.164589171,-33.873090530
20,path21846,cont20,121,84.732649919,12.618579595,1749.869250,1193.123422,151.164684850,-33.873409719
20,path21846,cont20,122,84.980130582,13.254251629,1750.570770,1191.321502,151.164831659,-33.873722616
20,path21846,cont20,123,85.166140601,13.864949642,1751.098043,1189.590376,151.164942003,-33.874023220
20,path21846,cont20,124,85.320657265,14.313593012,1751.536043,1188.318621,151.165033665,-33.874244055
20,path21846,cont20,125,85.406083285,14.521111009,1751.778195,1187.730376,151.165084341,-33.874346202
20,path21846,cont20,126,85.612585283,15.007010357,1752.363554,1186.353011,151.165206841,-33.874585377
20,path21846,cont20,127,86.030243298,15.588919058,1753.547462,1184.703484,151.165454601,-33.874871811
20,path21846,cont20,128,86.277128649,16.008693740,1754.247292,1183.513558,151.165601057,-33.875078437
20,path21846,cont20,129,86.589122666,16.722343773,1755.131683,1181.490594,151.165786137,-33.875429718
20,path21846,cont20,130,86.725097331,17.126624455,1755.517123,1180.344593,151.165866799,-33.875628717
20,path21846,cont20,131,86.944212016,17.703707156,1756.138235,1178.708754,151.165996781,-33.875912774
20,path21846,cont20,132,87.032096015,17.972185153,1756.387355,1177.947708,151.166048916,-33.876044927
20,path21846,cont20,133,87.299216699,18.936445870,1757.144549,1175.214351,151.166207376,-33.876519564
20,path21846,cont20,134,87.414278697,19.283153220,1757.470709,1174.231551,151.166275633,-33.876690224
20,path21846,cont20,135,87.448060697,19.398723218,1757.566469,1173.903949,151.166295673,-33.876747111
20,path21846,cont20,136,87.501654696,19.602089903,1757.718390,1173.327473,151.166327466,-33.876847214
20,path21846,cont20,137,87.815511380,20.574819933,1758.608062,1170.570107,151.166513651,-33.877326021
20,path21846,cont20,138,87.931674045,21.093736634,1758.937344,1169.099152,151.166582560,-33.877581446
20,path21846,cont20,139,88.205060062,21.878506666,1759.712296,1166.874590,151.166744737,-33.877967734
20,path21846,cont20,140,88.295907395,22.095337997,1759.969816,1166.259944,151.166798629,-33.878074465
20,path21846,cont20,141,88.564213412,22.788837363,1760.730367,1164.294102,151.166957793,-33.878415826
20,path21846,cont20,142,88.636857411,23.139524046,1760.936288,1163.300024,151.167000886,-33.878588444
20,path21846,cont20,143,88.871466096,24.368873447,1761.601325,1159.815234,151.167140061,-33.879193565
20,path21846,cont20,144,88.894670054,24.483850779,1761.667100,1159.489312,151.167153826,-33.879250160
20,path21846,cont20,145,88.920996095,24.549044112,1761.741725,1159.304511,151.167169443,-33.879282250
20,path21846,cont20,146,88.985850761,24.695771443,1761.925565,1158.888587,151.167207916,-33.879354474
20,path21846,cont20,147,89.670375461,25.491122162,1763.865941,1156.634014,151.167613985,-33.879745972
20,path21846,cont20,148,90.228916162,26.179036175,1765.449199,1154.683993,151.167945319,-33.880084586
20,path21846,cont20,149,90.431862159,26.421180192,1766.024477,1153.997590,151.168065709,-33.880203778
20,path21846,cont20,150,90.672820844,26.708705543,1766.707506,1153.182546,151.168208649,-33.880345307
20,path21846,cont20,151,91.446076209,27.097238225,1768.899398,1152.081158,151.168667354,-33.880536559
20,path21846,cont20,152,91.727336226,27.238546890,1769.696665,1151.680585,151.168834200,-33.880606117
20,path21846,cont20,153,92.359962906,27.556382907,1771.489927,1150.779604,151.169209482,-33.880762569
20,path21846,cont20,154,92.562398257,27.670852239,1772.063756,1150.455115,151.169329570,-33.880818916
20,path21846,cont20,155,92.781769588,27.874303591,1772.685593,1149.878392,151.169459704,-33.880919062
20,path21846,cont20,156,93.427347622,28.497021625,1774.515569,1148.113175,151.169842669,-33.881225585
20,path21846,cont20,157,94.047102322,28.771764954,1776.272343,1147.334347,151.170210315,-33.881360826
20,path21846,cont20,158,94.372304339,29.242675657,1777.194172,1145.999465,151.170403229,-33.881592623
20,path21846,cont20,159,94.633924336,29.569488986,1777.935769,1145.073052,151.170558426,-33.881753492
20,path21846,cont20,160,95.093574371,30.213204353,1779.238709,1143.248323,151.170831096,-33.882070349
20,path21846,cont20,161,95.734244384,30.840833053,1781.054772,1141.469186,151.171211150,-33.882379290
20,path21846,cont20,162,95.874788403,31.123363071,1781.453164,1140.668305,151.171294523,-33.882518360
20,path21846,cont20,163,95.956237736,31.264587069,1781.684043,1140.267981,151.171342840,-33.882587875
20,path21846,cont20,164,96.071638401,31.603674419,1782.011163,1139.306781,151.171411297,-33.882754784
20,path21846,cont20,165,96.296595085,32.394709784,1782.648836,1137.064460,151.171544746,-33.883144154
20,path21846,cont20,166,96.525025749,32.959769818,1783.296356,1135.462701,151.171680254,-33.883422294
20,path21846,cont20,167,96.746426434,33.637777831,1783.923948,1133.540774,151.171811593,-33.883756030
20,path21846,cont20,168,97.260604448,34.493411216,1785.381456,1131.115328,151.172116610,-33.884177200
20,path21846,cont20,169,97.340950468,34.654870547,1785.609208,1130.657643,151.172164273,-33.884256675
20,path21846,cont20,170,97.358730468,34.717693213,1785.659608,1130.479562,151.172174820,-33.884287598
20,path21846,cont20,171,97.421214467,35.502463245,1785.836732,1128.255008,151.172211887,-33.884673884
20,path21846,cont20,172,97.457875133,36.313223297,1785.940657,1125.956782,151.172233636,-33.885072962
20,path21846,cont20,173,97.466844508,36.350053296,1785.966082,1125.852381,151.172238957,-33.885091091
20,path21846,cont20,174,97.512395174,36.441662629,1786.095202,1125.592699,151.172265978,-33.885136184
20,path21846,cont20,175,97.951981856,37.511926011,1787.341273,1122.558854,151.172526748,-33.885663000
20,path21846,cont20,176,98.329677206,38.045238692,1788.411901,1121.047082,151.172750802,-33.885925514
20,path21846,cont20,177,98.632019223,38.523854061,1789.268931,1119.690360,151.172930155,-33.886161104
20,path21846,cont20,178,99.108351237,39.241909406,1790.619159,1117.654902,151.173212722,-33.886514554
20,path21846,cont20,179,99.248979923,39.599115422,1791.017791,1116.642341,151.173296145,-33.886690381
20,path21846,cont20,180,99.314088589,39.740421441,1791.202350,1116.241785,151.173334769,-33.886759936
20,path21846,cont20,181,99.590437940,40.224796789,1791.985700,1114.868737,151.173498703,-33.886998361
20,path21846,cont20,182,99.841982603,40.698588804,1792.698739,1113.525690,151.173647923,-33.887231576
20,path21846,cont20,183,100.348961305,41.435606837,1794.135838,1111.436478,151.173948670,-33.887594360
20,path21846,cont20,184,100.511775303,41.720846187,1794.597357,1110.627917,151.174045253,-33.887734764
20,path21846,cont20,185,100.795575320,42.198532869,1795.401827,1109.273829,151.174213607,-33.887969897
20,path21846,cont20,186,101.032049317,42.893302235,1796.072147,1107.304388,151.174353888,-33.888311883
20,path21846,cont20,187,101.104944671,43.130874253,1796.278779,1106.630951,151.174397130,-33.888428823
20,path21846,cont20,188,101.325924668,43.663678933,1796.905179,1105.120625,151.174528219,-33.888691085
20,path21846,cont20,189,101.488990020,44.129424969,1797.367411,1103.800389,151.174624952,-33.888920339
20,path21846,cont20,190,101.850175370,44.826059648,1798.391241,1101.825656,151.174839212,-33.889263245
20,path21846,cont20,191,102.066837367,45.244138351,1799.005399,1100.640538,151.174967739,-33.889469036
20,path21846,cont20,192,102.482886716,46.046688383,1800.184749,1098.365570,151.175214546,-33.889864076
20,path21846,cont20,193,102.596506735,46.407196399,1800.506821,1097.343649,151.175281947,-33.890041529
20,path21846,cont20,194,102.644682068,46.521327064,1800.643381,1097.020127,151.175310525,-33.890097707
20,path21846,cont20,195,102.751362067,46.791072415,1800.945781,1096.255487,151.175373810,-33.890230484
20,path21846,cont20,196,103.078426750,47.618260446,1801.872893,1093.910682,151.175567829,-33.890637651
20,path21846,cont20,197,103.315067434,48.216597126,1802.543684,1092.214595,151.175708208,-33.890932171
20,path21846,cont20,198,103.575671431,48.813999827,1803.282403,1090.521154,151.175862803,-33.891226230
20,path21846,cont20,199,103.934824781,49.675308524,1804.300474,1088.079627,151.176075858,-33.891650193
20,path21846,cont20,200,104.035321467,49.911864542,1804.585346,1087.409069,151.176135474,-33.891766633
20,path21846,cont20,201,104.066986800,50.015665874,1804.675106,1087.114826,151.176154258,-33.891817727
20,path21846,cont20,202,104.170280132,50.229700559,1804.967906,1086.508108,151.176215533,-33.891923081
20,path21846,cont20,203,104.532820148,51.242898609,1805.995578,1083.636027,151.176430598,-33.892421808
20,path21846,cont20,204,104.663206813,51.607131958,1806.365178,1082.603546,151.176507945,-33.892601094
20,path21846,cont20,205,104.913817498,52.354225324,1807.075570,1080.485785,151.176656612,-33.892968836
20,path21846,cont20,206,104.960807497,52.508233989,1807.208770,1080.049222,151.176684487,-33.893044643
20,path21846,cont20,207,105.253497514,53.302402020,1808.038442,1077.798018,151.176858115,-33.893435557
20,path21846,cont20,208,105.426556179,53.735554036,1808.529002,1076.570175,151.176960776,-33.893648767
20,path21846,cont20,209,105.857676194,54.838837418,1809.751073,1073.442730,151.177216523,-33.894191837
20,path21846,cont20,210,105.897720881,54.957537437,1809.864586,1073.106255,151.177240278,-33.894250264
20,path21846,cont20,211,105.913886923,54.997754103,1809.910411,1072.992254,151.177249868,-33.894270060
20,path21846,cont20,212,105.942758256,55.083182769,1809.992251,1072.750092,151.177266995,-33.894312111
20,path21846,cont20,213,106.358130271,56.190276151,1811.169682,1069.611848,151.177513400,-33.894857055
20,path21846,cont20,214,106.509344936,56.693108832,1811.598323,1068.186486,151.177603103,-33.895104564
20,path21846,cont20,215,106.734132287,57.507935530,1812.235516,1065.876724,151.177736451,-33.895505646
20,path21846,cont20,216,106.756224995,57.595816883,1812.298141,1065.627610,151.177749557,-33.895548904
20,path21846,cont20,217,106.966621659,58.388460915,1812.894543,1063.380730,151.177874368,-33.895939066
20,path21846,cont20,218,107.077871012,58.857850263,1813.209896,1062.050169,151.177940363,-33.896170113
20,path21846,cont20,219,107.545228360,60.083730977,1814.534688,1058.575202,151.178217607,-33.896773529
20,path21846,cont20,220,107.856714377,61.466157709,1815.417643,1054.656488,151.178402386,-33.897453999
20,path21846,cont20,221,107.927326376,61.779167726,1815.617804,1053.769210,151.178444274,-33.897608072
20,path21846,cont20,222,108.103856374,62.340335740,1816.118204,1052.178485,151.178548995,-33.897884295
20,path21846,cont20,223,108.247871727,62.768574443,1816.526437,1050.964571,151.178634427,-33.898095087
20,path21846,cont20,224,108.456236391,63.474522455,1817.117078,1048.963444,151.178758032,-33.898442576
20,path21846,cont20,225,108.606009076,64.104267822,1817.541631,1047.178328,151.178846880,-33.898752555
20,path21846,cont20,226,108.750704408,64.685583856,1817.951793,1045.530492,151.178932716,-33.899038695
20,path21846,cont20,227,108.867967740,65.169959204,1818.284194,1044.157450,151.179002279,-33.899277119
20,path21846,cont20,228,108.959151093,65.444869222,1818.542666,1043.378172,151.179056370,-33.899412438
20,path21846,cont20,229,109.232878422,66.162329254,1819.318585,1041.344410,151.179218749,-33.899765593
20,path21846,cont20,230,109.421597774,66.675745269,1819.853538,1039.889045,151.179330701,-33.900018312
20,path21846,cont20,231,109.478070440,66.865313933,1820.013618,1039.351681,151.179364201,-33.900111623
20,path21846,cont20,232,109.566462439,67.200506616,1820.264178,1038.401522,151.179416637,-33.900276615
20,path21846,cont20,233,109.772030457,68.019140668,1820.846892,1036.080970,151.179538583,-33.900679571
20,path21846,cont20,234,109.919943122,68.560750682,1821.266173,1034.545686,151.179626328,-33.900946167
20,path21846,cont20,235,110.151334473,69.333498048,1821.922086,1032.355205,151.179763593,-33.901326536
20,path21846,cont20,236,110.215596473,69.547956066,1822.104246,1031.747289,151.179801714,-33.901432099
20,path21846,cont20,237,110.427768491,70.256187432,1822.705679,1029.739689,151.179927578,-33.901780711
20,path21846,cont20,238,110.536480489,70.642095448,1823.013840,1028.645769,151.179992068,-33.901970666
20,path21846,cont20,239,110.920610505,71.901758161,1824.102713,1025.075045,151.180219940,-33.902590709
20,path21846,cont20,240,110.932622589,71.939519494,1824.136763,1024.968004,151.180227066,-33.902609297
20,path21846,cont20,241,110.936353213,71.951716785,1824.147338,1024.933429,151.180229279,-33.902615301
20,path21846,cont20,242,110.943708630,71.974920743,1824.168188,1024.867653,151.180233642,-33.902626722
20,path21846,cont20,243,111.356963979,73.208842145,1825.339621,1021.369896,151.180478792,-33.903234095
20,path21846,cont20,244,111.488194665,73.647158827,1825.711614,1020.127415,151.180556640,-33.903449847
20,path21846,cont20,245,111.707565995,74.437686192,1826.333455,1017.886534,151.180686775,-33.903838968
20,path21846,cont20,246,111.732198703,74.527432857,1826.403280,1017.632132,151.180701388,-33.903883144
20,path21846,cont20,247,111.960372721,75.342682889,1827.050074,1015.321171,151.180836744,-33.904284434
20,path21846,cont20,248,112.107946720,75.845428257,1827.468394,1013.896056,151.180924288,-33.904531900
20,path21846,cont20,249,112.457702069,77.038119638,1828.459828,1010.515174,151.181131768,-33.905118978
20,path21846,cont20,250,112.492500069,77.154705637,1828.558468,1010.184692,151.181152411,-33.905176365
20,path21846,cont20,251,112.608490755,77.522579653,1828.887260,1009.141891,151.181221219,-33.905357444
20,path21846,cont20,252,112.910920084,78.429864995,1829.744541,1006.570039,151.181400625,-33.905804037
20,path21846,cont20,253,113.006506104,78.733633117,1830.015493,1005.708957,151.181457328,-33.905953560
20,path21846,cont20,254,113.171098102,79.298862485,1830.482054,1004.106721,151.181554966,-33.906231783
20,path21846,cont20,255,113.296150767,79.738467687,1830.836534,1002.860587,151.181629150,-33.906448169
20,path21846,cont20,256,113.501126119,80.429162470,1831.417567,1000.902698,151.181750745,-33.906788150
20,path21846,cont20,257,113.690440783,81.037836421,1831.954208,999.177310,151.181863049,-33.907087757
20,path21846,cont20,258,113.926827467,81.753507870,1832.624280,997.148619,151.182003278,-33.907440032
20,path21846,cont20,259,114.045699466,82.124771199,1832.961241,996.096211,151.182073794,-33.907622779
20,path21846,cont20,260,114.110212819,82.311805155,1833.144113,995.566032,151.182112065,-33.907714842
20,path21846,cont20,261,114.296394817,82.945191189,1833.671874,993.770594,151.182222511,-33.908026614
20,path21846,cont20,262,114.508228168,83.607522639,1834.272346,991.893105,151.182348174,-33.908352633
20,path21846,cont20,263,114.574860834,83.820300553,1834.461227,991.289950,151.182387702,-33.908457368
20,path21846,cont20,264,114.705670833,84.231357214,1834.832027,990.124742,151.182465300,-33.908659703
20,path21846,cont20,265,114.926309517,84.883184706,1835.457459,988.277027,151.182596187,-33.908980552
20,path21846,cont20,266,115.115878182,85.515909281,1835.994820,986.483464,151.182708642,-33.909291997
20,path21846,cont20,267,115.347692866,86.155565940,1836.651932,984.670249,151.182846158,-33.909606855
20,path21846,cont20,268,115.553517530,86.778606765,1837.235372,982.904136,151.182968256,-33.909913535
20,path21846,cont20,269,115.703120883,87.211491551,1837.659445,981.677051,151.183057004,-33.910126613
20,path21846,cont20,270,115.769753548,87.427153424,1837.848325,981.065721,151.183096531,-33.910232769
20,path21846,cont20,271,115.984465567,88.136316123,1838.456958,979.055482,151.183223902,-33.910581839
20,path21846,cont20,272,116.200873564,88.689692158,1839.070397,977.486843,151.183352278,-33.910854228
20,path21846,cont20,273,116.282407563,88.907100280,1839.301517,976.870563,151.183400646,-33.910961243
20,path21846,cont20,274,116.457749581,89.382503607,1839.798549,975.522952,151.183504661,-33.911195250
20,path21846,cont20,275,116.659679579,89.924449642,1840.370949,973.986714,151.183624449,-33.911462013
20,path21846,cont20,276,116.907072930,90.602709009,1841.072221,972.064073,151.183771207,-33.911795872
20,path21846,cont20,277,117.126272281,91.151428377,1841.693573,970.508635,151.183901239,-33.912065968
20,path21846,cont20,278,117.463412298,92.088265032,1842.649245,967.853013,151.184101236,-33.912527107
20,path21846,cont20,279,117.542744964,92.298317737,1842.874125,967.257583,151.184148297,-33.912630502
20,path21846,cont20,280,117.579151630,92.392138986,1842.977325,966.991631,151.184169894,-33.912676683
20,path21846,cont20,281,117.672623629,92.647408983,1843.242284,966.268025,151.184225344,-33.912802335
20,path21846,cont20,282,118.110855644,93.553739180,1844.484514,963.698874,151.184485309,-33.913248459
20,path21846,cont20,283,118.314560996,93.993926466,1845.061946,962.451087,151.184606150,-33.913465132
20,path21846,cont20,284,118.656696345,94.701131249,1846.031776,960.446392,151.184809110,-33.913813240
20,path21846,cont20,285,118.890630342,95.217439159,1846.694895,958.982828,151.184947883,-33.914067383
20,path21846,cont20,286,119.109745027,95.689614570,1847.316006,957.644365,151.185077865,-33.914299802
20,path21846,cont20,287,119.190347693,95.860720609,1847.544485,957.159336,151.185125680,-33.914384026
20,path21846,cont20,288,119.360694378,96.238175188,1848.027357,956.089375,151.185226732,-33.914569820
20,path21846,cont20,289,119.792153060,96.951915179,1849.250386,954.066152,151.185482679,-33.914921146
20,path21846,cont20,290,120.041919724,97.385223298,1849.958383,952.837863,151.185630845,-33.915134434
20,path21846,cont20,291,120.418091073,98.018768082,1851.024693,951.041967,151.185853995,-33.915446284
20,path21846,cont20,292,121.048852440,99.080911402,1852.812672,948.031132,151.186228171,-33.915969105
20,path21846,cont20,293,121.799163139,100.022907432,1854.939528,945.360869,151.186673266,-33.916432787
20,path21846,cont20,294,122.383696507,100.776520131,1856.596466,943.224614,151.187020019,-33.916803740
20,path21846,cont20,295,122.540922505,100.973449503,1857.042144,942.666380,151.187113287,-33.916900675
20,path21846,cont20,296,122.737007856,101.225332833,1857.597974,941.952370,151.187229608,-33.917024660
20,path21846,cont20,297,123.386229202,101.819957409,1859.438277,940.266789,151.187614734,-33.917317355
20,path21846,cont20,298,124.098355235,102.472128859,1861.456892,938.418079,151.188037177,-33.917638377
20,path21846,cont20,299,124.273951254,102.623946774,1861.954642,937.987721,151.188141343,-33.917713107
20,path21846,cont20,300,124.425081252,102.762800106,1862.383040,937.594113,151.188230995,-33.917781455
20,path21846,cont20,301,125.227631283,103.361631556,1864.657972,935.896600,151.188707078,-33.918076222
20,path21846,cont20,302,125.550462634,103.602428845,1865.573080,935.214010,151.188898585,-33.918194752
20,path21846,cont20,303,126.113152001,104.022269673,1867.168096,934.023883,151.189232380,-33.918401413
20,path21846,cont20,304,126.203576000,104.076800297,1867.424415,933.869304,151.189286021,-33.918428255
20,path21846,cont20,305,126.354282665,104.167658213,1867.851612,933.611747,151.189375422,-33.918472979
20,path21846,cont20,306,127.277395383,104.693782165,1870.468294,932.120330,151.189923024,-33.918731958
20,path21846,cont20,307,127.801225397,104.970800911,1871.953157,931.335056,151.190233766,-33.918868318
20,path21846,cont20,308,128.426398764,105.235119658,1873.725291,930.585778,151.190604627,-33.918998427
20,path21846,cont20,309,129.182382129,105.554736320,1875.868223,929.679745,151.191053085,-33.919155757
20,path21846,cont20,310,129.489296146,105.684540902,1876.738210,929.311781,151.191235150,-33.919219652
20,path21846,cont20,311,129.627133478,105.724572360,1877.128927,929.198300,151.191316917,-33.919239358
20,path21846,cont20,312,130.164507513,105.862922983,1878.652182,928.806102,151.191635694,-33.919307462
20,path21846,cont20,313,130.980604211,106.060460897,1880.965511,928.246117,151.192119812,-33.919404701
20,path21846,cont20,314,131.177369542,106.110996313,1881.523267,928.102858,151.192236536,-33.919429577
20,path21846,cont20,315,131.475224226,106.162060896,1882.367574,927.958096,151.192413227,-33.919454715
20,path21846,cont20,316,132.392748943,106.337479644,1884.968414,927.460807,151.192957513,-33.919541067
20,path21846,cont20,317,132.865355625,106.414685060,1886.308077,927.241937,151.193237869,-33.919579073
20,path21846,cont20,318,133.521770991,106.521973600,1888.168769,926.937784,151.193627262,-33.919631888
20,path21846,cont20,319,133.844435654,106.574625683,1889.083402,926.788520,151.193818671,-33.919657807
20,path21846,cont20,320,134.553344353,106.690460264,1891.092893,926.460140,151.194239204,-33.919714829
20,path21846,cont20,321,135.311275052,106.796611096,1893.241343,926.159208,151.194688817,-33.919767085
20,path21846,cont20,322,135.511424404,106.824656929,1893.808692,926.079700,151.194807548,-33.919780892
20,path21846,cont20,323,136.241415103,106.926839011,1895.877942,925.790019,151.195240588,-33.919831194
20,path21846,cont20,324,136.771002450,107.025713802,1897.379124,925.509721,151.195554745,-33.919879866
20,path21846,cont20,325,137.543580482,107.169911717,1899.569094,925.100938,151.196013048,-33.919950850
20,path21846,cont20,326,137.929488498,107.242037132,1900.662999,924.896472,151.196241973,-33.919986355
20,path21846,cont20,327,138.191698516,107.294027757,1901.406266,924.749086,151.196397519,-33.920011948
20,path21846,cont20,328,139.429940563,107.557261712,1904.916220,924.002858,151.197132059,-33.920141528
20,path21846,cont20,329,139.586571248,107.588323795,1905.360209,923.914801,151.197224974,-33.920156818
20,path21846,cont20,330,139.617474581,107.593350878,1905.447809,923.900550,151.197243306,-33.920159293
20,path21846,cont20,331,139.665057247,107.604992545,1905.582688,923.867548,151.197271533,-33.920165024
20,path21846,cont20,332,141.010569314,107.853304000,1909.396711,923.163615,151.198069707,-33.920287259
20,path21846,cont20,333,141.305547977,107.938473374,1910.232866,922.922178,151.198244691,-33.920329184
20,path21846,cont20,334,141.889912011,108.143790038,1911.889320,922.340152,151.198591343,-33.920430250
20,path21846,cont20,335,142.274719360,108.279018578,1912.980105,921.956810,151.198819616,-33.920496816
20,path21846,cont20,336,142.993703393,108.531642741,1915.018157,921.240679,151.199246126,-33.920621170
20,path21846,cont20,337,143.510760074,108.732805447,1916.483820,920.670431,151.199552850,-33.920720191
20,path21846,cont20,338,144.610064123,109.179845441,1919.599938,919.403182,151.200204971,-33.920940245
20,path21846,cont20,339,144.681858809,109.208552733,1919.803449,919.321804,151.200247560,-33.920954376
20,path21846,cont20,340,144.710222142,109.223369399,1919.883849,919.279802,151.200264386,-33.920961669
20,path21846,cont20,341,144.752216808,109.251917940,1920.002888,919.198875,151.200289297,-33.920975722
20,path21846,cont20,342,145.717496171,109.907237932,1922.739097,917.341230,151.200861913,-33.921298295
20,path21846,cont20,343,146.370186205,110.398701468,1924.589232,915.948074,151.201249097,-33.921540211
20,path21846,cont20,344,146.660336222,110.655850006,1925.411701,915.219135,151.201421218,-33.921666789
20,path21846,cont20,345,146.950570906,110.947262086,1926.234409,914.393071,151.201593389,-33.921810232
20,path21846,cont20,346,147.482020920,111.526196870,1927.740875,912.751969,151.201908652,-33.922095203
20,path21846,cont20,347,148.058595621,112.134103529,1929.375252,911.028741,151.202250684,-33.922394436
20,path21846,cont20,348,148.294138284,112.406148109,1930.042929,910.257579,151.202390411,-33.922528345
20,path21846,cont20,349,148.492763636,112.642712064,1930.605959,909.586994,151.202508238,-33.922644790
20,path21846,cont20,350,149.066462316,113.326210181,1932.232184,907.649489,151.202848564,-33.922981231
20,path21846,cont20,351,149.747177016,114.162875587,1934.161761,905.277804,151.203252373,-33.923393065
20,path21846,cont20,352,149.822191682,114.262967461,1934.374400,904.994076,151.203296873,-33.923442334
20,path21846,cont20,353,149.877055681,114.338320793,1934.529919,904.780473,151.203329419,-33.923479425
20,path21846,cont20,354,150.207676365,114.800759537,1935.467108,903.469605,151.203525548,-33.923707052
20,path21846,cont20,355,150.528475715,115.249307657,1936.376457,902.198113,151.203715850,-33.923927842
20,path21846,cont20,356,151.089387083,116.033823688,1937.966436,899.974259,151.204048590,-33.924314007
20,path21846,cont20,357,151.241448414,116.229059728,1938.397474,899.420826,151.204138795,-33.924410108
20,path21846,cont20,358,151.435840432,116.486023058,1938.948505,898.692416,151.204254111,-33.924536594
20,path21846,cont20,359,151.974233113,117.188756382,1940.474651,896.700388,151.204573493,-33.924882502
20,path21846,cont20,360,152.388335129,117.729432417,1941.648478,895.167741,151.204819144,-33.925148641
20,path21846,cont20,361,152.705409146,118.150225745,1942.547267,893.974925,151.205007237,-33.925355769
20,path21846,cont20,362,153.124421828,118.630206364,1943.735014,892.614329,151.205255801,-33.925592032
20,path21846,cont20,363,153.505334510,119.042533025,1944.814762,891.445510,151.205481763,-33.925794993
20,path21846,cont20,364,153.828081194,119.424961771,1945.729630,890.361443,151.205673221,-33.925983237
20,path21846,cont20,365,154.279859876,119.960399056,1947.010257,888.843645,151.205941222,-33.926246797
20,path21846,cont20,366,154.813085244,120.573544465,1948.521755,887.105568,151.206257538,-33.926548608
20,path21846,cont20,367,155.076991241,120.855563836,1949.269832,886.306130,151.206414091,-33.926687427
20,path21846,cont20,368,155.357827925,121.120491124,1950.065900,885.555141,151.206580687,-33.926817834
20,path21846,cont20,369,155.956161959,121.668284451,1951.761957,884.002312,151.206935626,-33.927087477
20,path21846,cont20,370,156.501666639,122.109477153,1953.308261,882.751661,151.207259227,-33.927304648
20,path21846,cont20,371,156.888336655,122.427638608,1954.404328,881.849768,151.207488604,-33.927461259
20,path21846,cont20,372,157.375080024,122.815835270,1955.784065,880.749344,151.207777347,-33.927652343
20,path21846,cont20,373,157.808994040,123.198687348,1957.014051,879.664073,151.208034750,-33.927840796
20,path21846,cont20,374,158.190245389,123.475124011,1958.094758,878.880455,151.208260913,-33.927976869
20,path21846,cont20,375,158.814574735,123.884328589,1959.864500,877.720476,151.208631273,-33.928178295
20,path21846,cont20,376,159.878657451,124.511020665,1962.880780,875.943977,151.209262500,-33.928486778
20,path21846,cont20,377,161.183868185,124.895566077,1966.580565,874.853871,151.210036767,-33.928676071
20,path21846,cont20,378,161.566982201,124.970416701,1967.666550,874.641679,151.210264035,-33.928712917
20,path21846,cont20,379,162.101903548,125.047727950,1969.182852,874.422507,151.210581357,-33.928750975
20,path21846,cont20,380,162.610067583,125.158376698,1970.623307,874.108835,151.210882806,-33.928805443
20,path21846,cont20,381,163.255224929,125.236772739,1972.452087,873.886583,151.211265520,-33.928844037
20,path21846,cont20,382,163.989279628,125.247091489,1974.532856,873.857303,151.211700970,-33.928849121
20,path21846,cont20,383,164.193069647,125.263495655,1975.110525,873.810794,151.211821861,-33.928857197
20,path21846,cont20,384,164.943380346,125.272756072,1977.237374,873.784513,151.212266954,-33.928861761
20,path21846,cont20,385,165.666851711,125.236164197,1979.288144,873.888209,151.212696125,-33.928843754
20,path21846,cont20,386,165.895282375,125.248864197,1979.935659,873.852200,151.212831633,-33.928850007
20,path21846,cont20,387,166.631538408,125.218384198,1982.022668,873.938570,151.213268389,-33.928835009
20,path21846,cont20,388,167.278386441,125.158508990,1983.856239,874.108269,151.213652106,-33.928805542
20,path21846,cont20,389,167.684529790,125.146602740,1985.007503,874.142002,151.213893035,-33.928799684
20,path21846,cont20,390,168.319693824,125.094188783,1986.807955,874.290551,151.214269822,-33.928773889
20,path21846,cont20,391,168.849873838,125.040769408,1988.310816,874.441955,151.214584331,-33.928747598
20,path21846,cont20,392,169.505950538,125.012062117,1990.170547,874.523304,151.214973523,-33.928733472
20,path21846,cont20,393,170.007851886,124.966421492,1991.593248,874.652658,151.215271257,-33.928711010
20,path21846,cont20,394,170.410015902,124.911652743,1992.733232,874.807892,151.215509825,-33.928684055
20,path21846,cont20,395,171.359713952,124.844951286,1995.425269,874.996929,151.216073197,-33.928651229
20,path21846,cont20,396,171.695922635,124.804126078,1996.378295,875.112640,151.216272640,-33.928631136
20,path21846,cont20,397,171.948311320,124.760522745,1997.093721,875.236230,151.216422360,-33.928609675
20,path21846,cont20,398,173.267579366,124.623362747,2000.833350,875.624978,151.217204965,-33.928542171
20,path21846,cont20,399,173.383996031,124.605371080,2001.163348,875.675973,151.217274024,-33.928533316
20,path21846,cont20,400,173.477211384,124.599814830,2001.427578,875.691719,151.217329321,-33.928530581
20,path21846,cont20,401,174.552639433,124.505755457,2004.476013,875.958301,151.217967277,-33.928484290
20,path21846,cont20,402,175.022282781,124.455458166,2005.807275,876.100857,151.218245875,-33.928459536
20,path21846,cont20,403,175.072066780,124.452018582,2005.948394,876.110605,151.218275407,-33.928457843
20,path21846,cont20,404,175.133788780,124.443551916,2006.123352,876.134602,151.218312021,-33.928453676
20,path21846,cont20,405,176.460081513,124.203521919,2009.882893,876.814950,151.219098793,-33.928335536
20,path21846,cont20,406,176.760137530,124.165660044,2010.733439,876.922263,151.219276790,-33.928316902
20,path21846,cont20,407,177.158999546,124.103959212,2011.864063,877.097147,151.219513399,-33.928286534
20,path21846,cont20,408,177.920994245,123.974657338,2014.024031,877.463642,151.219965423,-33.928222893
20,path21846,cont20,409,178.448210925,123.895917339,2015.518492,877.686821,151.220278174,-33.928184139
20,path21846,cont20,410,179.150430958,123.798312549,2017.509021,877.963468,151.220694739,-33.928136100
20,path21846,cont20,411,179.397062309,123.761138591,2018.208128,878.068833,151.220841044,-33.928117804
20,path21846,cont20,412,180.136197008,123.661152551,2020.303297,878.352229,151.221279507,-33.928068593
20,path21846,cont20,413,180.847479020,123.521796511,2022.319514,878.747226,151.221701447,-33.928000004
20,path21846,cont20,414,181.180555037,123.453798595,2023.263659,878.939963,151.221899032,-33.927966536
20,path21846,cont20,415,181.824270404,123.325872555,2025.088349,879.302562,151.222280891,-33.927903571
20,path21846,cont20,416,182.262079086,123.246365264,2026.329372,879.527920,151.222540604,-33.927864439
20,path21846,cont20,417,183.289162469,123.030227142,2029.240767,880.140555,151.223149882,-33.927758057
20,path21846,cont20,418,183.512256487,122.987708601,2029.873154,880.261071,151.223282224,-33.927737130
20,path21846,cont20,419,183.683283151,122.977919018,2030.357951,880.288814,151.223383679,-33.927732312
20,path21846,cont20,420,184.844891282,122.805437145,2033.650673,880.777693,151.224072758,-33.927647420
20,path21846,cont20,421,185.161385862,122.766252354,2034.547816,880.888755,151.224260506,-33.927628135
20,path21846,cont20,422,185.200253153,122.761225270,2034.657990,880.903004,151.224283562,-33.927625661
20,path21846,cont20,423,185.251793986,122.753552354,2034.804089,880.924752,151.224314137,-33.927621884
20,path21846,cont20,424,186.665886051,122.581255689,2038.812508,881.413095,151.225152993,-33.927537085
20,path21846,cont20,425,186.888321257,122.545510481,2039.443028,881.514411,151.225284944,-33.927519492
20,path21846,cont20,426,187.171769378,122.519581315,2040.246497,881.587900,151.225453088,-33.927506731
20,path21846,cont20,427,188.268361448,122.494445899,2043.354924,881.659105,151.226103599,-33.927494366
20,path21846,cont20,428,188.576389360,122.461849232,2044.228067,881.751493,151.226286325,-33.927478324
20,path21846,cont20,429,188.976439355,122.401656525,2045.362058,881.922102,151.226523639,-33.927448698
20,path21846,cont20,430,189.761034762,122.297516526,2047.586091,882.217271,151.226989070,-33.927397443
20,path21846,cont20,431,190.264457464,122.218591319,2049.013105,882.440976,151.227287706,-33.927358597
20,path21846,cont20,432,190.887948081,122.176257986,2050.780467,882.560950,151.227657568,-33.927337764
20,path21846,cont20,433,191.321335576,122.168320486,2052.008957,882.583433,151.227914659,-33.927333860
20,path21846,cont20,434,191.952525568,122.120589653,2053.798144,882.718707,151.228289088,-33.927310370
20,path21846,cont20,435,192.660682851,122.090268404,2055.805504,882.804628,151.228709175,-33.927295450
20,path21846,cont20,436,192.969530972,122.127442362,2056.680973,882.699240,151.228892387,-33.927313751
20,path21846,cont20,437,193.640593672,122.087225695,2058.583183,882.813213,151.229290469,-33.927293960
20,path21846,cont20,438,194.291442205,122.147074445,2060.428095,882.643536,151.229676560,-33.927323424
20,path21846,cont20,439,194.776396991,122.245631735,2061.802761,882.364140,151.229964241,-33.927371940
20,path21846,cont20,440,195.328846984,122.308020484,2063.368750,882.187267,151.230291961,-33.927402653
20,path21846,cont20,441,195.769272395,122.357735692,2064.617191,882.046324,151.230553227,-33.927427127
20,path21846,cont20,442,196.710342383,122.799695686,2067.284774,880.793481,151.231111481,-33.927644679
20,path21846,cont20,443,196.747331132,123.071052350,2067.389625,880.024278,151.231133424,-33.927778248
20,path21846,cont20,444,196.668696967,124.144784420,2067.166735,876.980622,151.231086779,-33.928306768
20,path21846,cont20,445,196.701611133,124.495727748,2067.260036,875.985818,151.231106304,-33.928479512
20,path21846,cont20,446,195.849705727,125.017935867,2064.845208,874.505573,151.230600945,-33.928736551
20,path21846,cont20,447,195.330460942,125.396316487,2063.373346,873.433016,151.230292923,-33.928922797
20,path21846,cont20,448,194.881727614,125.741650649,2062.101358,872.454132,151.230026730,-33.929092777
20,path21846,cont20,449,194.448393036,126.192844602,2060.873021,871.175171,151.229769672,-33.929314864
20,path21846,cont20,450,193.900705543,126.452189182,2059.320534,870.440041,151.229444777,-33.929442516
20,path21846,cont20,451,193.642895546,126.576225847,2058.589740,870.088451,151.229291842,-33.929503569
20,path21846,cont20,452,192.986570138,126.853165219,2056.729306,869.303450,151.228902502,-33.929639881
20,path21846,cont20,453,192.706905558,126.949261884,2055.936562,869.031061,151.228736602,-33.929687180
20,path21846,cont20,454,191.955065568,127.364631254,2053.805381,867.853663,151.228290602,-33.929891631
20,path21846,cont20,455,191.641798905,127.575371876,2052.917389,867.256299,151.228104769,-33.929995361
20,path21846,cont20,456,191.181556203,127.890490622,2051.612776,866.363066,151.227831748,-33.930150468
20,path21846,cont20,457,190.559018085,128.183860619,2049.848116,865.531489,151.227462452,-33.930294868
20,path21846,cont20,458,190.267341422,128.319142075,2049.021323,865.148024,151.227289426,-33.930361456
20,path21846,cont20,459,189.607444139,128.554356656,2047.150764,864.481300,151.226897968,-33.930477230
20,path21846,cont20,460,189.331113309,128.646643321,2046.367470,864.219710,151.226734045,-33.930522654
20,path21846,cont20,461,188.579432069,128.934166026,2044.236738,863.404714,151.226288140,-33.930664175
20,path21846,cont20,462,188.160332074,129.166840606,2043.048748,862.745179,151.226039525,-33.930778701
20,path21846,cont20,463,187.305040001,129.588374768,2040.624319,861.550310,151.225532157,-33.930986186
20,path21846,cont20,464,187.037916671,129.735536016,2039.867126,861.133170,151.225373696,-33.931058620
20,path21846,cont20,465,186.891707923,129.809857473,2039.452679,860.922500,151.225286964,-33.931095202
20,path21846,cont20,466,186.478375845,130.004167471,2038.281040,860.371716,151.225041770,-33.931190844
20,path21846,cont20,467,185.898144602,130.286795384,2036.636304,859.570587,151.224697571,-33.931329957
20,path21846,cont20,468,185.203877944,130.593209338,2034.668320,858.702038,151.224285724,-33.931480778
20,path21846,cont20,469,184.738211284,130.817814127,2033.348332,858.065380,151.224009486,-33.931591331
20,path21846,cont20,470,183.596330486,131.286179538,2030.111531,856.737773,151.223332110,-33.931821865
20,path21846,cont20,471,183.542143820,131.312637871,2029.957933,856.662775,151.223299965,-33.931834888
20,path21846,cont20,472,183.515897153,131.323221204,2029.883533,856.632776,151.223284396,-33.931840098
20,path21846,cont20,473,183.452823133,131.349785370,2029.704742,856.557479,151.223246979,-33.931853173
20,path21846,cont20,474,182.392547772,131.854054739,2026.699263,855.128093,151.222618012,-33.932101380
20,path21846,cont20,475,181.827995737,132.051089945,2025.098971,854.569589,151.222283114,-33.932198362
20,path21846,cont20,476,181.141608371,132.293739317,2023.153322,853.881790,151.221875941,-33.932317796
20,path21846,cont20,477,180.636574356,132.484821398,2021.721742,853.340160,151.221576350,-33.932411848
20,path21846,cont20,478,180.140091675,132.666854729,2020.314401,852.824178,151.221281831,-33.932501447
20,path21846,cont20,479,179.918690990,132.761602019,2019.686814,852.555612,151.221150493,-33.932548082
20,path21846,cont20,480,179.372762976,132.984195975,2018.139314,851.924657,151.220826643,-33.932657645
20,path21846,cont20,481,178.759019609,133.292885346,2016.399584,851.049655,151.220462564,-33.932809586
20,path21846,cont20,482,178.452105592,133.417583469,2015.529599,850.696191,151.220280499,-33.932870964
20,path21846,cont20,483,177.608238228,133.832952839,2013.137555,849.518798,151.219779907,-33.933075414
20,path21846,cont20,484,176.764201530,134.201358668,2010.745030,848.474529,151.219279216,-33.933256748
20,path21846,cont20,485,176.434342847,134.350028041,2009.810006,848.053116,151.219083540,-33.933329924
20,path21846,cont20,486,175.586583461,134.681815537,2007.406928,847.112648,151.218580640,-33.933493233
20,path21846,cont20,487,175.241908112,134.848450118,2006.429904,846.640311,151.218376174,-33.933575253
20,path21846,cont20,488,175.076215447,134.911791367,2005.960228,846.460767,151.218277884,-33.933606430
20,path21846,cont20,489,174.716554097,135.043686157,2004.940724,846.086906,151.218064529,-33.933671350
20,path21846,cont20,490,174.022716065,135.320043445,2002.973956,845.303557,151.217652936,-33.933807375
20,path21846,cont20,491,173.388229364,135.530784068,2001.175425,844.706206,151.217276552,-33.933911103
20,path21846,cont20,492,172.795819351,135.783752190,1999.496167,843.989154,151.216925128,-33.934035617
20,path21846,cont20,493,171.993777319,136.084398227,1997.222681,843.136959,151.216449347,-33.934183597
20,path21846,cont20,494,171.700240635,136.201000101,1996.390615,842.806445,151.216275218,-33.934240990
20,path21846,cont20,495,171.571970637,136.250688850,1996.027018,842.665600,151.216199127,-33.934265447
20,path21846,cont20,496,171.167097288,136.379726140,1994.879355,842.299840,151.215958952,-33.934328960
20,path21846,cont20,497,170.377927235,136.747523427,1992.642357,841.257295,151.215490807,-33.934509994
20,path21846,cont20,498,170.012169886,136.881270301,1991.605573,840.878184,151.215273836,-33.934575825
20,path21846,cont20,499,169.174906521,137.235282796,1989.232248,839.874715,151.214777162,-33.934750074
20,path21846,cont20,500,169.154851105,137.241897380,1989.175399,839.855966,151.214765265,-33.934753330
20,path21846,cont20,501,168.324191740,137.551010084,1986.820793,838.979772,151.214272509,-33.934905478
20,path21846,cont20,502,167.949036391,137.700023415,1985.757370,838.557386,151.214049962,-33.934978823
20,path21846,cont20,503,166.738395677,138.077398619,1982.325660,837.487708,151.213331797,-33.935164569
20,path21846,cont20,504,166.669394990,138.110841952,1982.130069,837.392910,151.213290865,-33.935181030
20,path21846,cont20,505,166.636120991,138.125129452,1982.035750,837.352412,151.213271126,-33.935188063
20,path21846,cont20,506,166.549591659,138.164314243,1981.790472,837.241340,151.213219796,-33.935207350
20,path21846,cont20,507,165.525979609,138.658344237,1978.888920,835.840978,151.212612578,-33.935450518
20,path21846,cont20,508,164.948047596,138.893717567,1977.250701,835.173799,151.212269743,-33.935566371
20,path21846,cont20,509,164.343617561,139.166846939,1975.537370,834.399597,151.211911188,-33.935700808
20,path21846,cont20,510,163.581538196,139.451406310,1973.377163,833.593001,151.211459114,-33.935840871
20,path21846,cont20,511,163.259976846,139.581792975,1972.465659,833.223413,151.211268361,-33.935905048
20,path21846,cont20,512,163.123324848,139.637355474,1972.078302,833.065918,151.211187297,-33.935932397
20,path21846,cont20,513,162.732506165,139.774753598,1970.970478,832.676458,151.210955459,-33.936000025
20,path21846,cont20,514,161.967040133,140.171999009,1968.800672,831.550436,151.210501376,-33.936195555
20,path21846,cont20,515,161.571988117,140.367499632,1967.680849,830.996276,151.210267027,-33.936291783
20,path21846,cont20,516,160.854782085,140.750880877,1965.647842,829.909552,151.209841573,-33.936480488
20,path21846,cont20,517,160.326721383,141.026788373,1964.150990,829.127471,151.209528322,-33.936616294
20,path21846,cont20,518,159.883917368,141.259806912,1962.895809,828.466962,151.209265645,-33.936730989
20,path21846,cont20,519,159.746842036,141.334128370,1962.507252,828.256292,151.209184331,-33.936767571
20,path21846,cont20,520,159.448310019,141.471976285,1961.661027,827.865553,151.209007238,-33.936835421
20,path21846,cont20,521,158.655327321,141.933912320,1959.413222,826.556157,151.208536833,-33.937062793
20,path21846,cont20,522,158.195843972,142.194765025,1958.110761,825.816749,151.208264262,-33.937191189
20,path21846,cont20,523,157.580237938,142.550100438,1956.365751,824.809521,151.207899078,-33.937366090
20,path21846,cont20,524,156.575337222,143.101121681,1953.517238,823.247608,151.207302960,-33.937637311
20,path21846,cont20,525,156.507857889,143.138718972,1953.325960,823.141035,151.207262931,-33.937655817
20,path21846,cont20,526,156.489072473,143.150096055,1953.272711,823.108786,151.207251787,-33.937661417
20,path21846,cont20,527,156.456645140,143.168881472,1953.180791,823.055537,151.207232551,-33.937670663
20,path21846,cont20,528,155.540049110,143.892860837,1950.582591,821.003343,151.206688816,-33.938027019
20,path21846,cont20,529,154.819879744,144.526326246,1948.541185,819.207718,151.206261604,-33.938338823
20,path21846,cont20,530,154.641066392,144.685922911,1948.034318,818.755324,151.206155530,-33.938417380
20,path21846,cont20,531,154.444809061,144.865680825,1947.478003,818.245780,151.206039109,-33.938505860
20,path21846,cont20,532,153.876277693,145.613790191,1945.866435,816.125172,151.205701850,-33.938874096
20,path21846,cont20,533,153.507218344,146.185210809,1944.820295,814.505408,151.205482921,-33.939155362
20,path21846,cont20,534,153.255676326,146.562215595,1944.107270,813.436740,151.205333704,-33.939340932
20,path21846,cont20,535,153.212496327,146.642992886,1943.984872,813.207766,151.205308089,-33.939380693
20,path21846,cont20,536,153.132147661,146.816638926,1943.757114,812.715543,151.205260426,-33.939466166
20,path21846,cont20,537,152.707208312,147.831368913,1942.552578,809.839152,151.205008348,-33.939965640
20,path21846,cont20,538,152.546764981,148.258591616,1942.097784,808.628130,151.204913172,-33.940175930
20,path21846,cont20,539,152.346361629,149.048690356,1941.529722,806.388481,151.204794291,-33.940564837
20,path21846,cont20,540,152.320379546,149.138701605,1941.456073,806.133332,151.204778879,-33.940609143
20,path21846,cont20,541,152.132506861,149.954967636,1940.923530,803.819507,151.204667432,-33.941010930
20,path21846,cont20,542,152.029721529,150.542633670,1940.632176,802.153682,151.204606459,-33.941300194
20,path21846,cont20,543,151.942599530,151.151281163,1940.385223,800.428380,151.204554778,-33.941599787
20,path21846,cont20,544,151.859710865,151.651237823,1940.150268,799.011179,151.204505608,-33.941845878
20,path21846,cont20,545,151.845740865,152.053748443,1940.110671,797.870202,151.204497322,-33.942044005
20,path21846,cont20,546,151.813821532,152.977461765,1940.020198,795.251795,151.204478388,-33.942498682
20,path21846,cont20,547,151.800962782,153.347534468,1939.983751,794.202768,151.204470761,-33.942680842
20,path21846,cont20,548,151.800962782,153.704642589,1939.983754,793.190490,151.204470761,-33.942856620
20,path21846,cont20,549,151.833136115,154.654523202,1940.074960,790.497905,151.204489848,-33.943324178
20,path21846,cont20,550,151.833136115,155.043804655,1940.074963,789.394427,151.204489849,-33.943515793
20,path21846,cont20,551,151.853297365,155.453247358,1940.132115,788.233798,151.204501810,-33.943717332
20,path21846,cont20,552,151.894445364,156.289489431,1940.248760,785.863339,151.204526220,-33.944128953
20,path21846,cont20,553,151.916617447,156.740101301,1940.311613,784.586010,151.204539374,-33.944350757
20,path21846,cont20,554,151.977746780,157.274083377,1940.484895,783.072353,151.204575637,-33.944613598
20,path21846,cont20,555,152.042262779,157.837619412,1940.667778,781.474920,151.204613910,-33.944890986
20,path21846,cont20,556,152.110842778,158.436371487,1940.862181,779.777662,151.204654593,-33.945185709
20,path21846,cont20,557,152.265441464,159.258749394,1941.300416,777.446499,151.204746304,-33.945590507
20,path21846,cont20,558,152.273828755,159.301744185,1941.324191,777.324624,151.204751279,-33.945611670
20,path21846,cont20,559,152.427414087,160.132588758,1941.759554,774.969460,151.204842389,-33.946020636
20,path21846,cont20,560,152.475420086,160.795846249,1941.895638,773.089353,151.204870868,-33.946347110
20,path21846,cont20,561,152.493888002,161.184042911,1941.947990,771.988949,151.204881824,-33.946538191
20,path21846,cont20,562,152.538420023,161.828858945,1942.074226,770.161117,151.204908242,-33.946855587
20,path21846,cont20,563,152.577282022,162.390278313,1942.184389,768.569685,151.204931296,-33.947131933
20,path21846,cont20,564,152.594903272,162.981331014,1942.234343,766.894255,151.204941750,-33.947422866
20,path21846,cont20,565,152.629870605,163.525234965,1942.333466,765.352474,151.204962494,-33.947690590
20,path21846,cont20,566,152.681940604,163.981932251,1942.481068,764.057893,151.204993383,-33.947915390
20,path21846,cont20,567,152.752975937,164.836033699,1942.682433,761.636808,151.205035523,-33.948335802
20,path21846,cont20,568,152.794631936,165.221505152,1942.800515,760.544128,151.205060235,-33.948525542
20,path21846,cont20,569,152.810136519,165.549853065,1942.844467,759.613374,151.205069433,-33.948687164
20,path21846,cont20,570,152.905299206,166.684889092,1943.114225,756.395936,151.205125886,-33.949245861
20,path21846,cont20,571,152.917073164,166.917881172,1943.147602,755.735483,151.205132871,-33.949360546
20,path21846,cont20,572,152.934773789,167.121504503,1943.197778,755.158281,151.205143371,-33.949460775
20,path21846,cont20,573,153.011820454,168.487759903,1943.416186,751.285416,151.205189078,-33.950133284
20,path21846,cont20,574,153.022139204,168.614257193,1943.445437,750.926840,151.205195200,-33.950195549
20,path21846,cont20,575,153.029600454,168.723053858,1943.466587,750.618439,151.205199626,-33.950249102
20,path21846,cont20,576,153.114182453,170.286503213,1943.706357,746.186597,151.205249803,-33.951018675
20,path21846,cont20,577,153.115769953,170.310580296,1943.710857,746.118347,151.205250745,-33.951030527
20,path21846,cont20,578,153.117622036,170.331217796,1943.716107,746.059847,151.205251844,-33.951040685
20,path21846,cont20,579,153.138285994,170.593340501,1943.774683,745.316819,151.205264102,-33.951169709
20,path21846,cont20,580,153.247590660,171.897445276,1944.084530,741.620128,151.205328945,-33.951811626
20,path21846,cont20,581,153.257671284,172.006929858,1944.113106,741.309777,151.205334925,-33.951865517
20,path21846,cont20,582,153.268677951,172.137475273,1944.144306,740.939725,151.205341455,-33.951929776
20,path21846,cont20,583,153.410155949,173.431076090,1944.545353,737.272809,151.205425383,-33.952566522
20,path21846,cont20,584,153.431904699,173.703385253,1944.607004,736.500906,151.205438285,-33.952700560
20,path21846,cont20,585,153.446298032,174.011810041,1944.647806,735.626627,151.205446824,-33.952852376
20,path21846,cont20,586,153.475000032,175.062761486,1944.729173,732.647543,151.205463852,-33.953369683
20,path21846,cont20,587,153.491430657,175.399840649,1944.775750,731.692039,151.205473599,-33.953535603
20,path21846,cont20,588,153.541807323,175.803674185,1944.918552,730.547309,151.205503484,-33.953734381
20,path21846,cont20,589,153.640272009,176.593614175,1945.197668,728.308098,151.205561895,-33.954123212
20,path21846,cont20,590,153.703010008,177.096269586,1945.375510,726.883241,151.205599113,-33.954370633
20,path21846,cont20,591,153.768626674,177.727459578,1945.561513,725.094033,151.205638038,-33.954681322
20,path21846,cont20,592,153.811637340,178.118275615,1945.683435,723.986203,151.205663553,-33.954873693
20,path21846,cont20,593,153.880810006,178.792645606,1945.879518,722.074595,151.205704588,-33.955205637
20,path21846,cont20,594,154.089510691,180.489180376,1946.471119,717.265497,151.205828394,-33.956040719
20,path21846,cont20,595,154.229464689,181.092350994,1946.867840,715.555711,151.205911418,-33.956337617
20,path21846,cont20,596,154.377713375,181.731160986,1947.288074,713.744900,151.205999361,-33.956652058
20,path21846,cont20,597,154.483208040,182.185556397,1947.587115,712.456842,151.206061943,-33.956875725
20,path21846,cont20,598,154.523255373,182.494087018,1947.700636,711.582262,151.206085700,-33.957027592
20,path21846,cont20,599,154.744066037,183.795069710,1948.326561,707.894417,151.206216689,-33.957667973
20,path21846,cont20,600,154.756157495,183.882091167,1948.360836,707.647741,151.206223862,-33.957710808
20,path21846,cont20,601,154.772402911,183.940590541,1948.406886,707.481915,151.206233499,-33.957739603
20,path21846,cont20,602,154.830738244,184.113416372,1948.572246,706.992011,151.206268105,-33.957824673
20,path21846,cont20,603,155.193616927,185.214321150,1949.600879,703.871312,151.206483370,-33.958366571
20,path21846,cont20,604,155.303006259,185.578467187,1949.910959,702.839080,151.206548262,-33.958545814
20,path21846,cont20,605,155.949176959,187.274843208,1951.742623,698.030414,151.206931580,-33.959380822
20,path21846,cont20,606,156.063561624,187.733974660,1952.066864,696.728930,151.206999435,-33.959606819
20,path21846,cont20,607,156.199112956,188.648215899,1952.451107,694.137367,151.207079847,-33.960056835
20,path21846,cont20,608,156.267605642,188.971377978,1952.645261,693.221312,151.207120478,-33.960215905
20,path21846,cont20,609,156.313071642,189.180160684,1952.774141,692.629483,151.207147450,-33.960318674
20,path21846,cont20,610,156.521182306,189.989309423,1953.364063,690.335818,151.207270904,-33.960716960
20,path21846,cont20,611,156.696778324,190.491647334,1953.861815,688.911856,151.207375071,-33.960964226
20,path21846,cont20,612,156.766966990,190.667833373,1954.060775,688.412427,151.207416708,-33.961050950
20,path21846,cont20,613,156.788980323,190.936650036,1954.123176,687.650424,151.207429767,-33.961183269
20,path21846,cont20,614,156.811258240,192.073617522,1954.186334,684.427513,151.207442984,-33.961742916
20,path21846,cont20,615,156.838520906,192.364447518,1954.263615,683.603110,151.207459157,-33.961886071
20,path21846,cont20,616,157.402818941,193.176242091,1955.863194,681.301930,151.207793906,-33.962285662
20,path21846,cont20,617,157.445406273,193.291812090,1955.983914,680.974327,151.207819170,-33.962342549
20,path21846,cont20,618,157.806845623,194.060823539,1957.008465,678.794431,151.208033581,-33.962721080
20,path21846,cont20,619,157.909038288,194.364432910,1957.298145,677.933799,151.208094203,-33.962870526
20,path21846,cont20,620,158.211549639,195.262561024,1958.155657,675.387904,151.208273658,-33.963312611
20,path21846,cont20,621,158.349132970,195.619272269,1958.545657,674.376746,151.208355274,-33.963488195
20,path21846,cont20,622,158.412124970,195.757358309,1958.724217,673.985317,151.208392642,-33.963556165
20,path21846,cont20,623,158.458098969,196.004743723,1958.854537,673.284063,151.208419915,-33.963677936
20,path21846,cont20,624,158.737496320,196.926102253,1959.646531,670.672319,151.208585658,-33.964131455
20,path21846,cont20,625,158.810817652,197.453893079,1959.854373,669.176212,151.208629154,-33.964391249
20,path21846,cont20,626,159.061089670,198.298019735,1960.563806,666.783394,151.208777619,-33.964806753
20,path21846,cont20,627,159.064635086,198.309925985,1960.573856,666.749644,151.208779723,-33.964812614
20,path21846,cont20,628,159.317023771,199.150401391,1961.289289,664.367177,151.208929444,-33.965226320
20,path21846,cont20,629,159.429207103,199.625143260,1961.607290,663.021443,151.208995993,-33.965460002
20,path21846,cont20,630,159.768294452,200.712580747,1962.568483,659.938920,151.209197145,-33.965995271
20,path21846,cont20,631,159.804193119,200.846962620,1962.670244,659.557992,151.209218441,-33.966061418
20,path21846,cont20,632,159.827555827,200.921971994,1962.736469,659.345366,151.209232300,-33.966098340
20,path21846,cont20,633,159.902231826,201.186370116,1962.948149,658.595886,151.209276599,-33.966228484
20,path21846,cont20,634,160.226163842,202.218456769,1963.866382,655.670264,151.209468761,-33.966736508
20,path21846,cont20,635,160.312100508,202.543576765,1964.109983,654.748657,151.209519740,-33.966896541
20,path21846,cont20,636,160.483971193,203.127353424,1964.597176,653.093845,151.209621696,-33.967183893
20,path21846,cont20,637,160.605891192,203.534070919,1964.942776,651.940937,151.209694021,-33.967384092
20,path21846,cont20,638,160.810697210,204.240190910,1965.523329,649.939323,151.209815516,-33.967731665
20,path21846,cont20,639,160.979945875,204.855294236,1966.003090,648.195711,151.209915917,-33.968034437
20,path21846,cont20,640,161.133359227,205.475556937,1966.437964,646.437474,151.210006924,-33.968339748
20,path21846,cont20,641,161.254855892,205.936831514,1966.782364,645.129915,151.210078998,-33.968566801
20,path21846,cont20,642,161.287706558,206.243298385,1966.875486,644.261186,151.210098486,-33.968717653
20,path21846,cont20,643,161.407001890,207.446491078,1967.213652,640.850547,151.210169255,-33.969309898
20,path21846,cont20,644,161.426633973,207.633525034,1967.269303,640.320369,151.210180902,-33.969401961
20,path21846,cont20,645,161.465408660,207.761953783,1967.379215,639.956316,151.210203903,-33.969465178
20,path21846,cont20,646,161.593339992,208.173354403,1967.741856,638.790133,151.210279794,-33.969667681
20,path21846,cont20,647,161.891702676,209.030683767,1968.587608,636.359888,151.210456788,-33.970089684
20,path21846,cont20,648,161.983481341,209.330139180,1968.847768,635.511032,151.210511232,-33.970237085
20,path21846,cont20,649,162.110989340,209.849569173,1969.209209,634.038623,151.210586872,-33.970492764
20,path21846,cont20,650,162.240526692,210.377465833,1969.576403,632.542213,151.210663716,-33.970752610
20,path21846,cont20,651,162.399784690,211.026859158,1970.027844,630.701401,151.210758191,-33.971072260
20,path21846,cont20,652,162.587488042,211.726020608,1970.559918,628.719512,151.210869540,-33.971416408
20,path21846,cont20,653,162.702465374,212.139723103,1970.885838,627.546804,151.210937746,-33.971620044
20,path21846,cont20,654,162.861554038,212.723473304,1971.336799,625.892068,151.211032120,-33.971907383
20,path21846,cont20,655,162.956378058,213.052588508,1971.605592,624.959136,151.211088372,-33.972069384
20,path21846,cont20,656,163.284376721,214.231730576,1972.535353,621.616663,151.211282946,-33.972649792
20,path21846,cont20,657,163.327133387,214.377277866,1972.656553,621.204085,151.211308310,-33.972721435
20,path21846,cont20,658,163.339754012,214.420193282,1972.692329,621.082434,151.211315797,-33.972742559
20,path21846,cont20,659,163.374552011,214.510707239,1972.790968,620.825857,151.211336439,-33.972787112
20,path21846,cont20,660,163.790516693,215.608807434,1973.970080,617.713106,151.211583196,-33.973327630
20,path21846,cont20,661,163.988721358,216.116807427,1974.531919,616.273093,151.211700774,-33.973577683
20,path21846,cont20,662,164.266256042,216.828007419,1975.318631,614.257076,151.211865412,-33.973927757
20,path21846,cont20,663,164.451080727,217.287826788,1975.842543,612.953639,151.211975053,-33.974154094
20,path21846,cont20,664,164.659699391,217.813527406,1976.433903,611.463451,151.212098809,-33.974412860
20,path21846,cont20,665,164.752155390,218.037047403,1976.695982,610.829846,151.212153655,-33.974522883
20,path21846,cont20,666,164.974826074,218.591190730,1977.327174,609.259032,151.212285747,-33.974795650
20,path21846,cont20,667,165.247873425,219.236165513,1978.101165,607.430740,151.212447722,-33.975113126
20,path21846,cont20,668,165.374365423,219.510141551,1978.459725,606.654108,151.212522759,-33.975247985
20,path21846,cont20,669,165.825043439,220.353421541,1979.737234,604.263682,151.212790108,-33.975663074
20,path21846,cont20,670,165.837240730,220.375911124,1979.771809,604.199932,151.212797344,-33.975674144
20,path21846,cont20,671,166.289527412,221.206887988,1981.053877,601.844381,151.213065647,-33.976083177
20,path21846,cont20,672,166.429224764,221.443637152,1981.449869,601.173274,151.213148517,-33.976199712
20,path21846,cont20,673,166.665106095,221.823869856,1982.118507,600.095436,151.213288445,-33.976386875
20,path21846,cont20,674,167.080136798,222.486809847,1983.294968,598.216213,151.213534647,-33.976713195
20,path21846,cont20,675,167.322368128,222.903449217,1983.981605,597.035175,151.213678342,-33.976918278
20,path21846,cont20,676,167.706667477,223.554509417,1985.070955,595.189629,151.213906314,-33.977238750
20,path21846,cont20,677,168.214323513,224.458670031,1986.509975,592.626625,151.214207463,-33.977683807
20,path21846,cont20,678,168.294841512,224.600063362,1986.738215,592.225821,151.214255227,-33.977753405
20,path21846,cont20,679,168.317278178,224.638163362,1986.801814,592.117819,151.214268537,-33.977772159
20,path21846,cont20,680,168.355208844,224.706055444,1986.909334,591.925367,151.214291038,-33.977805577
20,path21846,cont20,681,168.928142879,225.721552723,1988.533394,589.046760,151.214630911,-33.978305437
20,path21846,cont20,682,169.244796208,226.296677508,1989.430992,587.416468,151.214818754,-33.978588532
20,path21846,cont20,683,169.538417559,226.805709376,1990.263302,585.973526,151.214992934,-33.978839093
20,path21846,cont20,684,170.045480927,227.684787490,1991.700642,583.481623,151.215293731,-33.979271803
20,path21846,cont20,685,170.165453592,227.872826863,1992.040721,582.948592,151.215364901,-33.979364362
20,path21846,cont20,686,170.240468258,227.993318111,1992.253360,582.607037,151.215409401,-33.979423672
20,path21846,cont20,687,170.593610274,228.543545604,1993.254390,581.047318,151.215618889,-33.979694511
20,path21846,cont20,688,170.827033626,228.905336850,1993.916060,580.021756,151.215757359,-33.979872596
20,path21846,cont20,689,171.321060974,229.689932256,1995.316447,577.797679,151.216050423,-33.980258799
20,path21846,cont20,690,171.483112972,229.943429545,1995.775806,577.079095,151.216146555,-33.980383579
20,path21846,cont20,691,171.735586322,230.338558290,1996.491476,575.959032,151.216296326,-33.980578074
20,path21846,cont20,692,172.171109005,230.949348907,1997.726024,574.227634,151.216554684,-33.980878725
20,path21846,cont20,693,172.475059688,231.386467027,1998.587613,572.988542,151.216734991,-33.981093888
20,path21846,cont20,694,172.872567037,231.941721603,1999.714401,571.414572,151.216970798,-33.981367203
20,path21846,cont20,695,173.425689072,232.733751801,2001.282300,569.169417,151.217298918,-33.981757066
20,path21846,cont20,696,173.576395737,232.931713049,2001.709498,568.608259,151.217388319,-33.981854509
20,path21846,cont20,697,173.688579069,233.083001797,2002.027497,568.179404,151.217454868,-33.981928978
20,path21846,cont20,698,174.307995103,233.893949704,2003.783315,565.880621,151.217822314,-33.982328153
20,path21846,cont20,699,174.527956454,234.189436366,2004.406825,565.043010,151.217952798,-33.982473601
20,path21846,cont20,700,174.968897803,234.779536567,2005.656732,563.370262,151.218214370,-33.982764068
20,path21846,cont20,701,175.032905802,234.862774483,2005.838171,563.134309,151.218252341,-33.982805040
20,path21846,cont20,702,175.115794467,234.973529065,2006.073131,562.820354,151.218301511,-33.982859557
20,path21846,cont20,703,175.778983167,235.810353221,2007.953028,560.448220,151.218694924,-33.983271470
20,path21846,cont20,704,176.280207182,236.476097796,2009.373814,558.561044,151.218992257,-33.983599171
20,path21846,cont20,705,176.504486533,236.778675292,2010.009564,557.703332,151.219125302,-33.983748110
20,path21846,cont20,706,176.805981884,237.195923204,2010.864193,556.520566,151.219304153,-33.983953493
20,path21846,cont20,707,177.225756566,237.751336530,2012.054101,554.946144,151.219553169,-33.984226885
20,path21846,cont20,708,177.535803249,238.172711941,2012.932970,553.751678,151.219737093,-33.984434300
20,path21846,cont20,709,177.947365265,238.723547976,2014.099598,552.190232,151.219981237,-33.984705439
20,path21846,cont20,710,178.496171946,239.457951925,2015.655264,550.108428,151.220306797,-33.985066937
20,path21846,cont20,711,178.677694631,239.687054631,2016.169814,549.458994,151.220414479,-33.985179709
20,path21846,cont20,712,178.818156629,239.869246712,2016.567973,548.942536,151.220497803,-33.985269390
20,path21846,cont20,713,179.414966663,240.643523368,2018.259711,546.747706,151.220851839,-33.985650514
20,path21846,cont20,714,179.864374678,241.242619403,2019.533618,545.049457,151.221118433,-33.985945409
20,path21846,cont20,715,180.107791342,241.565781482,2020.223615,544.133394,151.221262832,-33.986104480
20,path21846,cont20,716,180.140978029,241.611342731,2020.317687,544.004243,151.221282518,-33.986126907
20,path21846,cont20,717,180.186359362,241.671800022,2020.446327,543.832865,151.221309439,-33.986156666
20,path21846,cont20,718,180.885785395,242.560270844,2022.428944,541.314329,151.221724348,-33.986594000
20,path21846,cont20,719,181.423162075,243.262316252,2023.952210,539.324251,151.222043127,-33.986939570
20,path21846,cont20,720,181.614760094,243.525206249,2024.495320,538.579041,151.222156786,-33.987068973
20,path21846,cont20,721,181.876634091,243.884457494,2025.237637,537.560677,151.222312133,-33.987245808
20,path21846,cont20,722,182.335440106,244.498449570,2026.538185,535.820204,151.222584303,-33.987548035
20,path21846,cont20,723,182.679522789,244.958956856,2027.513533,534.514811,151.222788418,-33.987774712
20,path21846,cont20,724,183.052561472,245.475317683,2028.570962,533.051091,151.223009709,-33.988028882
20,path21846,cont20,725,183.566990840,246.187549549,2030.029181,531.032139,151.223314876,-33.988379465
20,path21846,cont20,726,183.765872838,246.455942879,2030.592939,530.271328,151.223432855,-33.988511577
20,path21846,cont20,727,183.913782857,246.655571001,2031.012209,529.705446,151.223520597,-33.988609841
20,path21846,cont20,728,184.693893576,247.786638278,2033.223539,526.499229,151.223983370,-33.989166589
20,path21846,cont20,729,185.084021696,248.352185146,2034.329409,524.896084,151.224214799,-33.989444969
20,path21846,cont20,730,185.151755028,248.458283062,2034.521409,524.595330,151.224254980,-33.989497194
20,path21846,cont20,731,185.257429610,248.613223060,2034.820958,524.156124,151.224317667,-33.989573460
20,path21846,cont20,732,185.847794395,249.456317841,2036.494426,521.766218,151.224667880,-33.989988459
20,path21846,cont20,733,186.262581681,250.048825750,2037.670197,520.086646,151.224913937,-33.990280110
20,path21846,cont20,734,186.525286469,250.473005745,2038.414869,518.884232,151.225069777,-33.990488905
20,path21846,cont20,735,186.947958339,251.109249278,2039.612990,517.080684,151.225320512,-33.990802085
20,path21846,cont20,736,187.203731044,251.488820524,2040.338012,516.004720,151.225472240,-33.990988922
20,path21846,cont20,737,187.382721667,251.745519270,2040.845385,515.277061,151.225578420,-33.991115277
20,path21846,cont20,738,187.860638536,252.526304677,2042.200106,513.063785,151.225861927,-33.991499605
20,path21846,cont20,739,188.097546450,252.899261339,2042.871654,512.006572,151.226002464,-33.991683186
20,path21846,cont20,740,188.439679154,253.442239249,2043.841475,510.467403,151.226205422,-33.991950457
20,path21846,cont20,741,188.507333111,253.574054664,2044.033250,510.093750,151.226245555,-33.992015341
20,path21846,cont20,742,188.638645818,253.799453203,2044.405474,509.454817,151.226323452,-33.992126289
20,path21846,cont20,743,189.121748520,254.654242567,2045.774895,507.031765,151.226610035,-33.992547043
20,path21846,cont20,744,189.407233933,255.139038603,2046.584142,505.657525,151.226779389,-33.992785675
20,path21846,cont20,745,189.688829971,255.782055469,2047.382366,503.834783,151.226946436,-33.993102187
20,path21846,cont20,746,190.111422466,256.616948167,2048.580263,501.468133,151.227197124,-33.993513148
20,path21846,cont20,747,190.216911840,256.835917331,2048.879287,500.847427,151.227259702,-33.993620931
20,path21846,cont20,748,190.244005173,256.921827538,2048.956087,500.603900,151.227275774,-33.993663218
20,path21846,cont20,749,190.329677255,257.175324827,2049.198937,499.885320,151.227326596,-33.993787997
20,path21846,cont20,750,190.651992668,258.209686897,2050.112588,496.953248,151.227517799,-33.994297141
20,path21846,cont20,751,190.766292666,258.532875435,2050.436588,496.037115,151.227585604,-33.994456224
20,path21846,cont20,752,190.860616623,259.065322928,2050.703965,494.527807,151.227641558,-33.994718310
20,path21846,cont20,753,190.936049331,259.622085629,2050.917792,492.949574,151.227686307,-33.994992364
20,path21846,cont20,754,191.055191204,260.230071663,2051.255519,491.226139,151.227756984,-33.995291633
20,path21846,cont20,755,191.043020371,260.944737696,2051.221024,489.200309,151.227749765,-33.995643411
20,path21846,cont20,756,191.007539746,261.248452901,2051.120452,488.339383,151.227728718,-33.995792907
20,path21846,cont20,757,190.993252247,261.927373725,2051.079957,486.414878,151.227720244,-33.996127091
20,path21846,cont20,758,190.865908290,262.463498927,2050.718989,484.895154,151.227644703,-33.996390985
20,path21846,cont20,759,190.468080795,263.489129747,2049.591304,481.987861,151.227408708,-33.996895826
20,path21846,cont20,760,190.426752879,263.625019746,2049.474156,481.602662,151.227384192,-33.996962715
20,path21846,cont20,761,190.391272254,263.683519120,2049.373582,481.436838,151.227363145,-33.996991509
20,path21846,cont20,762,190.333037463,263.746251827,2049.208509,481.259015,151.227328599,-33.997022388
20,path21846,cont20,763,189.576038098,264.561856400,2047.062706,478.947089,151.226879540,-33.997423845
20,path21846,cont20,764,188.982022064,264.983655145,2045.378896,477.751460,151.226527163,-33.997631462
20,path21846,cont20,765,188.644202068,265.238343059,2044.421305,477.029521,151.226326765,-33.997756824
20,path21846,cont20,766,188.590597485,265.269405142,2044.269356,476.941473,151.226294966,-33.997772113
20,path21846,cont20,767,188.456480195,265.323327224,2043.889184,476.788628,151.226215406,-33.997798654
20,path21846,cont20,768,187.330360626,265.701046386,2040.697061,475.717971,151.225547379,-33.997984570
20,path21846,cont20,769,186.954943339,265.776637844,2039.632894,475.503711,151.225324678,-33.998021775
20,path21846,cont20,770,186.403260638,265.878502426,2038.069081,475.214983,151.224997413,-33.998071912
20,path21846,cont20,771,185.932937310,265.994998466,2036.735892,474.884776,151.224718412,-33.998129251
20,path21846,cont20,772,185.265499402,266.100752423,2034.843957,474.585028,151.224322480,-33.998181301
20,path21846,cont20,773,184.482015245,266.112394089,2032.623073,474.552060,151.223857708,-33.998187026
20,path21846,cont20,774,184.365942538,266.118744089,2032.294051,474.534065,151.223788853,-33.998190151
20,path21846,cont20,775,183.576013132,266.129592006,2030.054897,474.503347,151.223320258,-33.998195485
20,path21846,cont20,776,182.834253766,266.071092631,2027.952287,474.669203,151.222880237,-33.998166684
20,path21846,cont20,777,182.622928414,266.065800965,2027.353259,474.684211,151.222754876,-33.998164078
20,path21846,cont20,778,181.886503049,266.013307632,2025.265769,474.833042,151.222318020,-33.998138234
20,path21846,cont20,779,181.306200369,265.909511592,2023.620828,475.127292,151.221973778,-33.998087139
20,path21846,cont20,780,180.692457001,265.824686176,2021.881095,475.367768,151.221609698,-33.998045381
20,path21846,cont20,781,180.196820987,265.741950969,2020.476153,475.602314,151.221315681,-33.998004653
20,path21846,cont20,782,179.867808970,265.657628262,2019.543527,475.841353,151.221120507,-33.997963145
20,path21846,cont20,783,178.553454237,265.374259515,2015.817822,476.644659,151.220340816,-33.997823654
20,path21846,cont20,784,178.507141571,265.363147015,2015.686543,476.676161,151.220313343,-33.997818183
20,path21846,cont20,785,178.479624904,265.355209515,2015.608543,476.698662,151.220297020,-33.997814276
20,path21846,cont20,786,178.366256239,265.327613474,2015.287186,476.776892,151.220229768,-33.997800692
20,path21846,cont20,787,177.135126192,265.008922853,2011.797392,477.680320,151.219499447,-33.997643815
20,path21846,cont20,788,176.817459508,264.939337437,2010.896925,477.877584,151.219311003,-33.997609561
20,path21846,cont20,789,176.293886140,264.802600772,2009.412790,478.265207,151.219000413,-33.997542251
20,path21846,cont20,790,175.793000792,264.660440149,2007.992967,478.668203,151.218703282,-33.997472273
20,path21846,cont20,791,175.127695426,264.496954110,2006.107075,479.131657,151.218308615,-33.997391796
20,path21846,cont20,792,174.457056059,264.305607445,2004.206063,479.674086,151.217910784,-33.997297605
20,path21846,cont20,793,173.994101377,264.190645988,2002.893759,479.999981,151.217636153,-33.997241014
20,path21846,cont20,794,173.438013364,264.040944740,2001.317457,480.424355,151.217306275,-33.997167323
20,path21846,cont20,795,173.122040013,263.949928075,2000.421791,480.682369,151.217118836,-33.997122520
20,path21846,cont20,796,171.869068612,263.632851412,1996.870085,481.581223,151.216375558,-33.996966437
20,path21846,cont20,797,171.773395280,263.607980579,1996.598886,481.651727,151.216318804,-33.996954195
20,path21846,cont20,798,171.748339239,263.602159746,1996.527862,481.668228,151.216303940,-33.996951329
20,path21846,cont20,799,171.706598573,263.591047246,1996.409543,481.699730,151.216279179,-33.996945859
20,path21846,cont20,800,170.454894526,263.235447251,1992.861429,482.707784,151.215536653,-33.996770814
20,path21846,cont20,801,170.058657177,263.136149127,1991.738244,482.989276,151.215301601,-33.996721934
20,path21846,cont20,802,169.382853144,262.954962462,1989.822592,483.502905,151.214900705,-33.996632744
20,path21846,cont20,803,169.117425793,262.882149130,1989.070204,483.709317,151.214743251,-33.996596902
20,path21846,cont20,804,168.368977761,262.684875799,1986.948634,484.268549,151.214299262,-33.996499793
20,path21846,cont20,805,167.783259060,262.525543718,1985.288340,484.720225,151.213951807,-33.996421361
20,path21846,cont20,806,167.072231048,262.332080387,1983.272841,485.268655,151.213530017,-33.996326128
20,path21846,cont20,807,166.679383011,262.225215180,1982.159263,485.571597,151.213296974,-33.996273523
20,path21846,cont20,808,166.444687014,262.173330389,1981.493988,485.718682,151.213157750,-33.996247982
20,path21846,cont20,809,165.379672965,261.937957059,1978.475071,486.385928,151.212525971,-33.996132118
20,path21846,cont20,810,165.059212282,261.868345184,1977.566685,486.583267,151.212335870,-33.996097851
20,path21846,cont20,811,164.989700949,261.853263935,1977.369646,486.626020,151.212294635,-33.996090427
20,path21846,cont20,812,164.886322950,261.834213935,1977.076608,486.680024,151.212233310,-33.996081049
20,path21846,cont20,813,163.633266883,261.603920604,1973.524663,487.332877,151.211489982,-33.995967683
20,path21846,cont20,814,163.300106200,261.542616647,1972.580277,487.506667,151.211292347,-33.995937506
20,path21846,cont20,815,162.870086851,261.506712689,1971.361333,487.608460,151.211037255,-33.995919830
20,path21846,cont20,816,162.093360152,261.454139981,1969.159604,487.757517,151.210576491,-33.995893946
20,path21846,cont20,817,161.610593471,261.412494565,1967.791141,487.875587,151.210290108,-33.995873444
20,path21846,cont20,818,161.107930123,261.434454982,1966.366279,487.813357,151.209991923,-33.995884250
20,path21846,cont20,819,160.356095424,261.502717481,1964.235110,487.619888,151.209545926,-33.995917845
20,path21846,cont20,820,159.921168055,261.523354980,1963.002255,487.561405,151.209287922,-33.995928000
20,path21846,cont20,821,159.595796705,261.612916438,1962.079950,487.307543,151.209094908,-33.995972083
20,path21846,cont20,822,158.701044674,261.940073725,1959.543666,486.380202,151.208564131,-33.996133112
20,path21846,cont20,823,158.372625324,262.081625807,1958.612721,485.978964,151.208369309,-33.996202786
20,path21846,cont20,824,158.231824659,262.169599764,1958.213605,485.729594,151.208285785,-33.996246088
20,path21846,cont20,825,157.572784626,262.975361837,1956.345479,483.445565,151.207894836,-33.996642701
20,path21846,cont20,826,157.172229277,263.637878495,1955.210060,481.567575,151.207657223,-33.996968807
20,path21846,cont20,827,156.979699925,264.076716407,1954.664314,480.323630,151.207543013,-33.997184814
20,path21846,cont20,828,156.665417262,265.212678476,1953.773449,477.103583,151.207356578,-33.997743963
20,path21846,cont20,829,156.622491263,265.335339307,1953.651771,476.755884,151.207331114,-33.997804340
20,path21846,cont20,830,156.609103346,265.401564515,1953.613822,476.568159,151.207323172,-33.997836938
20,path21846,cont20,831,156.543486681,266.184043255,1953.427829,474.350105,151.207284249,-33.998222095
20,path21846,cont20,832,156.497851348,266.986683245,1953.298475,472.074900,151.207257179,-33.998617176
20,path21846,cont20,833,156.498645098,267.032747203,1953.300725,471.944325,151.207257650,-33.998639850
20,path21846,cont20,834,156.501952389,267.075080535,1953.310101,471.824324,151.207259612,-33.998660687
20,path21846,cont20,835,156.529977056,268.715550098,1953.389552,467.174159,151.207276239,-33.999468172
20,path21846,cont20,836,156.531035389,268.730102181,1953.392552,467.132909,151.207276866,-33.999475334
20,path21846,cont20,837,156.532358306,268.742273014,1953.396302,467.098409,151.207277651,-33.999481325
20,path21846,cont20,838,156.544555597,268.918697179,1953.430878,466.598307,151.207284887,-33.999568166
20,path21846,cont20,839,156.670113616,270.301727161,1953.786798,462.677890,151.207359372,-34.000248932
20,path21846,cont20,840,156.673764866,270.427457160,1953.797148,462.321489,151.207361538,-34.000310820
20,path21846,cont20,841,156.686544241,270.569617783,1953.833374,461.918512,151.207369119,-34.000380796
20,path21846,cont20,842,156.863412906,271.805301309,1954.334739,458.415770,151.207474041,-34.000989034
20,path21846,cont20,843,156.889156864,272.124759222,1954.407716,457.510216,151.207489313,-34.001146280
20,path21846,cont20,844,156.939279530,272.520311300,1954.549798,456.388961,151.207519047,-34.001340982
20,path21846,cont20,845,157.065684216,273.299932540,1954.908113,454.178999,151.207594033,-34.001724734
20,path21846,cont20,846,157.126813548,273.822140659,1955.081396,452.698717,151.207630297,-34.001981780
20,path21846,cont20,847,157.231376880,274.510480650,1955.377798,450.747507,151.207692326,-34.002320600
20,path21846,cont20,848,157.278959546,274.783451272,1955.512679,449.973728,151.207720553,-34.002454964
20,path21846,cont20,849,157.385044232,275.519522096,1955.813395,447.887217,151.207783485,-34.002817279
20,path21846,cont20,850,157.504508898,276.254693337,1956.152037,445.803256,151.207854353,-34.003179151
20,path21846,cont20,851,157.540661564,276.517900833,1956.254519,445.057153,151.207875800,-34.003308709
20,path21846,cont20,852,157.649458229,277.216903533,1956.562921,443.075717,151.207940340,-34.003652778
20,path21846,cont20,853,157.736492916,277.719400193,1956.809635,441.651310,151.207991971,-34.003900122
20,path21846,cont20,854,157.869419581,278.544979558,1957.186439,439.311072,151.208070826,-34.004306495
20,path21846,cont20,855,157.932072913,278.914284970,1957.364040,438.264217,151.208107993,-34.004488278
20,path21846,cont20,856,157.976522912,279.176169550,1957.490041,437.521863,151.208134362,-34.004617185
20,path21846,cont20,857,158.223323597,280.597378907,1958.189638,433.493216,151.208280769,-34.005316745
20,path21846,cont20,858,158.227556930,280.621720573,1958.201638,433.424215,151.208283280,-34.005328727
20,path21846,cont20,859,158.237637555,280.676939114,1958.230213,433.267689,151.208289260,-34.005355907
20,path21846,cont20,860,158.498831573,282.047083889,1958.970610,429.383792,151.208444206,-34.006030332
20,path21846,cont20,861,158.544212905,282.309047844,1959.099251,428.641213,151.208471127,-34.006159278
20,path21846,cont20,862,158.612115571,282.684623880,1959.291732,427.576582,151.208511408,-34.006344147
20,path21846,cont20,863,158.756810903,283.485808662,1959.701895,425.305495,151.208597244,-34.006738513
20,path21846,cont20,864,158.850875568,284.006508656,1959.968537,423.829486,151.208653045,-34.006994817
20,path21846,cont20,865,158.986593587,284.757581354,1960.353252,421.700449,151.208733556,-34.007364516
20,path21846,cont20,866,159.016396254,284.922945936,1960.437732,421.231697,151.208751235,-34.007445913
20,path21846,cont20,867,159.157535585,285.703969467,1960.837815,419.017760,151.208834962,-34.007830355
20,path21846,cont20,868,159.281992938,286.354050709,1961.190609,417.174999,151.208908793,-34.008150344
20,path21846,cont20,869,159.373517603,286.843159453,1961.450051,415.788541,151.208963087,-34.008391097
20,path21846,cont20,870,159.479689602,287.401377363,1961.751013,414.206182,151.209026070,-34.008665868
20,path21846,cont20,871,159.549454934,287.783197566,1961.948774,413.123851,151.209067456,-34.008853811
20,path21846,cont20,872,159.803028952,288.971414843,1962.667570,409.755656,151.209217881,-34.009438686
20,path21846,cont20,873,159.827582285,289.098838175,1962.737170,409.394454,151.209232447,-34.009501408
20,path21846,cont20,874,159.842478326,289.186812132,1962.779395,409.145077,151.209241283,-34.009544711
20,path21846,cont20,875,159.930108325,289.716137542,1963.027797,407.644619,151.209293267,-34.009805260
20,path21846,cont20,876,160.082082344,290.643978364,1963.458593,405.014505,151.209383421,-34.010261970
20,path21846,cont20,877,160.109683677,290.796378362,1963.536834,404.582503,151.209399795,-34.010336985
20,path21846,cont20,878,160.155827010,291.022702942,1963.667634,403.940949,151.209427168,-34.010448389
20,path21846,cont20,879,160.366644362,292.056138971,1964.265230,401.011507,151.209552229,-34.010957076
20,path21846,cont20,880,160.455883027,292.493865632,1964.518191,399.770700,151.209605167,-34.011172537
20,path21846,cont20,881,160.581782359,293.147386457,1964.875073,397.918189,151.209679853,-34.011494219
20,path21846,cont20,882,160.642234358,293.477242495,1965.046434,396.983159,151.209715714,-34.011656584
20,path21846,cont20,883,160.783032377,294.191405819,1965.445549,394.958747,151.209799238,-34.012008116
20,path21846,cont20,884,160.890813042,294.925465810,1965.751072,392.877936,151.209863176,-34.012369441
20,path21846,cont20,885,160.933231042,295.197325181,1965.871313,392.107307,151.209888339,-34.012503258
20,path21846,cont20,886,161.036439707,295.888972464,1966.163875,390.146722,151.209949565,-34.012843706
20,path21846,cont20,887,161.121357727,296.391892458,1966.404590,388.721115,151.209999940,-34.013091258
20,path21846,cont20,888,161.307116391,297.269859322,1966.931152,386.232375,151.210110136,-34.013523418
20,path21846,cont20,889,161.364605057,297.586512651,1967.094113,385.334770,151.210144239,-34.013679284
20,path21846,cont20,890,161.404483057,297.805561190,1967.207154,384.713841,151.210167895,-34.013787106
20,path21846,cont20,891,161.622835742,298.975389925,1967.826110,381.397772,151.210297427,-34.014362930
20,path21846,cont20,892,161.668471074,299.238359297,1967.955471,380.652343,151.210324498,-34.014492371
20,path21846,cont20,893,161.677440449,299.284079296,1967.980896,380.522743,151.210329819,-34.014514875
20,path21846,cont20,894,161.687944407,299.349352004,1968.010671,380.337717,151.210336050,-34.014547004
20,path21846,cont20,895,161.888940426,300.714945945,1968.580429,376.466722,151.210455286,-34.015219189
20,path21846,cont20,896,161.933305758,300.981619483,1968.706190,375.710793,151.210481604,-34.015350453
20,path21846,cont20,897,162.001123758,301.360846770,1968.898432,374.635812,151.210521835,-34.015537119
20,path21846,cont20,898,162.136336423,302.164492177,1969.281715,372.357750,151.210602046,-34.015932697
20,path21846,cont20,899,162.230737109,302.679265504,1969.549309,370.898542,151.210658046,-34.016186083
20,path21846,cont20,900,162.348508441,303.406816744,1969.883151,368.836181,151.210727911,-34.016544204
20,path21846,cont20,901,162.378311107,303.619488825,1969.967632,368.233328,151.210745590,-34.016648888
20,path21846,cont20,902,162.507597105,304.376911524,1970.334115,366.086291,151.210822285,-34.017021713
20,path21846,cont20,903,162.606739125,305.088190890,1970.615150,364.070056,151.210881099,-34.017371825
20,path21846,cont20,904,162.645770458,305.402383594,1970.725792,363.179427,151.210904253,-34.017526479
20,path21846,cont20,905,162.736956457,306.074557544,1970.984275,361.274042,151.210958346,-34.017857342
20,path21846,cont20,906,162.814087789,306.578059621,1971.202917,359.846785,151.211004102,-34.018105180
20,path21846,cont20,907,162.987228474,307.442426902,1971.693712,357.396596,151.211106813,-34.018530647
20,path21846,cont20,908,163.042007807,307.772177106,1971.848993,356.461866,151.211139309,-34.018692959
20,path21846,cont20,909,163.080277140,308.008741061,1971.957474,355.791287,151.211162011,-34.018809403
20,path21846,cont20,910,163.316158470,309.469902501,1972.626119,351.649390,151.211301941,-34.019528628
20,path21846,cont20,911,163.538067155,310.945139774,1973.255158,347.467594,151.211433582,-34.020254782
20,path21846,cont20,912,163.580823821,311.167548522,1973.376358,346.837140,151.211458946,-34.020364258
20,path21846,cont20,913,163.643985154,311.496134559,1973.555399,345.905710,151.211496414,-34.020525997
20,path21846,cont20,914,163.808489839,312.371746631,1974.021715,343.423646,151.211594002,-34.020956999
20,path21846,cont20,915,163.904417171,312.865273917,1974.293636,342.024663,151.211650908,-34.021199927
20,path21846,cont20,916,163.962244504,313.513053284,1974.457559,340.188430,151.211685213,-34.021518782
20,path21846,cont20,917,164.000005837,313.877622654,1974.564601,339.155000,151.211707614,-34.021698233
20,path21846,cont20,918,164.059441836,314.563078687,1974.733085,337.211967,151.211742873,-34.022035634
20,path21846,cont20,919,164.174501189,315.400590760,1975.059241,334.837906,151.211811129,-34.022447881
20,path21846,cont20,920,164.181962438,315.430832635,1975.080391,334.752180,151.211815555,-34.022462767
20,path21846,cont20,921,164.319969103,316.260804082,1975.471594,332.399492,151.211897423,-34.022871303
20,path21846,cont20,922,164.367636436,316.904773449,1975.606718,330.574060,151.211925701,-34.023188283
20,path21846,cont20,923,164.413779769,317.360782819,1975.737520,329.281429,151.211953074,-34.023412743
20,path21846,cont20,924,164.460343789,317.958608853,1975.869516,327.586797,151.211980697,-34.023707010
20,path21846,cont20,925,164.550005788,318.419962805,1976.123677,326.279015,151.212033887,-34.023934102
20,path21846,cont20,926,164.686488453,319.331902169,1976.510561,323.693977,151.212114851,-34.024382984
20,path21846,cont20,927,164.744908452,319.656413623,1976.676162,322.774097,151.212149507,-34.024542718
20,path21846,cont20,928,164.748215744,319.919144870,1976.685538,322.029344,151.212151469,-34.024672041
20,path21846,cont20,929,164.865307097,321.208697562,1977.017458,318.373904,151.212220931,-34.025306795
20,path21846,cont20,930,164.867423763,321.354244852,1977.023459,317.961327,151.212222187,-34.025378438
20,path21846,cont20,931,164.879435846,321.485716308,1977.057509,317.588651,151.212229313,-34.025443152
20,path21846,cont20,932,164.985777178,323.026993581,1977.358958,313.219659,151.212292398,-34.026201811
20,path21846,cont20,933,164.987893845,323.052128997,1977.364958,313.148408,151.212293654,-34.026214184
20,path21846,cont20,934,164.990275095,323.072766497,1977.371708,313.089908,151.212295066,-34.026224342
20,path21846,cont20,935,165.010753845,323.158279829,1977.429758,312.847506,151.212307215,-34.026266434
20,path21846,cont20,936,165.278043862,324.481857937,1978.187435,309.095609,151.212465776,-34.026917937
20,path21846,cont20,937,165.328166528,324.749986684,1978.329516,308.335555,151.212495510,-34.027049918
20,path21846,cont20,938,165.363557194,325.103734596,1978.429837,307.332801,151.212516505,-34.027224043
20,path21846,cont20,939,165.363557194,326.094149375,1978.429844,304.525317,151.212516506,-34.027711552
20,path21846,cont20,940,165.407668527,326.447870829,1978.554886,303.522638,151.212542674,-34.027885664
20,path21846,cont20,941,165.448731860,326.886973324,1978.671288,302.277932,151.212567034,-34.028101802
20,path21846,cont20,942,165.487255193,327.668261439,1978.780493,300.063249,151.212589888,-34.028486374
20,path21846,cont20,943,165.536615859,328.145781433,1978.920415,298.709643,151.212619170,-34.028721423
20,path21846,cont20,944,165.575644546,328.711778092,1979.031051,297.105237,151.212642323,-34.029000022
20,path21846,cont20,945,165.595276629,329.258195585,1979.086705,295.556331,151.212653970,-34.029268984
20,path21846,cont20,946,165.638625962,329.843665578,1979.209588,293.896725,151.212679686,-34.029557169
20,path21846,cont20,947,165.790009960,330.624371610,1979.638710,291.683687,151.212769490,-34.029941455
20,path21846,cont20,948,165.812949335,330.738010150,1979.703736,291.361560,151.212783098,-34.029997391
20,path21846,cont20,949,165.965854687,331.541549723,1980.137171,289.083797,151.212873804,-34.030392916
20,path21846,cont20,950,166.021904019,332.226423673,1980.296054,287.142414,151.212907054,-34.030730030
20,path21846,cont20,951,166.082102019,332.614964293,1980.466696,286.041033,151.212942765,-34.030921281
20,path21846,cont20,952,166.140606685,333.239539702,1980.632539,284.270576,151.212977472,-34.031228714
20,path21846,cont20,953,166.221294017,333.724600321,1980.861261,282.895593,151.213025337,-34.031467475
20,path21846,cont20,954,166.422798035,334.654478434,1981.432456,280.259702,151.213144873,-34.031925188
20,path21846,cont20,955,166.474106035,334.937423847,1981.577897,279.457648,151.213175310,-34.032064462
20,path21846,cont20,956,166.499770618,335.143269678,1981.650647,278.874145,151.213190535,-34.032165785
20,path21846,cont20,957,166.556581950,336.486135911,1981.811696,275.067582,151.213224238,-34.032826781
20,path21846,cont20,958,166.572668617,336.635413826,1981.857297,274.644430,151.213233781,-34.032900260
20,path21846,cont20,959,166.580024033,336.761223199,1981.878147,274.287803,151.213238144,-34.032962187
20,path21846,cont20,960,166.705412719,337.201410485,1982.233580,273.040020,151.213312527,-34.033178860
20,path21846,cont20,961,166.963222716,338.074561933,1982.964381,270.564927,151.213465464,-34.033608651
20,path21846,cont20,962,166.987432091,338.333297971,1983.033007,269.831498,151.213479826,-34.033736008
20,path21846,cont20,963,167.020367424,338.649184009,1983.126369,268.936069,151.213499364,-34.033891496
20,path21846,cont20,964,167.103930777,339.631820038,1983.363247,266.150633,151.213548936,-34.034375177
20,path21846,cont20,965,167.147280109,340.031367325,1983.486129,265.018053,151.213574652,-34.034571845
20,path21846,cont20,966,167.133574693,340.460283361,1983.447282,263.802225,151.213566523,-34.034782969
20,path21846,cont20,967,167.073376694,341.361216058,1983.276650,261.248395,151.213530814,-34.035226433
20,path21846,cont20,968,167.060756069,341.729436678,1983.240878,260.204617,151.213523328,-34.035407681
20,path21846,cont20,969,167.034258048,342.058102091,1983.165768,259.272965,151.213507609,-34.035569459
20,path21846,cont20,970,166.892780050,343.241556868,1982.764739,255.918286,151.213423685,-34.036151986
20,path21846,cont20,971,166.876614009,343.427585407,1982.718916,255.390960,151.213414095,-34.036243555
20,path21846,cont20,972,166.859601301,343.580302905,1982.670692,254.958060,151.213404003,-34.036318726
20,path21846,cont20,973,166.708217302,345.125813510,1982.241587,250.577078,151.213314203,-34.037079468
20,path21846,cont20,974,166.051463269,346.824200364,1980.379947,245.762766,151.212924611,-34.037915456
20,path21846,cont20,975,165.762413919,347.571463063,1979.560606,243.644546,151.212753145,-34.038283277
20,path21846,cont20,976,165.582243254,347.956458267,1979.049893,242.553226,151.212646266,-34.038472781
20,path21846,cont20,977,165.335950570,348.522613676,1978.351749,240.948381,151.212500163,-34.038751456
20,path21846,cont20,978,165.214115238,348.718537632,1978.006393,240.393009,151.212427889,-34.038847894
20,path21846,cont20,979,165.019215220,348.947217004,1977.453927,239.744790,151.212312273,-34.038960455
20,path21846,cont20,980,164.613495204,348.930283671,1976.303862,239.792807,151.212071595,-34.038952117
20,path21846,cont20,981,163.795112506,348.991402420,1973.984055,239.619590,151.211586121,-34.038982196
20,path21846,cont20,982,163.328855824,348.976056587,1972.662392,239.663110,151.211309532,-34.038974639
20,path21846,cont20,983,162.827973122,349.026512628,1971.242578,239.520105,151.211012402,-34.038999471
20,path21846,cont20,984,162.218121776,349.105861169,1969.513879,239.295204,151.210650632,-34.039038524
20,path21846,cont20,985,161.638583741,349.160550543,1967.871106,239.140202,151.210306843,-34.039065440
20,path21846,cont20,986,161.187736393,348.976744504,1966.593122,239.661247,151.210039395,-34.038974962
20,path21846,cont20,987,160.083352344,348.660170549,1963.462605,240.558670,151.209384261,-34.038819128
20,path21846,cont20,988,159.948057658,348.613683258,1963.079095,240.690451,151.209304003,-34.038796245
20,path21846,cont20,989,159.787106327,348.686073257,1962.622859,240.485257,151.209208524,-34.038831876
20,path21846,cont20,990,158.851039610,349.120492627,1959.969464,239.253867,151.208653239,-34.039045702
20,path21846,cont20,991,158.257952263,349.373910540,1958.288286,238.535539,151.208301413,-34.039170437
20,path21846,cont20,992,157.489607564,349.297022625,1956.110317,238.753521,151.207845622,-34.039132586
20,path21846,cont20,993,156.567341514,348.525285968,1953.496033,240.941166,151.207298522,-34.038752709
20,path21846,cont20,994,156.170003498,349.824072618,1952.369738,237.259571,151.207062819,-34.039392005
20,path21846,cont20,995,156.084913499,350.223619905,1952.128543,236.126996,151.207012343,-34.039588672
20,path21846,cont20,996,155.596982151,350.946408646,1950.745445,234.078160,151.206722897,-34.039944445
20,path21846,cont20,997,155.185250802,351.613317387,1949.578346,232.187721,151.206478655,-34.040272713
20,path21846,cont20,998,154.990689450,351.922086133,1949.026840,231.312477,151.206363239,-34.040424696
20,path21846,cont20,999,154.964707367,352.009213424,1948.953191,231.065502,151.206347826,-34.040467582
20,path21846,cont20,1000,154.878432035,353.620420070,1948.708644,226.498292,151.206296649,-34.041260662
20,path21846,cont20,1001,155.011443367,355.185377550,1949.085693,222.062174,151.206375555,-34.042030977
20,path21846,cont20,1002,155.014247950,355.318568799,1949.093644,221.684622,151.206377219,-34.042096538
20,path21846,cont20,1003,155.016946700,355.457157547,1949.101295,221.291771,151.206378820,-34.042164755
20,path21846,cont20,1004,155.070794699,356.824524196,1949.253943,217.415758,151.206410766,-34.042837811
20,path21846,cont20,1005,155.078335324,357.216610233,1949.275321,216.304329,151.206415239,-34.043030806
20,path21846,cont20,1006,155.125746011,358.467957092,1949.409721,212.757192,151.206443366,-34.043646754
20,path21846,cont20,1007,155.130402678,358.715025006,1949.422923,212.056839,151.206446129,-34.043768367
20,path21846,cont20,1008,155.145139969,358.981381044,1949.464699,211.301812,151.206454871,-34.043899475
20,path21846,cont20,1009,155.224133968,360.067813114,1949.688626,208.222149,151.206501733,-34.044434247
20,path21846,cont20,1010,155.242681259,360.413253110,1949.741203,207.242946,151.206512736,-34.044604283
20,path21846,cont20,1011,155.249295843,360.783749147,1949.759955,206.192717,151.206516661,-34.044786651
20,path21846,cont20,1012,155.281892509,361.708467885,1949.852361,203.571458,151.206535999,-34.045241823
20,path21846,cont20,1013,155.288930426,362.111481213,1949.872314,202.429054,151.206540174,-34.045440197
20,path21846,cont20,1014,155.303667717,362.536084541,1949.914091,201.225450,151.206548917,-34.045649199
20,path21846,cont20,1015,155.332031050,363.356927864,1949.994497,198.898642,151.206565744,-34.046053241
20,path21846,cont20,1016,155.347694383,363.809815150,1950.038900,197.614863,151.206575036,-34.046276164
20,path21846,cont20,1017,155.364468966,364.295034519,1950.086453,196.239433,151.206584988,-34.046515003
20,path21846,cont20,1018,155.388863549,364.998614510,1950.155607,194.245026,151.206599460,-34.046861324
20,path21846,cont20,1019,155.406484799,365.508043254,1950.205560,192.800971,151.206609914,-34.047112079
20,path21846,cont20,1020,155.425376049,366.053958039,1950.259114,191.253491,151.206621121,-34.047380793
20,path21846,cont20,1021,155.445775424,366.640274698,1950.316943,189.591485,151.206633223,-34.047669395
20,path21846,cont20,1022,155.465328132,367.206350732,1950.372371,187.986855,151.206644823,-34.047948033
20,path21846,cont20,1023,155.465328132,368.904764044,1950.372383,183.172440,151.206644825,-34.048784038
20,path21846,cont20,1024,155.475752715,369.500632162,1950.401937,181.483360,151.206651010,-34.049077341
20,path21846,cont20,1025,155.475752715,370.007097572,1950.401941,180.047706,151.206651011,-34.049326637
20,path21846,cont20,1026,155.486494798,370.603071523,1950.432395,178.358325,151.206657384,-34.049619992
20,path21846,cont20,1027,155.487288548,372.301484835,1950.434657,173.543911,151.206657858,-34.050455997
20,path21846,cont20,1028,155.476863965,372.897432327,1950.405111,171.854607,151.206651675,-34.050749339
20,path21846,cont20,1029,155.457972715,373.423132946,1950.351566,170.364428,151.206640469,-34.051008103
20,path21846,cont20,1030,155.447468757,373.999871688,1950.321795,168.729574,151.206634239,-34.051291990
20,path21846,cont20,1031,155.447468757,374.566027098,1950.321799,167.124719,151.206634239,-34.051570667
20,path21846,cont20,1032,155.425111465,375.154804382,1950.258429,165.455740,151.206620978,-34.051860479
20,path21846,cont20,1033,155.425111465,375.698285000,1950.258432,163.915160,151.206620979,-34.052127995
20,path21846,cont20,1034,155.404447507,376.220916452,1950.199862,162.433682,151.206608721,-34.052385248
20,path21846,cont20,1035,155.377523508,376.901371860,1950.123547,160.504827,151.206592751,-34.052720187
20,path21846,cont20,1036,155.357970800,377.396751229,1950.068126,159.100599,151.206581152,-34.052964026
20,path21846,cont20,1037,155.339846842,377.854030598,1950.016754,157.804371,151.206570402,-34.053189111
20,path21846,cont20,1038,155.269150176,378.709163921,1949.816362,155.380366,151.206528465,-34.053610031
20,path21846,cont20,1039,155.252560801,379.095243916,1949.769340,154.285964,151.206518625,-34.053800070
20,path21846,cont20,1040,155.237400176,379.449071203,1949.726368,153.282987,151.206509632,-34.053974233
20,path21846,cont20,1041,155.192865510,380.484862023,1949.600136,150.346880,151.206483215,-34.054484078
20,path21846,cont20,1042,155.179583427,380.793736603,1949.562489,149.471328,151.206475336,-34.054636114
20,path21846,cont20,1043,155.167386135,381.076867224,1949.527916,148.668751,151.206468101,-34.054775479
20,path21846,cont20,1044,155.055036116,382.322366792,1949.209455,145.138195,151.206401455,-34.055388547
20,path21846,cont20,1045,155.046992783,382.492229290,1949.186656,144.656694,151.206396684,-34.055472158
20,path21846,cont20,1046,155.036330075,382.643174080,1949.156432,144.228818,151.206390359,-34.055546457
20,path21846,cont20,1047,154.886470076,384.190801352,1948.731646,139.841836,151.206301463,-34.056308240
20,path21846,cont20,1048,154.579471393,385.580498834,1947.861430,135.902537,151.206119350,-34.056992285
20,path21846,cont20,1049,154.496836727,385.889373414,1947.627194,135.026988,151.206070330,-34.057144321
20,path21846,cont20,1050,154.379912062,386.398960907,1947.295760,133.582489,151.206000970,-34.057395153
20,path21846,cont20,1051,154.283479376,386.981388192,1947.022414,131.931513,151.205943766,-34.057681839
20,path21846,cont20,1052,154.118972044,387.588024851,1946.556102,130.211914,151.205846179,-34.057980441
20,path21846,cont20,1053,153.896555360,388.290996300,1945.925639,128.219243,151.205714240,-34.058326462
20,path21846,cont20,1054,153.717316029,388.764018377,1945.417566,126.878396,151.205607914,-34.058559295
20,path21846,cont20,1055,153.535370010,389.286755662,1944.901821,125.396624,151.205499982,-34.058816599
20,path21846,cont20,1056,153.422678678,389.513318368,1944.582385,124.754402,151.205433133,-34.058928119
20,path21846,cont20,1057,153.197383327,389.852990447,1943.943760,123.791558,151.205299485,-34.059095313
20,path21846,cont20,1058,152.445971961,390.041982320,1941.813792,123.255863,151.204853740,-34.059188334
20,path21846,cont20,1059,152.302292630,390.086432319,1941.406515,123.129868,151.204768508,-34.059210213
20,path21846,cont20,1060,151.506769932,390.257882317,1939.151508,122.643899,151.204296595,-34.059294600
20,path21846,cont20,1061,150.918511231,389.878231697,1937.484012,123.720102,151.203947632,-34.059107721
20,path21846,cont20,1062,149.815735849,389.287761079,1934.358054,125.393927,151.203293452,-34.058817067
20,path21846,cont20,1063,149.119273149,388.288720883,1932.383836,128.225889,151.202880301,-34.058325307
20,path21846,cont20,1064,148.500277803,387.589453601,1930.629212,130.208095,151.202513104,-34.057981105
20,path21846,cont20,1065,148.329507784,387.383634228,1930.145141,130.791529,151.202411801,-34.057879793
20,path21846,cont20,1066,148.124529787,387.164929648,1929.564104,131.411489,151.202290206,-34.057772140
20,path21846,cont20,1067,147.718555771,386.298816117,1928.413314,133.866638,151.202049376,-34.057345812
20,path21846,cont20,1068,147.490127753,385.891225497,1927.765803,135.022025,151.201913869,-34.057145183
20,path21846,cont20,1069,147.123439070,385.198070089,1926.726374,136.986896,151.201696344,-34.056803990
20,path21846,cont20,1070,146.693250388,384.454273432,1925.506945,139.095320,151.201441150,-34.056437870
20,path21846,cont20,1071,146.545845723,384.192918018,1925.089106,139.836178,151.201353708,-34.056309223
20,path21846,cont20,1072,146.503515036,384.122115519,1924.969114,140.036881,151.201328596,-34.056274372
20,path21846,cont20,1073,146.433072370,384.023161354,1924.769435,140.317384,151.201286809,-34.056225663
20,path21846,cont20,1074,145.949797689,382.979882825,1923.399525,143.274738,151.201000123,-34.055712129
20,path21846,cont20,1075,145.385922988,381.847651381,1921.801144,146.484246,151.200665625,-34.055154810
20,path21846,cont20,1076,144.919581639,380.975161392,1920.479235,148.957472,151.200388984,-34.054725343
20,path21846,cont20,1077,144.826109641,380.796355978,1920.214275,149.464327,151.200333535,-34.054637330
20,path21846,cont20,1078,144.798931641,380.738862020,1920.137236,149.627304,151.200317413,-34.054609029
20,path21846,cont20,1079,144.741612308,380.626599313,1919.974756,149.945532,151.200283410,-34.054553770
20,path21846,cont20,1080,144.318704960,379.522651827,1918.775965,153.074859,151.200032535,-34.054010374
20,path21846,cont20,1081,144.132694941,379.098048499,1918.248693,154.278470,151.199922191,-34.053801371
20,path21846,cont20,1082,143.801904924,378.343245175,1917.311022,156.418090,151.199725961,-34.053429834
20,path21846,cont20,1083,143.388395575,377.399820396,1916.138871,159.092390,151.199480661,-34.052965452
20,path21846,cont20,1084,143.281800243,377.167145815,1915.836712,159.751946,151.199417427,-34.052850922
20,path21846,cont20,1085,143.050070226,376.692086446,1915.179841,161.098584,151.199279962,-34.052617083
20,path21846,cont20,1086,142.771519542,375.981230413,1914.390249,163.113627,151.199114721,-34.052267178
20,path21846,cont20,1087,142.655441543,375.701486459,1914.061210,163.906609,151.199045862,-34.052129480
20,path21846,cont20,1088,142.392300192,375.041007092,1913.315298,165.778850,151.198889763,-34.051804372
20,path21846,cont20,1089,142.284858194,374.771528970,1913.010738,166.542732,151.198826026,-34.051671727
20,path21846,cont20,1090,141.978875510,374.003258355,1912.143387,168.720526,151.198644513,-34.051293561
20,path21846,cont20,1091,141.796418846,373.563679611,1911.626187,169.966587,151.198536277,-34.051077187
20,path21846,cont20,1092,141.358694830,372.566306290,1910.385397,172.793813,151.198276612,-34.050586249
20,path21846,cont20,1093,141.287408144,372.376494209,1910.183325,173.331868,151.198234324,-34.050492818
20,path21846,cont20,1094,141.262008144,372.305030251,1910.111325,173.534444,151.198219256,-34.050457641
20,path21846,cont20,1095,141.211631478,372.157286920,1909.968525,173.953248,151.198189372,-34.050384918
20,path21846,cont20,1096,140.854764128,371.112579641,1908.956932,176.914646,151.197977672,-34.049870682
20,path21846,cont20,1097,140.682044130,370.606722773,1908.467332,178.348582,151.197875212,-34.049621684
20,path21846,cont20,1098,140.407218780,369.863772782,1907.688300,180.454600,151.197712182,-34.049255981
20,path21846,cont20,1099,140.282250781,369.526032161,1907.334060,181.411983,151.197638049,-34.049089735
20,path21846,cont20,1100,140.053822763,368.908468211,1906.686548,183.162572,151.197502541,-34.048785752
20,path21846,cont20,1101,139.952053431,368.622480089,1906.398068,183.973254,151.197442170,-34.048644980
20,path21846,cont20,1102,139.667152747,367.863364057,1905.590477,186.125097,151.197273163,-34.048271320
20,path21846,cont20,1103,139.502984083,367.375181355,1905.125117,187.508933,151.197175775,-34.048031022
20,path21846,cont20,1104,139.450324063,367.210240107,1904.975844,187.976486,151.197144537,-34.047949833
20,path21846,cont20,1105,139.328827397,366.870647403,1904.631444,188.939119,151.197072463,-34.047782676
20,path21846,cont20,1106,139.060775380,366.120765329,1903.871612,191.064786,151.196913450,-34.047413561
20,path21846,cont20,1107,138.843097383,365.512091379,1903.254572,192.790175,151.196784320,-34.047113954
20,path21846,cont20,1108,138.626268698,364.858808679,1902.639940,194.642015,151.196655694,-34.046792388
20,path21846,cont20,1109,138.279307348,363.813863275,1901.656427,197.604088,151.196449871,-34.046278035
20,path21846,cont20,1110,138.201244682,363.587379945,1901.435147,198.246093,151.196403563,-34.046166553
20,path21846,cont20,1111,137.975777352,362.964762452,1900.796027,200.011007,151.196269812,-34.045860082
20,path21846,cont20,1112,137.766145334,362.326031835,1900.201795,201.821596,151.196145455,-34.045545680
20,path21846,cont20,1113,137.700444001,362.115635171,1900.015554,202.418001,151.196106480,-34.045442117
20,path21846,cont20,1114,137.574377982,361.712701218,1899.658202,203.560184,151.196031695,-34.045243781
20,path21846,cont20,1115,137.358054651,361.037669768,1899.045001,205.473674,151.195903369,-34.044911510
20,path21846,cont20,1116,137.168488633,360.417486443,1898.507648,207.231687,151.195790915,-34.044606238
20,path21846,cont20,1117,136.955043969,359.744068951,1897.902608,209.140601,151.195664296,-34.044274762
20,path21846,cont20,1118,136.791724617,359.228687083,1897.439655,210.601537,151.195567413,-34.044021075
20,path21846,cont20,1119,136.630349952,358.719337714,1896.982215,212.045373,151.195471683,-34.043770358
20,path21846,cont20,1120,136.546783953,358.455865634,1896.745335,212.792229,151.195422110,-34.043640670
20,path21846,cont20,1121,136.284319936,357.627561061,1896.001342,215.140196,151.195266412,-34.043232954
20,path21846,cont20,1122,136.139793938,357.166233567,1895.591662,216.447906,151.195180677,-34.043005875
20,path21846,cont20,1123,136.096362584,357.021188986,1895.468549,216.859059,151.195154912,-34.042934479
20,path21846,cont20,1124,136.011526585,356.747212947,1895.228069,217.635690,151.195104586,-34.042799620
20,path21846,cont20,1125,135.729755922,355.879802958,1894.429349,220.094509,151.194937435,-34.042372655
20,path21846,cont20,1126,135.564573903,355.322960882,1893.961116,221.672970,151.194839447,-34.042098561
20,path21846,cont20,1127,135.329541885,354.583503391,1893.294883,223.769086,151.194700022,-34.041734578
20,path21846,cont20,1128,135.239710553,354.274126104,1893.040243,224.646067,151.194646732,-34.041582294
20,path21846,cont20,1129,135.041675222,353.624891528,1892.478882,226.486431,151.194529255,-34.041262721
20,path21846,cont20,1130,134.936521869,353.279980699,1892.180809,227.464138,151.194466876,-34.041092946
20,path21846,cont20,1131,134.593031853,352.153226130,1891.207136,230.658111,151.194263112,-34.040538324
20,path21846,cont20,1132,134.538421854,351.981617382,1891.052336,231.144565,151.194230716,-34.040453853
20,path21846,cont20,1133,134.522599770,351.926742800,1891.007486,231.300116,151.194221331,-34.040426842
20,path21846,cont20,1134,134.492035104,351.825407384,1890.920846,231.587368,151.194203199,-34.040376962
20,path21846,cont20,1135,134.140247754,350.683254065,1889.923653,234.824992,151.193994513,-34.039814760
20,path21846,cont20,1136,134.006305089,350.228699905,1889.543972,236.113502,151.193915056,-34.039591015
20,path21846,cont20,1137,133.747397072,349.379651999,1888.810059,238.520269,151.193761467,-34.039173089
20,path21846,cont20,1138,133.498646408,348.530551176,1888.104938,240.927187,151.193613904,-34.038755136
20,path21846,cont20,1139,133.363013056,348.067503890,1887.720465,242.239771,151.193533444,-34.038527211
20,path21846,cont20,1140,133.079721039,347.011207862,1886.917431,245.234016,151.193365391,-34.038007271
20,path21846,cont20,1141,133.029344373,346.832481822,1886.774631,245.740645,151.193335506,-34.037919297
20,path21846,cont20,1142,132.999118373,346.734771199,1886.688951,246.017622,151.193317576,-34.037871201
20,path21846,cont20,1143,132.901751708,346.407957869,1886.412951,246.944029,151.193259816,-34.037710334
20,path21846,cont20,1144,132.594245024,345.443207673,1885.541278,249.678774,151.193077398,-34.037235455
20,path21846,cont20,1145,132.503821025,345.134412469,1885.284958,250.554106,151.193023757,-34.037083457
20,path21846,cont20,1146,132.338046340,344.568415809,1884.815044,252.158517,151.192925417,-34.036804857
20,path21846,cont20,1147,132.205373675,344.135610398,1884.438964,253.385376,151.192846714,-34.036591817
20,path21846,cont20,1148,132.008354344,343.436448948,1883.880483,255.367265,151.192729838,-34.036247669
20,path21846,cont20,1149,131.801939659,342.842750414,1883.295371,257.050204,151.192607390,-34.035955433
20,path21846,cont20,1150,131.618130974,342.147557715,1882.774337,259.020842,151.192498351,-34.035613239
20,path21846,cont20,1151,131.492485642,341.738379595,1882.418177,260.180726,151.192423816,-34.035411829
20,path21846,cont20,1152,131.423312976,341.524755014,1882.222097,260.786280,151.192382782,-34.035306677
20,path21846,cont20,1153,131.210632958,340.929812938,1881.619225,262.472744,151.192256617,-34.035013829
20,path21846,cont20,1154,130.952314961,340.299813571,1880.886986,264.258585,151.192103379,-34.034703724
20,path21846,cont20,1155,130.859692275,340.040389616,1880.624433,264.993966,151.192048434,-34.034576028
20,path21846,cont20,1156,130.739719610,339.567552747,1880.284352,266.334300,151.191977264,-34.034343284
20,path21846,cont20,1157,130.590960278,338.964540880,1879.862671,268.043636,151.191889017,-34.034046464
20,path21846,cont20,1158,130.430180926,338.342426096,1879.406918,269.807123,151.191793640,-34.033740241
20,path21846,cont20,1159,130.210809596,337.648318188,1878.785077,271.774687,151.191663505,-34.033398580
20,path21846,cont20,1160,130.104132243,337.231361318,1878.482684,272.956620,151.191600222,-34.033193342
20,path21846,cont20,1161,129.934883578,336.644436117,1878.002924,274.620357,151.191499821,-34.032904440
20,path21846,cont20,1162,129.841665579,336.321009455,1877.738683,275.537164,151.191444523,-34.032745240
20,path21846,cont20,1163,129.519596229,335.059661346,1876.825728,279.112662,151.191253466,-34.032124367
20,path21846,cont20,1164,129.485052230,334.946472597,1876.727808,279.433515,151.191232974,-34.032068652
20,path21846,cont20,1165,129.469124313,334.895751973,1876.682658,279.577291,151.191223525,-34.032043686
20,path21846,cont20,1166,129.057308298,333.712720529,1875.515306,282.930793,151.190979229,-34.031461363
20,path21846,cont20,1167,128.924638279,333.248482618,1875.139233,284.246752,151.190900527,-34.031232851
20,path21846,cont20,1168,128.662171615,332.411552629,1874.395233,286.619170,151.190744827,-34.030820890
20,path21846,cont20,1169,128.652434949,332.377791796,1874.367633,286.714870,151.190739052,-34.030804272
20,path21846,cont20,1170,128.402416931,331.550598473,1873.658919,289.059687,151.190590737,-34.030397103
20,path21846,cont20,1171,128.265767578,331.111601812,1873.271567,290.304097,151.190509674,-34.030181015
20,path21846,cont20,1172,127.914316250,329.938650994,1872.275326,293.629021,151.190301187,-34.029603654
20,path21846,cont20,1173,127.887990208,329.852608495,1872.200701,293.872923,151.190285570,-34.029561302
20,path21846,cont20,1174,127.874364167,329.806729745,1872.162076,294.002974,151.190277487,-34.029538719
20,path21846,cont20,1175,127.828644167,329.626310372,1872.032475,294.514402,151.190250365,-34.029449911
20,path21846,cont20,1176,127.474147484,328.510747678,1871.027602,297.676651,151.190040072,-34.028900798
20,path21846,cont20,1177,127.370769486,328.154724349,1870.734562,298.685858,151.189978746,-34.028725553
20,path21846,cont20,1178,127.265020820,327.588807065,1870.434800,300.290042,151.189916014,-34.028446992
20,path21846,cont20,1179,127.176036155,327.112133737,1870.182559,301.641250,151.189863227,-34.028212360
20,path21846,cont20,1180,127.053610802,326.456840204,1869.835524,303.498785,151.189790602,-34.027889806
20,path21846,cont20,1181,126.757026118,325.835042920,1868.994813,305.261378,151.189614663,-34.027583738
20,path21846,cont20,1182,126.549169454,325.172023554,1868.405613,307.140817,151.189491359,-34.027257380
20,path21846,cont20,1183,126.391438102,324.759035434,1867.958501,308.311502,151.189397791,-34.027054095
20,path21846,cont20,1184,126.328022770,324.568006269,1867.778741,308.853006,151.189360172,-34.026960065
20,path21846,cont20,1185,126.137861439,324.031404818,1867.239701,310.374093,151.189247365,-34.026695933
20,path21846,cont20,1186,125.788106089,323.412412117,1866.248271,312.128738,151.189039885,-34.026391246
20,path21846,cont20,1187,125.630713403,323.061204205,1865.802120,313.124297,151.188946517,-34.026218371
20,path21846,cont20,1188,125.277825387,322.227078799,1864.801809,315.488769,151.188737179,-34.025807789
20,path21846,cont20,1189,125.258854762,322.178316091,1864.748034,315.626995,151.188725925,-34.025783786
20,path21846,cont20,1190,124.930348100,321.363320060,1863.816835,317.937240,151.188531050,-34.025382620
20,path21846,cont20,1191,124.785486081,321.023727356,1863.406203,318.899874,151.188445116,-34.025215463
20,path21846,cont20,1192,124.447330064,320.089933409,1862.447651,321.546870,151.188244516,-34.024755821
20,path21846,cont20,1193,124.276218733,319.837467996,1861.962613,322.262530,151.188143011,-34.024631550
20,path21846,cont20,1194,124.176904734,319.665515290,1861.681093,322.749960,151.188084096,-34.024546909
20,path21846,cont20,1195,123.771187364,318.986409256,1860.531032,324.675007,151.187843419,-34.024212632
20,path21846,cont20,1196,123.642409366,318.776277176,1860.165993,325.270664,151.187767026,-34.024109198
20,path21846,cont20,1197,123.195202684,317.967789894,1858.898324,327.562465,151.187501737,-34.023711235
20,path21846,cont20,1198,123.032137332,317.691432606,1858.436093,328.345849,151.187405004,-34.023575203
20,path21846,cont20,1199,122.756970669,317.118847822,1857.656095,329.968940,151.187241771,-34.023293360
20,path21846,cont20,1200,122.219257967,316.810237826,1856.131879,330.843764,151.186922793,-34.023141449
20,path21846,cont20,1201,121.442446602,316.270064499,1853.929907,332.375001,151.186461979,-34.022875556
20,path21846,cont20,1202,121.217148605,316.119199084,1853.291270,332.802661,151.186328329,-34.022801294
20,path21846,cont20,1203,121.066867919,315.987119086,1852.865280,333.177068,151.186239181,-34.022736280
20,path21846,cont20,1204,120.893555255,316.095995126,1852.374004,332.868450,151.186136370,-34.022789870
20,path21846,cont20,1205,120.691289236,316.270143874,1851.800657,332.374806,151.186016383,-34.022875589
20,path21846,cont20,1206,119.968495204,316.864503867,1849.751812,330.690031,151.185587615,-34.023168145
20,path21846,cont20,1207,119.376931857,317.458678651,1848.074956,329.005775,151.185236693,-34.023460609
20,path21846,cont20,1208,119.216067838,317.806420521,1847.618969,328.020054,151.185141267,-34.023631776
20,path21846,cont20,1209,119.146556506,317.968133853,1847.421932,327.561656,151.185100033,-34.023711376
20,path21846,cont20,1210,118.954532508,318.392551972,1846.877619,326.358585,151.184986122,-34.023920285
20,path21846,cont20,1211,118.378465807,319.666017998,1845.244695,322.748773,151.184644395,-34.024547115
20,path21846,cont20,1212,118.185851789,320.167085908,1844.698710,321.328427,151.184530135,-34.024793753
20,path21846,cont20,1213,117.803753773,321.246903395,1843.615613,318.267533,151.184303471,-34.025325266
20,path21846,cont20,1214,117.760743107,321.364007977,1843.493695,317.935584,151.184277957,-34.025382908
20,path21846,cont20,1215,117.742619149,321.419623392,1843.442321,317.777934,151.184267206,-34.025410283
20,path21846,cont20,1216,117.687247149,321.646953390,1843.285363,317.133535,151.184234359,-34.025522181
20,path21846,cont20,1217,117.452551152,322.826095458,1842.620097,313.791084,151.184095136,-34.026102585
20,path21846,cont20,1218,117.395911799,323.061892122,1842.459547,313.122685,151.184061537,-34.026218650
20,path21846,cont20,1219,117.294311800,323.456782742,1842.171552,312.003311,151.184001268,-34.026413026
20,path21846,cont20,1220,117.116088469,324.185921483,1841.666361,309.936462,151.183895545,-34.026771927
20,path21846,cont20,1221,116.963098450,324.759882100,1841.232696,308.309488,151.183804790,-34.027054445
20,path21846,cont20,1222,116.759136453,325.525162924,1840.654545,306.140190,151.183683799,-34.027431135
20,path21846,cont20,1223,116.690728433,325.761224171,1840.460636,305.471041,151.183643218,-34.027547331
20,path21846,cont20,1224,116.498196435,326.457845621,1839.914885,303.496368,151.183529007,-34.027890225
20,path21846,cont20,1225,116.373059103,326.835114991,1839.560170,302.426945,151.183454775,-34.028075927
20,path21846,cont20,1226,115.997480421,328.155835599,1838.495555,298.683175,151.183231979,-34.028726019
20,path21846,cont20,1227,115.841611735,329.697007038,1838.053737,294.314493,151.183139518,-34.029484625
20,path21846,cont20,1228,115.828567777,329.853799120,1838.016763,293.870042,151.183131781,-34.029561802
20,path21846,cont20,1229,115.772264444,330.080203075,1837.857166,293.228268,151.183098381,-34.029673244
20,path21846,cont20,1230,115.556790426,331.108797229,1837.246385,290.312568,151.182970561,-34.030179544
20,path21846,cont20,1231,115.434277761,331.551789098,1836.899111,289.056844,151.182897886,-34.030397596
20,path21846,cont20,1232,115.306346429,332.246373256,1836.536478,287.087944,151.182821997,-34.030739489
20,path21846,cont20,1233,115.121437077,333.249752618,1836.012337,284.243718,151.182712308,-34.031233378
20,path21846,cont20,1234,114.994352412,333.939627193,1835.652105,282.288167,151.182636921,-34.031572952
20,path21846,cont20,1235,114.941520413,334.311049272,1835.502348,281.235316,151.182605581,-34.031755776
20,path21846,cont20,1236,114.832218394,334.947821972,1835.192523,279.430291,151.182540742,-34.032069212
20,path21846,cont20,1237,114.736206395,335.378351967,1834.920368,278.209891,151.182483788,-34.032281130
20,path21846,cont20,1238,114.394494378,336.558843410,1833.951751,274.863620,151.182281082,-34.032862198
20,path21846,cont20,1239,114.372825004,336.645891326,1833.890327,274.616870,151.182268227,-34.032905045
20,path21846,cont20,1240,114.370443754,336.708782783,1833.883577,274.438595,151.182266815,-34.032936002
20,path21846,cont20,1241,114.307790421,337.494912773,1833.705984,272.210191,151.182229649,-34.033322956
20,path21846,cont20,1242,114.231082422,338.266808180,1833.488551,270.022137,151.182184146,-34.033702904
20,path21846,cont20,1243,114.218885130,338.343934221,1833.453977,269.803512,151.182176911,-34.033740867
20,path21846,cont20,1244,114.191283797,338.461038803,1833.375738,269.471562,151.182160538,-34.033798509
20,path21846,cont20,1245,113.893937114,339.626131496,1832.532880,266.168940,151.181984150,-34.034371998
20,path21846,cont20,1246,113.800888448,340.042082950,1832.269125,264.989865,151.181928953,-34.034576740
20,path21846,cont20,1247,113.345895079,340.773602940,1830.979395,262.916278,151.181659047,-34.034936811
20,path21846,cont20,1248,112.617764401,341.740152303,1828.915425,260.176475,151.181227113,-34.035412568
20,path21846,cont20,1249,111.978197700,342.795760415,1827.102501,257.184217,151.180847716,-34.035932162
20,path21846,cont20,1250,111.542251685,343.438301032,1825.866762,255.362855,151.180589109,-34.036248435
20,path21846,cont20,1251,111.283428334,343.795858944,1825.133097,254.349312,151.180435572,-34.036424433
20,path21846,cont20,1252,110.927576984,344.193104356,1824.124395,253.223273,151.180224477,-34.036619966
20,path21846,cont20,1253,110.159316952,344.364633728,1821.946667,252.737078,151.179768737,-34.036704392
20,path21846,cont20,1254,109.988462267,344.381831645,1821.462358,252.688335,151.179667384,-34.036712856
20,path21846,cont20,1255,109.237304902,344.519097476,1819.333110,252.299265,151.179221789,-34.036780416
20,path21846,cont20,1256,107.546945506,344.056050191,1814.541572,253.611913,151.178219047,-34.036552480
20,path21846,cont20,1257,107.246550822,343.740402278,1813.690064,254.506678,151.178040849,-34.036397107
20,path21846,cont20,1258,106.932270806,343.438486240,1812.799196,255.362519,151.177854414,-34.036248494
20,path21846,cont20,1259,106.371102792,342.921702080,1811.208491,256.827446,151.177521522,-34.035994114
20,path21846,cont20,1260,105.856673423,342.524192085,1809.750274,257.954270,151.177216356,-34.035798445
20,path21846,cont20,1261,105.487952740,342.110939382,1808.705087,259.125714,151.176997626,-34.035595028
20,path21846,cont20,1262,105.076560058,341.740443345,1807.538940,260.175959,151.176753583,-34.035412657
20,path21846,cont20,1263,104.596672043,341.308220017,1806.178635,261.401182,151.176468907,-34.035199902
20,path21846,cont20,1264,104.166398695,340.826043356,1804.958968,262.768004,151.176213663,-34.034962558
20,path21846,cont20,1265,103.876672011,340.333362738,1804.137698,264.164595,151.176041793,-34.034720045
20,path21846,cont20,1266,103.705476013,340.042294616,1803.652419,264.989679,151.175940237,-34.034576772
20,path21846,cont20,1267,103.127800645,339.387636083,1802.014922,266.845433,151.175597552,-34.034254527
20,path21846,cont20,1268,102.476211278,338.910301297,1800.167907,268.198539,151.175211021,-34.034019565
20,path21846,cont20,1269,102.161759282,338.660111300,1799.276552,268.907754,151.175024484,-34.033896413
20,path21846,cont20,1270,101.832323932,338.344225263,1798.342724,269.803195,151.174829059,-34.033740922
20,path21846,cont20,1271,101.328562564,337.799130686,1796.914745,271.348371,151.174530221,-34.033472608
20,path21846,cont20,1272,100.786021216,337.182360486,1795.376840,273.096723,151.174208378,-34.033169013
20,path21846,cont20,1273,100.592814531,336.840201323,1794.829169,274.066634,151.174093765,-34.033000592
20,path21846,cont20,1274,100.478683866,336.646155909,1794.505650,274.616690,151.174026061,-34.032905077
20,path21846,cont20,1275,100.266003848,336.123683207,1793.902778,276.097728,151.173899896,-34.032647900
20,path21846,cont20,1276,100.074403184,335.663017171,1793.359659,277.403565,151.173786236,-34.032421146
20,path21846,cont20,1277,99.791873166,334.948086555,1792.558787,279.430157,151.173618635,-34.032069235
20,path21846,cont20,1278,99.680197834,334.361108438,1792.242226,281.094042,151.173552387,-34.031780308
20,path21846,cont20,1279,99.425692483,333.581328448,1791.520793,283.304459,151.173401410,-34.031396477
20,path21846,cont20,1280,99.346359818,333.250043660,1791.295912,284.243540,151.173354349,-34.031233409
20,path21846,cont20,1281,99.310545818,333.034381788,1791.194391,284.854868,151.173333103,-34.031127254
20,path21846,cont20,1282,99.096003133,331.552053682,1790.586233,289.056764,151.173205832,-34.030397610
20,path21846,cont20,1283,98.729229784,330.222548907,1789.546559,292.825465,151.172988255,-34.029743189
20,path21846,cont20,1284,98.680969785,329.854090161,1789.409757,293.869920,151.172959627,-34.029561823
20,path21846,cont20,1285,98.539322453,329.294681627,1789.008236,295.455656,151.172875599,-34.029286466
20,path21846,cont20,1286,98.447120454,328.808112883,1788.746874,296.834914,151.172820903,-34.029046963
20,path21846,cont20,1287,98.251035102,328.156020808,1788.191041,298.683377,151.172704582,-34.028725984
20,path21846,cont20,1288,98.076537105,327.482418108,1787.696400,300.592815,151.172601067,-34.028394417
20,path21846,cont20,1289,97.880451753,326.934704156,1787.140568,302.145403,151.172484746,-34.028124816
20,path21846,cont20,1290,97.735925755,326.458030829,1786.730888,303.496613,151.172399010,-34.027890183
20,path21846,cont20,1291,97.735925755,324.760146684,1786.730876,308.309527,151.172399008,-34.027054438
20,path21846,cont20,1292,97.671327735,324.493790645,1786.547763,309.064557,151.172360687,-34.026923330
20,path21846,cont20,1293,97.406236405,323.250883994,1785.796319,312.587778,151.172203430,-34.026311535
20,path21846,cont20,1294,97.376349072,323.092213371,1785.711599,313.037556,151.172185700,-34.026233433
20,path21846,cont20,1295,97.371004489,323.062156705,1785.696449,313.122756,151.172182530,-34.026218638
20,path21846,cont20,1296,97.358648447,323.014320039,1785.661424,313.258357,151.172175200,-34.026195092
20,path21846,cont20,1297,97.071292430,321.700822556,1784.846868,316.981680,151.172004735,-34.025548550
20,path21846,cont20,1298,96.973925764,321.364272560,1784.570867,317.935686,151.171946976,-34.025382890
20,path21846,cont20,1299,96.765309746,320.720223818,1783.979515,319.761350,151.171823221,-34.025065870
20,path21846,cont20,1300,96.672938414,320.403226530,1783.717674,320.659932,151.171768425,-34.024909835
20,path21846,cont20,1301,96.409712396,319.666282581,1782.971522,322.748924,151.171612275,-34.024547089
20,path21846,cont20,1302,96.324029731,319.055862381,1782.728640,324.479257,151.171561446,-34.024246623
20,path21846,cont20,1303,96.312943689,318.567679678,1782.697211,325.863087,151.171554869,-34.024006326
20,path21846,cont20,1304,96.244617690,317.968477811,1782.503529,327.561620,151.171514336,-34.023711382
20,path21846,cont20,1305,96.185946337,317.496805109,1782.337214,328.898651,151.171479531,-34.023479211
20,path21846,cont20,1306,96.100602338,316.656488453,1782.095290,331.280662,151.171428903,-34.023065584
20,path21846,cont20,1307,96.054628338,316.270593666,1781.964968,332.374542,151.171401630,-34.022875635
20,path21846,cont20,1308,96.015681672,315.970106378,1781.854567,333.226321,151.171378526,-34.022727727
20,path21846,cont20,1309,95.868531007,314.725347643,1781.437441,336.754787,151.171291233,-34.022115022
20,path21846,cont20,1310,95.849216424,314.572788895,1781.382690,337.187239,151.171279775,-34.022039928
20,path21846,cont20,1311,95.831277675,314.457642230,1781.331840,337.513641,151.171269133,-34.021983250
20,path21846,cont20,1312,95.716726322,313.723846823,1781.007124,339.593702,151.171201179,-34.021622055
20,path21846,cont20,1313,95.610300323,312.981822874,1780.705441,341.697087,151.171138045,-34.021256809
20,path21846,cont20,1314,95.595986365,312.874984125,1780.664866,341.999939,151.171129553,-34.021204220
20,path21846,cont20,1315,95.591594282,312.749174752,1780.652415,342.356565,151.171126948,-34.021142293
20,path21846,cont20,1316,95.498799616,311.396201435,1780.389367,346.191780,151.171071899,-34.020476322
20,path21846,cont20,1317,95.491523575,311.177073522,1780.368741,346.812932,151.171067582,-34.020368461
20,path21846,cont20,1318,95.483744825,310.942890816,1780.346690,347.476760,151.171062967,-34.020253190
20,path21846,cont20,1319,95.483829491,309.713557290,1780.346921,350.961495,151.171063016,-34.019648079
20,path21846,cont20,1320,95.475521575,309.479348126,1780.323369,351.625397,151.171058087,-34.019532794
20,path21846,cont20,1321,95.456974283,309.218151463,1780.270793,352.365800,151.171047084,-34.019404226
20,path21846,cont20,1322,95.362658264,308.137487310,1780.003435,355.429113,151.170991133,-34.018872293
20,path21846,cont20,1323,95.338263681,307.781543356,1779.934283,356.438092,151.170976662,-34.018697087
20,path21846,cont20,1324,95.302619015,307.365089195,1779.833240,357.618597,151.170955516,-34.018492097
20,path21846,cont20,1325,95.223201682,306.579964621,1779.608117,359.844157,151.170908404,-34.018105637
20,path21846,cont20,1326,95.181969016,306.083817961,1779.491234,361.250563,151.170883943,-34.017861419
20,path21846,cont20,1327,95.138619683,305.502501926,1779.368351,362.898394,151.170858227,-34.017575279
20,path21846,cont20,1328,95.097979684,305.008048599,1779.253148,364.300000,151.170834118,-34.017331896
20,path21846,cont20,1329,95.052346997,304.386013190,1779.123792,366.063257,151.170807047,-34.017025712
20,path21846,cont20,1330,94.986560998,303.651873825,1778.937308,368.144291,151.170768021,-34.016664348
20,path21846,cont20,1331,94.969124956,303.439969036,1778.887882,368.744969,151.170757678,-34.016560043
20,path21846,cont20,1332,94.900544957,302.688287795,1778.693478,370.875728,151.170716994,-34.016190044
20,path21846,cont20,1333,94.852538958,301.859506972,1778.557393,373.225037,151.170688515,-34.015782095
20,path21846,cont20,1334,94.851216041,301.818020306,1778.553643,373.342637,151.170687730,-34.015761675
20,path21846,cont20,1335,94.805496042,300.990562400,1778.424038,375.688196,151.170660608,-34.015354377
20,path21846,cont20,1336,94.770190042,300.244649076,1778.323954,377.802603,151.170639663,-34.014987218
20,path21846,cont20,1337,94.759950667,300.028510954,1778.294927,378.415281,151.170633588,-34.014880828
20,path21846,cont20,1338,94.725068001,299.292942838,1778.196043,380.500363,151.170612894,-34.014518761
20,path21846,cont20,1339,94.646584648,298.671145554,1777.973567,382.262947,151.170566336,-34.014212695
20,path21846,cont20,1340,94.591127982,298.161108269,1777.816365,383.708728,151.170533438,-34.013961640
20,path21846,cont20,1341,94.521785983,297.595217443,1777.619802,385.312836,151.170492302,-34.013683093
20,path21846,cont20,1342,94.503582650,297.117353490,1777.568199,386.667415,151.170481503,-34.013447875
20,path21846,cont20,1343,94.467514650,296.339187458,1777.465955,388.873248,151.170460106,-34.013064840
20,path21846,cont20,1344,94.450422567,295.897571422,1777.417502,390.125078,151.170449966,-34.012847465
20,path21846,cont20,1345,94.467620483,295.455876011,1777.466248,391.377131,151.170460168,-34.012630050
20,path21846,cont20,1346,94.514356483,294.688452063,1777.598722,393.552510,151.170487891,-34.012252303
20,path21846,cont20,1347,94.532559816,294.199925402,1777.650318,394.937314,151.170498689,-34.012011837
20,path21846,cont20,1348,94.521473774,293.704281450,1777.618890,396.342293,151.170492111,-34.011767868
20,path21846,cont20,1349,94.510969816,292.987260626,1777.589110,398.374800,151.170485879,-34.011414930
20,path21846,cont20,1350,94.500386483,292.502279382,1777.559107,399.749554,151.170479600,-34.011176209
20,path21846,cont20,1351,94.490226483,292.038226679,1777.530304,401.064983,151.170473573,-34.010947790
20,path21846,cont20,1352,94.490226483,291.268791897,1777.530298,403.246065,151.170473572,-34.010569053
20,path21846,cont20,1353,94.480569192,290.804659820,1777.502920,404.561719,151.170467842,-34.010340594
20,path21846,cont20,1354,94.468213150,290.362779200,1777.467892,405.814298,151.170460512,-34.010123089
20,path21846,cont20,1355,94.431975817,289.512487753,1777.365167,408.224582,151.170439014,-34.009704552
20,path21846,cont20,1356,94.420281234,289.107093175,1777.332014,409.373736,151.170432076,-34.009505005
20,path21846,cont20,1357,94.401389984,288.732443179,1777.278462,410.435740,151.170420869,-34.009320592
20,path21846,cont20,1358,94.358887318,287.741340483,1777.157976,413.245175,151.170395654,-34.008832744
20,path21846,cont20,1359,94.342297943,287.409552988,1777.110949,414.185678,151.170385813,-34.008669429
20,path21846,cont20,1360,94.340181277,287.096445075,1777.104947,415.073231,151.170384557,-34.008515309
20,path21846,cont20,1361,94.368967943,286.053695713,1777.186539,418.029063,151.170401632,-34.008002039
20,path21846,cont20,1362,94.366586693,285.711906967,1777.179786,418.997916,151.170400219,-34.007833801
20,path21846,cont20,1363,94.362194610,285.376865097,1777.167334,419.947644,151.170397613,-34.007668884
20,path21846,cont20,1364,94.348383360,284.335491568,1777.128177,422.899579,151.170389418,-34.007156292
20,path21846,cont20,1365,94.344150027,284.014419697,1777.116175,423.809707,151.170386907,-34.006998251
20,path21846,cont20,1366,94.350579402,283.691098868,1777.134397,424.726209,151.170390720,-34.006839104
20,path21846,cont20,1367,94.364549401,282.654090964,1777.173990,427.665767,151.170399006,-34.006328660
20,path21846,cont20,1368,94.371322735,282.316879510,1777.193187,428.621645,151.170403023,-34.006162676
20,path21846,cont20,1369,94.385874818,281.958236806,1777.234434,429.638272,151.170411655,-34.005986142
20,path21846,cont20,1370,94.423974817,281.016161402,1777.342427,432.308728,151.170434255,-34.005522427
20,path21846,cont20,1371,94.439982109,280.619312865,1777.387799,433.433656,151.170443750,-34.005327087
20,path21846,cont20,1372,94.445644192,280.200821412,1777.403845,434.619934,151.170447108,-34.005121094
20,path21846,cont20,1373,94.467922108,279.362780172,1777.466989,436.995490,151.170460323,-34.004708588
20,path21846,cont20,1374,94.473769400,278.921931428,1777.483561,438.245144,151.170463791,-34.004491590
20,path21846,cont20,1375,94.476732733,278.472272059,1777.491957,439.519772,151.170465548,-34.004270255
20,path21846,cont20,1376,94.487051483,277.684369360,1777.521202,441.753204,151.170471668,-34.003882428
20,path21846,cont20,1377,94.490014816,277.224391241,1777.529598,443.057082,151.170473425,-34.003656014
20,path21846,cont20,1378,94.499169400,276.752295205,1777.555545,444.395311,151.170478855,-34.003423636
20,path21846,cont20,1379,94.518140024,276.018050006,1777.609314,446.476641,151.170490108,-34.003062220
20,path21846,cont20,1380,94.527532733,275.526903971,1777.635935,447.868870,151.170495679,-34.002820465
20,path21846,cont20,1381,94.537348774,275.016628560,1777.663757,449.315324,151.170501501,-34.002569293
20,path21846,cont20,1382,94.554123357,274.356651902,1777.711302,451.186129,151.170511451,-34.002244435
20,path21846,cont20,1383,94.564203982,273.829522534,1777.739873,452.680358,151.170517430,-34.001984968
20,path21846,cont20,1384,94.578676690,272.683744423,1777.780889,455.928242,151.170526014,-34.001420984
20,path21846,cont20,1385,94.585608774,272.132061722,1777.800535,457.492071,151.170530125,-34.001149431
20,path21846,cont20,1386,94.596456690,271.562678396,1777.831281,459.106075,151.170536559,-34.000869165
20,path21846,cont20,1387,94.610162107,271.017848402,1777.870127,460.650479,151.170544689,-34.000600985
20,path21846,cont20,1388,94.632334190,269.829234251,1777.932968,464.019788,151.170557840,-34.000015917
20,path21846,cont20,1389,94.644187523,269.354598215,1777.966564,465.365217,151.170564870,-33.999782288
20,path21846,cont20,1390,94.655538148,268.737298848,1777.998735,467.115046,151.170571603,-33.999478436
20,path21846,cont20,1391,94.667391481,268.096795523,1778.032330,468.930651,151.170578633,-33.999163163
20,path21846,cont20,1392,94.677392731,267.690395528,1778.060677,470.082654,151.170584566,-33.998963122
20,path21846,cont20,1393,94.689246064,267.039890953,1778.094272,471.926609,151.170591596,-33.998642926
20,path21846,cont20,1394,94.697448147,266.369357419,1778.117517,473.827340,151.170596461,-33.998312871
20,path21846,cont20,1395,94.701681480,266.017382215,1778.129514,474.825067,151.170598972,-33.998139619
20,path21846,cont20,1396,94.718350230,264.651047441,1778.176754,478.698153,151.170608858,-33.997467072
20,path21846,cont20,1397,94.722160230,264.340505987,1778.187552,479.578431,151.170611117,-33.997314215
20,path21846,cont20,1398,94.730706272,263.645207454,1778.211772,481.549361,151.170616186,-33.996971970
20,path21846,cont20,1399,94.730875605,260.250523955,1778.212228,491.172114,151.170616281,-33.995301014
20,path21846,cont20,1400,94.714206855,259.563559797,1778.164973,493.119421,151.170606392,-33.994962871
20,path21846,cont20,1401,94.706242897,259.232169176,1778.142396,494.058799,151.170601667,-33.994799752
20,path21846,cont20,1402,94.689812272,258.553221893,1778.095817,495.983380,151.170591920,-33.994465555
20,path21846,cont20,1403,94.674148939,257.906712526,1778.051412,497.816011,151.170582627,-33.994147325
20,path21846,cont20,1404,94.664068314,257.492454406,1778.022835,498.990290,151.170576646,-33.993943416
20,path21846,cont20,1405,94.648669564,256.856025664,1777.979180,500.794346,151.170567511,-33.993630148
20,path21846,cont20,1406,94.626920815,256.256903172,1777.917527,502.492652,151.170554608,-33.993335244
20,path21846,cont20,1407,94.608029565,255.738769637,1777.863973,503.961382,151.170543401,-33.993080204
20,path21846,cont20,1408,94.586942274,255.158723602,1777.804195,505.605613,151.170530891,-33.992794689
20,path21846,cont20,1409,94.561118941,254.625826317,1777.730991,507.116193,151.170515571,-33.992532382
20,path21846,cont20,1410,94.528945608,253.961880909,1777.639787,508.998250,151.170496485,-33.992205570
20,path21846,cont20,1411,94.504656858,253.461500915,1777.570934,510.416655,151.170482076,-33.991959269
20,path21846,cont20,1412,94.477478858,253.012767588,1777.493892,511.688660,151.170465953,-33.991738390
20,path21846,cont20,1413,94.425832192,252.160941557,1777.347487,514.103294,151.170435314,-33.991319098
20,path21846,cont20,1414,94.401781568,251.764198853,1777.279309,515.227924,151.170421046,-33.991123810
20,path21846,cont20,1415,94.376540318,251.417065524,1777.207757,516.211928,151.170406072,-33.990952941
20,path21846,cont20,1416,94.297802965,250.334946163,1776.984559,519.279365,151.170359363,-33.990420292
20,path21846,cont20,1417,94.278250257,250.066976166,1776.929132,520.038968,151.170347764,-33.990288390
20,path21846,cont20,1418,94.260126299,249.836868044,1776.877756,520.691246,151.170337012,-33.990175124
20,path21846,cont20,1419,94.144556300,248.483735978,1776.550149,524.526912,151.170268452,-33.989509074
20,path21846,cont20,1420,94.135507550,248.369859313,1776.524498,524.849713,151.170263084,-33.989453021
20,path21846,cont20,1421,94.126617550,248.273921397,1776.499298,525.121664,151.170257811,-33.989405798
20,path21846,cont20,1422,94.031198218,247.309065368,1776.228813,527.856701,151.170201205,-33.988930869
20,path21846,cont20,1423,93.970238219,246.733940583,1776.056010,529.486984,151.170165042,-33.988647776
20,path21846,cont20,1424,93.963729469,246.672636626,1776.037560,529.660759,151.170161181,-33.988617600
20,path21846,cont20,1425,93.953913427,246.594902044,1776.009734,529.881110,151.170155358,-33.988579337
20,path21846,cont20,1426,93.788644096,245.219333311,1775.541248,533.780379,151.170057316,-33.987902244
20,path21846,cont20,1427,93.757486763,244.975413939,1775.452927,534.471807,151.170038833,-33.987782180
20,path21846,cont20,1428,93.717185430,244.659686651,1775.338686,535.366786,151.170014925,-33.987626770
20,path21846,cont20,1429,93.601446099,243.710255830,1775.010601,538.058099,151.169946266,-33.987159433
20,path21846,cont20,1430,93.545568745,243.278297085,1774.852207,539.282555,151.169913118,-33.986946811
20,path21846,cont20,1431,93.459378079,242.703410426,1774.607885,540.912163,151.169861988,-33.986663835
20,path21846,cont20,1432,93.392999414,242.222741890,1774.419723,542.274695,151.169822611,-33.986427236
20,path21846,cont20,1433,93.294108748,241.581153773,1774.139400,544.093379,151.169763947,-33.986111428
20,path21846,cont20,1434,93.151617396,240.768115659,1773.735485,546.398067,151.169679418,-33.985711228
20,path21846,cont20,1435,93.135689479,240.680908993,1773.690335,546.645268,151.169669969,-33.985668302
20,path21846,cont20,1436,92.994042148,239.884010461,1773.288812,548.904206,151.169585941,-33.985276046
20,path21846,cont20,1437,92.885499483,239.338439635,1772.981130,550.450715,151.169521552,-33.985007500
20,path21846,cont20,1438,92.734710797,238.580831728,1772.553696,552.598277,151.169432101,-33.984634584
20,path21846,cont20,1439,92.656309465,238.186893608,1772.331454,553.714959,151.169385592,-33.984440676
20,path21846,cont20,1440,92.599498132,237.928819028,1772.170414,554.446513,151.169351890,-33.984313644
20,path21846,cont20,1441,92.342706781,236.807938208,1771.442499,557.623833,151.169199557,-33.983761914
20,path21846,cont20,1442,92.278190782,236.554626128,1771.259618,558.341888,151.169161285,-33.983637227
20,path21846,cont20,1443,92.260992865,236.489750296,1771.210868,558.525789,151.169151083,-33.983605293
20,path21846,cont20,1444,92.228819532,236.375370922,1771.119668,558.850017,151.169131997,-33.983548992
20,path21846,cont20,1445,91.912422849,235.225094895,1770.222794,562.110664,151.168944305,-33.982982792
20,path21846,cont20,1446,91.788978851,234.792633442,1769.872873,563.336548,151.168871076,-33.982769922
20,path21846,cont20,1447,91.557248833,234.003275535,1769.216000,565.574114,151.168733610,-33.982381377
20,path21846,cont20,1448,91.530409500,233.911835537,1769.139920,565.833316,151.168717688,-33.982336367
20,path21846,cont20,1449,91.290720815,233.095569505,1768.460487,568.147157,151.168575501,-33.981934577
20,path21846,cont20,1450,91.148734817,232.598338053,1768.058006,569.556642,151.168491273,-33.981689825
20,path21846,cont20,1451,90.852658133,231.598186607,1767.218733,572.391738,151.168315635,-33.981197521
20,path21846,cont20,1452,90.794746134,231.398452652,1767.054573,572.957917,151.168281281,-33.981099206
20,path21846,cont20,1453,90.653945469,230.899342658,1766.655452,574.372727,151.168197755,-33.980853530
20,path21846,cont20,1454,90.366504785,229.990287253,1765.840659,576.949596,151.168027241,-33.980406066
20,path21846,cont20,1455,90.271593453,229.701415173,1765.571619,577.768453,151.167970938,-33.980263874
20,path21846,cont20,1456,90.083128101,229.127798514,1765.037386,579.394465,151.167859137,-33.979981523
20,path21846,cont20,1457,89.945375436,228.716397894,1764.646906,580.560649,151.167777420,-33.979779019
20,path21846,cont20,1458,89.715846752,228.004351236,1763.996274,582.579065,151.167641260,-33.979428529
20,path21846,cont20,1459,89.528140754,227.438698535,1763.464194,584.182502,151.167529910,-33.979150098
20,path21846,cont20,1460,89.246711403,226.590179796,1762.666441,586.587771,151.167362961,-33.978732432
20,path21846,cont20,1461,89.152900738,226.307313757,1762.400521,587.389602,151.167307311,-33.978593197
20,path21846,cont20,1462,89.105066718,226.166846468,1762.264928,587.787780,151.167278935,-33.978524054
20,path21846,cont20,1463,88.965282053,225.741661056,1761.868688,588.993039,151.167196013,-33.978314766
20,path21846,cont20,1464,88.667258036,224.909811067,1761.023896,591.351058,151.167019220,-33.977905304
20,path21846,cont20,1465,88.567944037,224.610355654,1760.742376,592.199915,151.166960306,-33.977757903
20,path21846,cont20,1466,88.360341373,224.002448995,1760.153896,593.923129,151.166837153,-33.977458673
20,path21846,cont20,1467,88.236307354,223.645843583,1759.802304,594.933987,151.166763574,-33.977283142
20,path21846,cont20,1468,87.991028023,222.913291717,1759.107024,597.010528,151.166618070,-33.976922558
20,path21846,cont20,1469,87.818988005,222.368302974,1758.619351,598.555389,151.166516013,-33.976654298
20,path21846,cont20,1470,87.554237987,221.495230901,1757.868878,601.030258,151.166358959,-33.976224546
20,path21846,cont20,1471,87.467877988,221.216333613,1757.624077,601.820839,151.166307729,-33.976087265
20,path21846,cont20,1472,87.426814655,221.065468198,1757.507677,602.248491,151.166283369,-33.976013004
20,path21846,cont20,1473,87.276700657,220.433087581,1757.082156,604.041078,151.166194319,-33.975701728
20,path21846,cont20,1474,87.096278639,219.700720924,1756.570722,606.117091,151.166087289,-33.975341236
20,path21846,cont20,1475,86.984857307,219.226005513,1756.254881,607.462750,151.166021192,-33.975107567
20,path21846,cont20,1476,86.759053956,218.342694066,1755.614807,609.966642,151.165887242,-33.974672776
20,path21846,cont20,1477,86.643568624,217.822417406,1755.287446,611.441451,151.165818734,-33.974416680
20,path21846,cont20,1478,86.488800605,217.030440124,1754.848731,613.686439,151.165726922,-33.974026846
20,path21846,cont20,1479,86.469247897,216.937068667,1754.793305,613.951115,151.165715323,-33.973980886
20,path21846,cont20,1480,86.316170565,216.125459302,1754.359383,616.251753,151.165624515,-33.973581389
20,path21846,cont20,1481,86.209151900,215.501624727,1754.056021,618.020113,151.165561029,-33.973274320
20,path21846,cont20,1482,86.128718568,214.971637859,1753.828019,619.522446,151.165513315,-33.973013445
20,path21846,cont20,1483,86.038720548,214.428580574,1753.572904,621.061829,151.165459926,-33.972746137
20,path21846,cont20,1484,85.980046549,214.035145162,1753.406583,622.177085,151.165425119,-33.972552477
20,path21846,cont20,1485,85.843394550,212.987818509,1753.019218,625.145899,151.165344054,-33.972036953
20,path21846,cont20,1486,85.806479884,212.731701845,1752.914577,625.871903,151.165322155,-33.971910885
20,path21846,cont20,1487,85.781582593,212.537735806,1752.844001,626.421730,151.165307386,-33.971815409
20,path21846,cont20,1488,85.618855907,211.065144366,1752.382722,630.596024,151.165210852,-33.971090558
20,path21846,cont20,1489,85.612161949,211.011275200,1752.363746,630.748725,151.165206881,-33.971064042
20,path21846,cont20,1490,85.588719866,210.792411870,1752.297295,631.369128,151.165192975,-33.970956312
20,path21846,cont20,1491,85.442077201,209.485528969,1751.881609,635.073695,151.165105983,-33.970313027
20,path21846,cont20,1492,85.428027826,209.338023763,1751.841783,635.491821,151.165097648,-33.970240421
20,path21846,cont20,1493,85.275461141,207.956290239,1751.409304,639.408564,151.165007142,-33.969560293
20,path21846,cont20,1494,85.240578475,207.641145034,1751.310423,640.301893,151.164986449,-33.969405169
20,path21846,cont20,1495,85.186307142,207.236438373,1751.156581,641.449099,151.164954254,-33.969205961
20,path21846,cont20,1496,85.076748477,206.459224841,1750.846018,643.652235,151.164889261,-33.968823395
20,path21846,cont20,1497,85.008761144,205.944372139,1750.653295,645.111667,151.164848929,-33.968569970
20,path21846,cont20,1498,84.894887125,205.246639439,1750.330500,647.089503,151.164781377,-33.968226526
20,path21846,cont20,1499,84.851199125,204.989146943,1750.206659,647.819406,151.164755460,-33.968099781
20,path21846,cont20,1500,84.732073127,204.247572785,1749.868977,649.921518,151.164684792,-33.967734757
20,path21846,cont20,1501,84.616505774,203.528408836,1749.541381,651.960103,151.164616235,-33.967380764
20,path21846,cont20,1502,84.576289108,203.229456132,1749.427380,652.807532,151.164592378,-33.967233611
20,path21846,cont20,1503,84.472064443,202.550773432,1749.131938,654.731367,151.164530550,-33.966899544
20,path21846,cont20,1504,84.402129777,202.047191980,1748.933695,656.158849,151.164489063,-33.966651667
20,path21846,cont20,1505,84.298328445,201.253256781,1748.639452,658.409385,151.164427485,-33.966260869
20,path21846,cont20,1506,84.243721091,200.853974078,1748.484658,659.541216,151.164395091,-33.966064331
20,path21846,cont20,1507,84.194783759,200.558910748,1748.345937,660.377620,151.164366061,-33.965919092
20,path21846,cont20,1508,83.987773761,199.244222640,1747.759132,664.104315,151.164243258,-33.965271965
20,path21846,cont20,1509,83.973539178,199.157280558,1747.718781,664.350766,151.164234814,-33.965229170
20,path21846,cont20,1510,83.962611887,199.095553267,1747.687806,664.525742,151.164228331,-33.965198786
20,path21846,cont20,1511,83.901228554,198.733100563,1747.513805,665.553173,151.164191917,-33.965020377
20,path21846,cont20,1512,83.707767869,197.655055785,1746.965409,668.609065,151.164077153,-33.964489732
20,path21846,cont20,1513,83.674578536,197.460481204,1746.871328,669.160618,151.164057464,-33.964393957
20,path21846,cont20,1514,83.627588537,197.185314541,1746.738127,669.940622,151.164029589,-33.964258512
20,path21846,cont20,1515,83.455463851,196.211991845,1746.250211,672.699662,151.163927481,-33.963779415
20,path21846,cont20,1516,83.380025852,195.763761226,1746.036370,673.970244,151.163882730,-33.963558783
20,path21846,cont20,1517,83.250993854,195.109975817,1745.670608,675.823505,151.163806185,-33.963236971
20,path21846,cont20,1518,83.185292521,194.786893113,1745.484367,676.739335,151.163767210,-33.963077940
20,path21846,cont20,1519,83.045256502,194.067067705,1745.087412,678.779797,151.163684138,-33.962723621
20,path21846,cont20,1520,82.909112504,193.367906256,1744.701490,680.761683,151.163603375,-33.962379474
20,path21846,cont20,1521,82.840871172,193.001035010,1744.508049,681.801639,151.163562893,-33.962198889
20,path21846,cont20,1522,82.719885152,192.370347727,1744.165094,683.589424,151.163491121,-33.961888447
20,path21846,cont20,1523,82.630561820,191.951168357,1743.911893,684.777657,151.163438133,-33.961682115
20,path21846,cont20,1524,82.397728490,190.858809621,1743.251890,687.874125,151.163300012,-33.961144424
20,path21846,cont20,1525,82.358276469,190.673654206,1743.140057,688.398978,151.163276608,-33.961053285
20,path21846,cont20,1526,82.331352470,190.555359000,1743.063737,688.734305,151.163260637,-33.960995057
20,path21846,cont20,1527,82.213581138,189.995050882,1742.729896,690.322590,151.163190772,-33.960719257
20,path21846,cont20,1528,82.029431140,189.162116100,1742.207894,692.683679,151.163081531,-33.960309263
20,path21846,cont20,1529,81.990233120,188.977040061,1742.096781,693.208308,151.163058278,-33.960218163
20,path21846,cont20,1530,81.924277787,188.686210065,1741.909820,694.032713,151.163019152,-33.960075008
20,path21846,cont20,1531,81.714219790,187.782393409,1741.314378,696.594729,151.162894542,-33.959630123
20,path21846,cont20,1532,81.602123771,187.280320082,1740.996624,698.017938,151.162828045,-33.959382988
20,path21846,cont20,1533,81.424916439,186.487496134,1740.494302,700.265327,151.162722922,-33.958992737
20,path21846,cont20,1534,81.404252481,186.397246760,1740.435727,700.521153,151.162710664,-33.958948314
20,path21846,cont20,1535,81.225015796,185.583705937,1739.927653,702.827267,151.162604337,-33.958547865
20,path21846,cont20,1536,81.094967798,185.011597403,1739.559011,704.449003,151.162527191,-33.958266257
20,path21846,cont20,1537,80.932153800,184.295581995,1739.097489,706.478665,151.162430606,-33.957913813
20,path21846,cont20,1538,80.839277113,183.887065334,1738.834216,707.636672,151.162375510,-33.957712730
20,path21846,cont20,1539,80.776539114,183.635023253,1738.656376,708.351127,151.162338293,-33.957588667
20,path21846,cont20,1540,80.525843763,182.589654517,1737.945741,711.314396,151.162189576,-33.957074106
20,path21846,cont20,1541,80.445495098,182.271228479,1737.717980,712.217027,151.162141912,-33.956917368
20,path21846,cont20,1542,80.425095723,182.190451188,1737.660155,712.446004,151.162129810,-33.956877607
20,path21846,cont20,1543,80.386657057,182.050486607,1737.551195,712.842756,151.162107008,-33.956808712
20,path21846,cont20,1544,80.077033706,180.945004537,1736.673521,715.976428,151.161923334,-33.956264561
20,path21846,cont20,1545,79.955029041,180.493837043,1736.327680,717.255337,151.161850959,-33.956042484
20,path21846,cont20,1546,79.733628357,179.697467678,1735.700087,719.512778,151.161719620,-33.955650487
20,path21846,cont20,1547,79.711032940,179.616346429,1735.636037,719.742729,151.161706216,-33.955610557
20,path21846,cont20,1548,79.483448943,178.797275814,1734.990916,722.064521,151.161571210,-33.955207386
20,path21846,cont20,1549,79.328342258,178.304436446,1734.551243,723.461556,151.161479198,-33.954964796
20,path21846,cont20,1550,79.015755574,177.279228958,1733.665170,726.367677,151.161293766,-33.954460159
20,path21846,cont20,1551,78.960298908,177.100661669,1733.507970,726.873856,151.161260868,-33.954372263
20,path21846,cont20,1552,78.937941617,177.000252295,1733.444594,727.158483,151.161247606,-33.954322838
20,path21846,cont20,1553,78.838119618,176.252407513,1733.161631,729.278368,151.161188389,-33.953954728
20,path21846,cont20,1554,78.731354953,175.511494814,1732.858988,731.378604,151.161125054,-33.953590030
20,path21846,cont20,1555,78.708336203,175.404126899,1732.793738,731.682956,151.161111399,-33.953537180
20,path21846,cont20,1556,78.639674183,175.204578151,1732.599105,732.248610,151.161070667,-33.953438956
20,path21846,cont20,1557,78.318872187,174.229641497,1731.689745,735.012231,151.160880362,-33.952959063
20,path21846,cont20,1558,78.130406835,173.707592128,1731.155513,736.492069,151.160768562,-33.952702095
20,path21846,cont20,1559,77.836870151,173.017479429,1730.323442,738.448311,151.160594431,-33.952362401
20,path21846,cont20,1560,77.590574821,172.453599436,1729.625283,740.046726,151.160448325,-33.952084842
20,path21846,cont20,1561,77.399315469,172.010951525,1729.083131,741.301488,151.160334867,-33.951866957
20,path21846,cont20,1562,77.313632804,171.846804027,1728.840252,741.766793,151.160284039,-33.951786158
20,path21846,cont20,1563,77.150228785,171.561900697,1728.377061,742.574402,151.160187106,-33.951645920
20,path21846,cont20,1564,76.670679437,170.796355290,1727.017713,744.744478,151.159902630,-33.951269094
20,path21846,cont20,1565,76.368760753,170.314416755,1726.161883,746.110619,151.159723528,-33.951031869
20,path21846,cont20,1566,75.980143404,169.793716761,1725.060295,747.586639,151.159492995,-33.950775563
20,path21846,cont20,1567,75.462070723,169.220973227,1723.591749,749.210191,151.159185667,-33.950493639
20,path21846,cont20,1568,75.161930039,168.919295314,1722.740961,750.065355,151.159007620,-33.950345143
20,path21846,cont20,1569,74.861789355,168.617723234,1721.890173,750.920220,151.158829572,-33.950196699
20,path21846,cont20,1570,74.246773342,168.142319907,1720.146830,752.267849,151.158464737,-33.949962688
20,path21846,cont20,1571,73.773661307,167.872074494,1718.805733,753.033921,151.158184081,-33.949829662
20,path21846,cont20,1572,73.071692628,167.626197205,1716.815913,753.730927,151.157767665,-33.949708630
20,path21846,cont20,1573,72.690528591,167.528989290,1715.735455,754.006493,151.157541554,-33.949660779
20,path21846,cont20,1574,72.085249245,167.344839292,1714.019714,754.528520,151.157182495,-33.949570131
20,path21846,cont20,1575,71.726773228,167.280836584,1713.003569,754.709960,151.156969842,-33.949538624
20,path21846,cont20,1576,70.615361846,167.140131170,1709.853134,755.108857,151.156310540,-33.949469357
20,path21846,cont20,1577,70.396670495,167.104385962,1709.233225,755.210191,151.156180810,-33.949451761
20,path21846,cont20,1578,70.229707830,167.088246378,1708.759949,755.255948,151.156081766,-33.949443815
20,path21846,cont20,1579,68.843979098,167.056655129,1704.831928,755.345555,151.155259735,-33.949428256
20,path21846,cont20,1580,68.708173766,167.045278046,1704.446970,755.377811,151.155179174,-33.949422654
20,path21846,cont20,1581,68.591082414,167.037869712,1704.115060,755.398816,151.155109714,-33.949419007
20,path21846,cont20,1582,67.150741036,167.051628046,1700.032233,755.359874,151.154255287,-33.949425769
20,path21846,cont20,1583,67.019595017,167.044484296,1699.660483,755.380130,151.154177489,-33.949422252
20,path21846,cont20,1584,66.890309018,167.049775962,1699.294006,755.365135,151.154100795,-33.949424856
20,path21846,cont20,1585,65.593818951,167.183628669,1695.618944,754.985762,151.153331703,-33.949490732
20,path21846,cont20,1586,65.330928955,167.193153669,1694.873750,754.958773,151.153175753,-33.949495419
20,path21846,cont20,1587,65.026724271,167.225168252,1694.011444,754.868035,151.152995295,-33.949511175
20,path21846,cont20,1588,64.114279553,167.393469708,1691.425006,754.390996,151.152454023,-33.949594011
20,path21846,cont20,1589,63.642350205,167.434956374,1690.087264,754.273415,151.152174069,-33.949614429
20,path21846,cont20,1590,63.034446192,167.529703665,1688.364085,754.004864,151.151813453,-33.949661062
20,path21846,cont20,1591,62.636515509,167.604898247,1687.236101,753.791730,151.151577396,-33.949698072
20,path21846,cont20,1592,61.953684143,167.703349704,1685.300531,753.512682,151.151172333,-33.949746527
20,path21846,cont20,1593,61.185339444,167.843049702,1683.122563,753.116712,151.150716542,-33.949815286
20,path21846,cont20,1594,61.014315426,167.862364285,1682.637775,753.061969,151.150615089,-33.949824792
20,path21846,cont20,1595,60.265020727,167.983358242,1680.513806,752.719024,151.150170599,-33.949884343
20,path21846,cont20,1596,59.737550046,168.084852408,1679.018625,752.431345,151.149857697,-33.949934298
20,path21846,cont20,1597,59.031266013,168.157586365,1677.016576,752.225198,151.149438721,-33.949970094
20,path21846,cont20,1598,58.576439331,168.232860322,1675.727313,752.011841,151.149168913,-33.950007143
20,path21846,cont20,1599,58.269948648,168.306440946,1674.858528,751.803278,151.148987099,-33.950043359
20,path21846,cont20,1600,56.994963914,168.506148444,1671.244426,751.237229,151.148230764,-33.950141651
20,path21846,cont20,1601,56.887691249,168.528902610,1670.940348,751.172733,151.148167128,-33.950152851
20,path21846,cont20,1602,56.820296583,168.546365110,1670.749310,751.123236,151.148127149,-33.950161446
20,path21846,cont20,1603,56.456571233,168.614019068,1669.718285,750.931475,151.147911383,-33.950194745
20,path21846,cont20,1604,55.461661183,168.877570523,1666.898091,750.184439,151.147321191,-33.950324465
20,path21846,cont20,1605,55.199025187,168.927788439,1666.153616,750.042099,151.147165393,-33.950349181
20,path21846,cont20,1606,54.792797171,169.021583229,1665.002113,749.776240,151.146924414,-33.950395347
20,path21846,cont20,1607,54.103192471,169.208881768,1663.047344,749.245342,151.146515332,-33.950487535
20,path21846,cont20,1608,53.510277104,169.332071767,1661.366652,748.896165,151.146163608,-33.950548169
20,path21846,cont20,1609,52.730417738,169.525852598,1659.156045,748.346895,151.145700987,-33.950643547
20,path21846,cont20,1610,52.574207740,169.553289889,1658.713248,748.269126,151.145608321,-33.950657052
20,path21846,cont20,1611,51.821611042,169.719659887,1656.579920,747.797556,151.145161873,-33.950738938
20,path21846,cont20,1612,51.353748339,169.838960511,1655.253706,747.459399,151.144884331,-33.950797658
20,path21846,cont20,1613,50.436220976,170.003875300,1652.652861,746.991960,151.144340044,-33.950878827
20,path21846,cont20,1614,50.132862959,170.072561133,1651.792956,746.797272,151.144160088,-33.950912634
20,path21846,cont20,1615,49.947781628,170.122514465,1651.268320,746.655679,151.144050296,-33.950937221
20,path21846,cont20,1616,48.996813577,170.308172588,1648.572684,746.129442,151.143486171,-33.951028600
20,path21846,cont20,1617,48.560444228,170.424748003,1647.335741,745.799009,151.143227312,-33.951085979
20,path21846,cont20,1618,48.444199542,170.447237586,1647.006231,745.735263,151.143158354,-33.951097048
20,path21846,cont20,1619,48.258864211,170.493883627,1646.480875,745.603045,151.143048411,-33.951120007
20,path21846,cont20,1620,47.237114828,170.791328207,1643.584601,744.759935,151.142442298,-33.951266410
20,path21846,cont20,1621,46.755448814,170.900627580,1642.219260,744.450129,151.142156568,-33.951320207
20,path21846,cont20,1622,45.962381449,171.103642370,1639.971213,743.874685,151.141686112,-33.951420131
20,path21846,cont20,1623,45.882625450,171.126661119,1639.745135,743.809438,151.141638799,-33.951431460
20,path21846,cont20,1624,45.066616064,171.318087159,1637.432056,743.266844,151.141154734,-33.951525680
20,path21846,cont20,1625,44.521534717,171.455326532,1635.886955,742.877841,151.140831385,-33.951593229
20,path21846,cont20,1626,43.757592685,171.621193821,1633.721468,742.407696,151.140378206,-33.951674868
20,path21846,cont20,1627,43.377865335,171.711707779,1632.645084,742.151135,151.140152948,-33.951719419
20,path21846,cont20,1628,43.145965984,171.769439861,1631.987736,741.987494,151.140015382,-33.951747834
20,path21846,cont20,1629,42.111344622,172.002008608,1629.054975,741.328285,151.139401633,-33.951862304
20,path21846,cont20,1630,41.781824606,172.095062565,1628.120910,741.064523,151.139206158,-33.951908105
20,path21846,cont20,1631,41.689117253,172.117287565,1627.858119,741.001526,151.139151163,-33.951919044
20,path21846,cont20,1632,41.535193254,172.156392981,1627.421803,740.890682,151.139059854,-33.951938292
20,path21846,cont20,1633,40.450705872,172.453731728,1624.347690,740.047874,151.138416524,-33.952084642
20,path21846,cont20,1634,40.000366524,172.562105060,1623.071148,739.740692,151.138149377,-33.952137983
20,path21846,cont20,1635,39.243621158,172.760992349,1620.926060,739.176946,151.137700467,-33.952235876
20,path21846,cont20,1636,39.106887139,172.799780265,1620.538471,739.067001,151.137619355,-33.952254967
20,path21846,cont20,1637,38.311533774,172.997635679,1618.283944,738.506182,151.137147543,-33.952352351
20,path21846,cont20,1638,37.757139094,173.139875677,1616.712444,738.103004,151.136818670,-33.952422362
20,path21846,cont20,1639,37.006235728,173.311246300,1614.583916,737.617258,151.136373225,-33.952506710
20,path21846,cont20,1640,36.622783046,173.405305674,1613.496972,737.350648,151.136145757,-33.952553006
20,path21846,cont20,1641,36.392069028,173.464387131,1612.842985,737.183182,151.136008895,-33.952582086
20,path21846,cont20,1642,35.472424998,173.695791712,1610.236141,736.527268,151.135463351,-33.952695983
20,path21846,cont20,1643,35.056544982,173.818822960,1609.057278,736.178534,151.135216647,-33.952756539
20,path21846,cont20,1644,34.933950296,173.849805668,1608.709768,736.090714,151.135143922,-33.952771789
20,path21846,cont20,1645,34.723468965,173.906955668,1608.113133,735.928722,151.135019062,-33.952799918
20,path21846,cont20,1646,33.740496915,174.192705664,1605.326778,735.118760,151.134435952,-33.952940565
20,path21846,cont20,1647,33.245114901,174.320208371,1603.922557,734.757354,151.134142086,-33.953003322
20,path21846,cont20,1648,32.403366849,174.545421701,1601.536519,734.118987,151.133642752,-33.953114172
20,path21846,cont20,1649,32.396328932,174.548067535,1601.516569,734.111487,151.133638577,-33.953115474
20,path21846,cont20,1650,31.556271568,174.767512948,1599.135323,733.489470,151.133140245,-33.953223485
20,path21846,cont20,1651,31.067916886,174.900783572,1597.751022,733.111714,151.132850548,-33.953289081
20,path21846,cont20,1652,30.089686170,175.167642318,1594.978106,732.355301,151.132270250,-33.953420430
20,path21846,cont20,1653,29.867436172,175.228284818,1594.348111,732.183410,151.132138409,-33.953450278
20,path21846,cont20,1654,29.740100153,175.262812942,1593.987162,732.085540,151.132062872,-33.953467273
20,path21846,cont20,1655,29.296872804,175.390500857,1592.730780,731.723607,151.131799945,-33.953530121
20,path21846,cont20,1656,28.433193440,175.645929604,1590.282574,730.999590,151.131287600,-33.953655844
20,path21846,cont20,1657,28.178603423,175.712234187,1589.560908,730.811650,151.131136575,-33.953688479
20,path21846,cont20,1658,27.742996074,175.827380852,1588.326125,730.485267,151.130878168,-33.953745154
20,path21846,cont20,1659,27.102921374,176.005498349,1586.511755,729.980392,151.130498468,-33.953832824
20,path21846,cont20,1660,26.489683361,176.161549598,1584.773456,729.538066,151.130134688,-33.953909632
20,path21846,cont20,1661,25.755882662,176.348239595,1582.693408,729.008894,151.129699390,-33.954001521
20,path21846,cont20,1662,25.461329978,176.421820219,1581.858462,728.800331,151.129524658,-33.954037737
20,path21846,cont20,1663,24.800850611,176.588613550,1579.986252,728.327556,151.129132854,-33.954119833
20,path21846,cont20,1664,24.397755262,176.679868341,1578.843629,728.068897,151.128893733,-33.954164748
20,path21846,cont20,1665,23.199475881,176.996283545,1575.446959,727.172019,151.128182900,-33.954320488
20,path21846,cont20,1666,23.112015216,177.017450212,1575.199041,727.112022,151.128131018,-33.954330906
20,path21846,cont20,1667,23.056815196,177.028827295,1575.042569,727.079774,151.128098272,-33.954336506
20,path21846,cont20,1668,22.859880531,177.084204586,1574.484334,726.922807,151.127981449,-33.954363762
20,path21846,cont20,1669,21.729673150,177.391544582,1571.280622,726.051651,151.127310997,-33.954515036
20,path21846,cont20,1670,21.423097800,177.471792706,1570.411597,725.824188,151.127129133,-33.954554534
20,path21846,cont20,1671,20.902739119,177.605909996,1568.936576,725.444033,151.126820450,-33.954620546
20,path21846,cont20,1672,20.385854417,177.737566661,1567.471403,725.070853,151.126513829,-33.954685348
20,path21846,cont20,1673,19.734177737,177.906899992,1565.624145,724.590878,151.126127247,-33.954768693
20,path21846,cont20,1674,19.020443038,178.061760615,1563.600976,724.151931,151.125703851,-33.954844915
20,path21846,cont20,1675,18.679239022,178.141849989,1562.633791,723.924920,151.125501445,-33.954884335
20,path21846,cont20,1676,18.045344988,178.283507904,1560.836941,723.523394,151.125125412,-33.954954058
20,path21846,cont20,1677,17.634883639,178.365793320,1559.673437,723.290160,151.124881922,-33.954994558
20,path21846,cont20,1678,16.498749591,178.634530608,1556.452926,722.528430,151.124207954,-33.955126830
20,path21846,cont20,1679,16.356427572,178.664825399,1556.049496,722.442560,151.124123527,-33.955141741
20,path21846,cont20,1680,16.264479573,178.684933732,1555.788858,722.385564,151.124068983,-33.955151638
20,path21846,cont20,1681,15.947828889,178.777141023,1554.891273,722.124201,151.123881142,-33.955197023
20,path21846,cont20,1682,14.940300860,179.050614353,1552.035311,721.349040,151.123283465,-33.955331627
20,path21846,cont20,1683,14.667507510,179.123163102,1551.262045,721.143401,151.123121641,-33.955367335
20,path21846,cont20,1684,14.228936828,179.216799142,1550.018862,720.877993,151.122861476,-33.955413422
20,path21846,cont20,1685,13.545851461,179.345651224,1548.082572,720.512770,151.122456262,-33.955476842
20,path21846,cont20,1686,12.978674760,179.474609139,1546.474840,720.147242,151.122119806,-33.955540315
20,path21846,cont20,1687,12.190094728,179.679502470,1544.239513,719.566473,151.121652012,-33.955641163
20,path21846,cont20,1688,12.022454730,179.735541219,1543.764317,719.407629,151.121552566,-33.955668746
20,path21846,cont20,1689,11.289670031,179.949853716,1541.687149,718.800157,151.121117870,-33.955774231
20,path21846,cont20,1690,10.874552016,180.053887882,1540.510446,718.505274,151.120871617,-33.955825437
20,path21846,cont20,1691,9.614299282,180.456557252,1536.938105,717.363897,151.120124021,-33.956023632
20,path21846,cont20,1692,9.600752615,180.460261418,1536.899705,717.353397,151.120115985,-33.956025456
20,path21846,cont20,1693,9.592444699,180.462907252,1536.876156,717.345898,151.120111057,-33.956026758
20,path21846,cont20,1694,9.564758699,180.471109335,1536.797676,717.322649,151.120094633,-33.956030795
20,path21846,cont20,1695,8.208914654,180.768792039,1532.954369,716.478877,151.119290331,-33.956177313
20,path21846,cont20,1696,7.911821970,180.845415372,1532.112223,716.261688,151.119114092,-33.956215027
20,path21846,cont20,1697,7.433711955,180.950137454,1530.756962,715.964857,151.118830472,-33.956266571
20,path21846,cont20,1698,6.817767254,181.067056827,1529.010990,715.633456,151.118465087,-33.956324117
20,path21846,cont20,1699,6.222904554,181.207603492,1527.324779,715.235080,151.118112207,-33.956393294
20,path21846,cont20,1700,5.413665855,181.352462865,1525.030892,714.824487,151.117632158,-33.956464592
20,path21846,cont20,1701,5.316468523,181.379238698,1524.755374,714.748590,151.117574499,-33.956477771
20,path21846,cont20,1702,4.533984491,181.544153488,1522.537327,714.281146,151.117110321,-33.956558941
20,path21846,cont20,1703,3.999235123,181.627285570,1521.021513,714.045517,151.116793101,-33.956599857
20,path21846,cont20,1704,3.143599092,181.864114109,1518.596108,713.374225,151.116285529,-33.956716424
20,path21846,cont20,1705,2.845067075,181.921422858,1517.749882,713.211787,151.116108436,-33.956744631
20,path21846,cont20,1706,2.660070411,181.977911399,1517.225486,713.051669,151.115998694,-33.956772435
20,path21846,cont20,1707,2.190091042,182.163410772,1515.893273,712.525862,151.115719897,-33.956863740
20,path21846,cont20,1708,1.370692344,182.378543478,1513.570586,711.916069,151.115233820,-33.956969628
20,path21846,cont20,1709,1.155977680,182.442387435,1512.961951,711.735102,151.115106449,-33.957001052
20,path21846,cont20,1710,0.805375663,182.514777434,1511.968127,711.529916,151.114898468,-33.957036682
20,path21846,cont20,1711,-0.062957721,182.634051599,1509.506728,711.191851,151.114383363,-33.957095386
20,path21846,cont20,1712,-0.532855070,182.749383473,1508.174746,710.864944,151.114104615,-33.957152152
20,path21846,cont20,1713,-1.321604435,182.953430137,1505.938939,710.286574,151.113636720,-33.957252584
20,path21846,cont20,1714,-1.414737767,182.971950970,1505.674941,710.234078,151.113581472,-33.957261700
20,path21846,cont20,1715,-2.221944465,183.217828259,1503.386815,709.537134,151.113102628,-33.957382721
20,path21846,cont20,1716,-2.771764500,183.304611591,1501.828282,709.291156,151.112776468,-33.957425435
20,path21846,cont20,1717,-3.535537199,183.479448255,1499.663274,708.795586,151.112323390,-33.957511489
20,path21846,cont20,1718,-3.910861881,183.546414296,1498.599370,708.605776,151.112100743,-33.957544448
20,path21846,cont20,1719,-4.233269898,183.532126796,1497.685464,708.646289,151.111909487,-33.957537413
20,path21846,cont20,1720,-5.422913279,183.677753461,1494.313273,708.233537,151.111203777,-33.957609086
20,path21846,cont20,1721,-5.599612610,183.666640961,1493.812396,708.265044,151.111098957,-33.957603615
20,path21846,cont20,1722,-5.819912628,183.633700337,1493.187928,708.358428,151.110968272,-33.957587399
20,path21846,cont20,1723,-7.086687341,183.651692003,1489.597097,708.307480,151.110216807,-33.957596246
20,path21846,cont20,1724,-7.288360693,183.607400754,1489.025429,708.433039,151.110097171,-33.957574444
20,path21846,cont20,1725,-7.591888043,183.548980754,1488.165042,708.598652,151.109917115,-33.957545685
20,path21846,cont20,1726,-8.673412092,183.548980754,1485.099327,708.598696,151.109275543,-33.957545678
20,path21846,cont20,1727,-8.976942088,183.454656797,1484.238933,708.866084,151.109095485,-33.957499247
20,path21846,cont20,1728,-9.635812788,183.191343467,1482.371280,709.612513,151.108704635,-33.957369632
20,path21846,cont20,1729,-9.925200806,183.109481385,1481.550973,709.844576,151.108532967,-33.957329335
20,path21846,cont20,1730,-10.665182171,182.672442640,1479.453400,711.083460,151.108094000,-33.957114208
20,path21846,cont20,1731,-10.906225522,182.398281394,1478.770131,711.860622,151.107951010,-33.956979256
20,path21846,cont20,1732,-11.023065521,182.155896605,1478.438932,712.547704,151.107881699,-33.956859947
20,path21846,cont20,1733,-10.799802170,182.020324107,1479.071798,712.931996,151.108014141,-33.956793216
20,path21846,cont20,1734,-10.664674171,181.913749942,1479.454835,713.234091,151.108094301,-33.956740758
20,path21846,cont20,1735,-9.844344140,181.283829950,1481.780158,715.019663,151.108580929,-33.956430700
20,path21846,cont20,1736,-9.397137458,180.460446627,1483.047816,717.353651,151.108846216,-33.956025412
20,path21846,cont20,1737,-9.128408107,180.306353295,1483.809561,717.790442,151.109005629,-33.955949565
20,path21846,cont20,1738,-8.974825422,180.225576005,1484.244910,718.019411,151.109096736,-33.955909805
20,path21846,cont20,1739,-8.619225426,180.103735381,1485.252902,718.364773,151.109307682,-33.955849834
20,path21846,cont20,1740,-7.841316040,179.903525175,1487.457982,718.932267,151.109769146,-33.955751291
20,path21846,cont20,1741,-7.285736026,179.657039345,1489.032841,719.630947,151.110098723,-33.955629968
20,path21846,cont20,1742,-6.764954012,179.288580600,1490.509060,720.675378,151.110407656,-33.955448606
20,path21846,cont20,1743,-6.267034643,178.765949148,1491.920470,722.156837,151.110703027,-33.955191356
20,path21846,cont20,1744,-5.836930628,178.524569776,1493.139652,722.841047,151.110958169,-33.955072545
20,path21846,cont20,1745,-5.596225943,178.381483111,1493.821959,723.246638,151.111100958,-33.955002116
20,path21846,cont20,1746,-4.894595931,178.062183949,1495.810814,724.151712,151.111517172,-33.954844953
20,path21846,cont20,1747,-4.692499246,177.978205200,1496.383682,724.389754,151.111637058,-33.954803618
20,path21846,cont20,1748,-3.907051881,177.565111247,1498.610128,725.560701,151.112102994,-33.954600287
20,path21846,cont20,1749,-3.585321198,177.394349165,1499.522112,726.044739,151.112293848,-33.954516236
20,path21846,cont20,1750,-3.033297184,177.071531044,1501.086891,726.959794,151.112621315,-33.954357340
20,path21846,cont20,1751,-2.430899150,176.857906464,1502.794462,727.565321,151.112978664,-33.954252192
20,path21846,cont20,1752,-2.217880465,176.780595215,1503.398289,727.784463,151.113105029,-33.954214139
20,path21846,cont20,1753,-1.789893116,176.642429800,1504.611472,728.176096,151.113358916,-33.954146133
20,path21846,cont20,1754,-1.146093083,176.452776469,1506.436402,728.713672,151.113740825,-33.954052785
20,path21846,cont20,1755,-0.528875736,176.236109180,1508.185980,729.327823,151.114106966,-33.953946140
20,path21846,cont20,1756,0.126015630,176.034867099,1510.042350,729.898248,151.114495454,-33.953847088
20,path21846,cont20,1757,0.804528997,175.734644395,1511.965678,730.749248,151.114897956,-33.953699315
20,path21846,cont20,1758,1.160126346,175.600103771,1512.973663,731.130609,151.115108900,-33.953633093
20,path21846,cont20,1759,1.330645011,175.548959814,1513.457019,731.275578,151.115210054,-33.953607920
20,path21846,cont20,1760,1.835761046,175.378038982,1514.888832,731.760058,151.115509694,-33.953523791
20,path21846,cont20,1761,2.667267077,175.196005651,1517.245838,732.276026,151.116002953,-33.953434195
20,path21846,cont20,1762,2.849046409,175.147322319,1517.761114,732.414019,151.116110787,-33.953410234
20,path21846,cont20,1763,3.214295758,175.012093779,1518.796458,732.797330,151.116327456,-33.953343673
20,path21846,cont20,1764,3.925913791,174.764364407,1520.813626,733.499528,151.116749596,-33.953221739
20,path21846,cont20,1765,4.538048491,174.521027118,1522.548797,734.189280,151.117112721,-33.953101966
20,path21846,cont20,1766,5.139433171,174.287611704,1524.253495,734.850907,151.117469469,-33.952987077
20,path21846,cont20,1767,5.974238557,173.938017751,1526.619852,735.841851,151.117964685,-33.952815003
20,path21846,cont20,1768,6.227137887,173.835412335,1527.336726,736.132691,151.118114708,-33.952764500
20,path21846,cont20,1769,6.332968573,173.790539002,1527.636716,736.259887,151.118177488,-33.952742412
20,path21846,cont20,1770,6.538285237,173.684361712,1528.218711,736.560855,151.118299284,-33.952690151
20,path21846,cont20,1771,7.540815287,173.307939008,1531.060505,737.627842,151.118893996,-33.952504872
20,path21846,cont20,1772,7.916139970,173.174589010,1532.124409,738.005827,151.119116642,-33.952439236
20,path21846,cont20,1773,8.697608002,172.900692347,1534.339576,738.782198,151.119580218,-33.952304422
20,path21846,cont20,1774,8.791588000,172.868598389,1534.605973,738.873169,151.119635968,-33.952288626
20,path21846,cont20,1775,9.605060032,172.574910893,1536.911859,739.705638,151.120118528,-33.952144070
20,path21846,cont20,1776,10.032708714,172.419468186,1538.124082,740.146247,151.120372214,-33.952067560
20,path21846,cont20,1777,11.179931449,171.990525692,1541.376025,741.362103,151.121052760,-33.951856431
20,path21846,cont20,1778,11.266037448,171.962426942,1541.620103,741.441750,151.121103839,-33.951842601
20,path21846,cont20,1779,11.294062115,171.953960276,1541.699542,741.465749,151.121120463,-33.951838433
20,path21846,cont20,1780,11.345539447,171.938879026,1541.845461,741.508497,151.121151000,-33.951831010
20,path21846,cont20,1781,12.571928161,171.578463614,1545.321810,742.530100,151.121878508,-33.951653613
20,path21846,cont20,1782,12.982897510,171.457654865,1546.486753,742.872534,151.122122299,-33.951594150
20,path21846,cont20,1783,13.760809542,171.210586952,1548.691840,743.572854,151.122583765,-33.951472542
20,path21846,cont20,1784,13.860967561,171.177487577,1548.975750,743.666675,151.122643180,-33.951456251
20,path21846,cont20,1785,14.671814926,170.929493622,1551.274197,744.369619,151.123124184,-33.951334187
20,path21846,cont20,1786,15.156698274,170.783205499,1552.648658,744.784275,151.123411822,-33.951262183
20,path21846,cont20,1787,16.189284990,170.468906961,1555.575651,745.675161,151.124024364,-33.951107484
20,path21846,cont20,1788,16.360734988,170.417022170,1556.061648,745.822229,151.124126070,-33.951081946
20,path21846,cont20,1789,16.453188341,170.389743629,1556.323718,745.899551,151.124180914,-33.951068520
20,path21846,cont20,1790,16.728778338,170.297060088,1557.104911,746.162265,151.124344398,-33.951022900
20,path21846,cont20,1791,17.722503054,169.968976759,1559.921746,747.092227,151.124933886,-33.950861416
20,path21846,cont20,1792,18.049567738,169.870075510,1560.848851,747.372564,151.125127904,-33.950812736
20,path21846,cont20,1793,18.685578438,169.659255513,1562.651701,747.970140,151.125505193,-33.950708970
20,path21846,cont20,1794,18.995794455,169.552152181,1563.531046,748.273728,151.125689217,-33.950656253
20,path21846,cont20,1795,19.738485154,169.315694059,1565.636294,748.943975,151.126129789,-33.950539867
20,path21846,cont20,1796,20.284243835,169.150673436,1567.183314,749.411729,151.126453539,-33.950458643
20,path21846,cont20,1797,21.139456532,168.892016772,1569.607519,750.144896,151.126960861,-33.950331331
20,path21846,cont20,1798,21.427320549,168.804889482,1570.423505,750.391860,151.127131625,-33.950288447
20,path21846,cont20,1799,21.582514548,168.758931357,1570.863421,750.522129,151.127223688,-33.950265826
20,path21846,cont20,1800,22.060621916,168.603303443,1572.218675,750.963261,151.127507307,-33.950189225
20,path21846,cont20,1801,22.849794615,168.336100738,1574.455682,751.720655,151.127975453,-33.950057706
20,path21846,cont20,1802,23.116153299,168.254741364,1575.210708,751.951270,151.128133459,-33.950017661
20,path21846,cont20,1803,23.626351980,168.091493449,1576.656929,752.414001,151.128436115,-33.949937309
20,path21846,cont20,1804,24.125459328,167.921657410,1578.071710,752.895407,151.128732191,-33.949853715
20,path21846,cont20,1805,24.804988694,167.716922829,1579.997919,753.475730,151.129135295,-33.949752944
20,path21846,cont20,1806,25.434480061,167.540816164,1581.782290,753.974906,151.129508717,-33.949666264
20,path21846,cont20,1807,26.039082075,167.365476792,1583.496108,754.471908,151.129867373,-33.949579961
20,path21846,cont20,1808,26.493736777,167.236201377,1584.784883,754.838340,151.130137080,-33.949516332
20,path21846,cont20,1809,26.737153441,167.153572003,1585.474877,755.072556,151.130281477,-33.949475661
20,path21846,cont20,1810,27.502958140,166.909467422,1587.645644,755.764477,151.130735761,-33.949355511
20,path21846,cont20,1811,28.001046842,166.727354716,1589.057538,756.280683,151.131031233,-33.949265874
20,path21846,cont20,1812,28.182572173,166.670548675,1589.572093,756.441701,151.131138916,-33.949237914
20,path21846,cont20,1813,28.527670856,166.563286593,1590.550318,756.745737,151.131343632,-33.949185119
20,path21846,cont20,1814,29.277812221,166.314022638,1592.676685,757.452284,151.131788624,-33.949062430
20,path21846,cont20,1815,29.871404922,166.140614724,1594.359297,757.943811,151.132140750,-33.948977078
20,path21846,cont20,1816,30.571677622,165.917782643,1596.344306,758.575434,151.132556160,-33.948867399
20,path21846,cont20,1817,30.967322304,165.810176603,1597.465809,758.880444,151.132790861,-33.948814435
20,path21846,cont20,1818,31.560155651,165.634149313,1599.146268,759.379396,151.133142536,-33.948727794
20,path21846,cont20,1819,31.882309668,165.538634731,1600.059453,759.650133,151.133333641,-33.948680781
20,path21846,cont20,1820,33.046299049,165.215472652,1603.358924,760.566138,151.134024133,-33.948521720
20,path21846,cont20,1821,33.193870401,165.160174736,1603.777233,760.722883,151.134111674,-33.948494502
20,path21846,cont20,1822,33.248903734,165.142183070,1603.933232,760.773881,151.134144320,-33.948485647
20,path21846,cont20,1823,33.360325066,165.103739112,1604.249069,760.882851,151.134210416,-33.948466724
20,path21846,cont20,1824,34.430842448,164.706917033,1607.283581,762.007661,151.134845459,-33.948271405
20,path21846,cont20,1825,34.937739129,164.545283077,1608.720442,762.465816,151.135146156,-33.948191848
20,path21846,cont20,1826,35.699479828,164.285435789,1610.879689,763.202362,151.135598029,-33.948063949
20,path21846,cont20,1827,35.932564513,164.217384956,1611.540396,763.395253,151.135736297,-33.948030455
20,path21846,cont20,1828,36.626487212,163.997331001,1613.507405,764.019002,151.136147940,-33.947922143
20,path21846,cont20,1829,36.984285895,163.880147044,1614.521629,764.351163,151.136360190,-33.947864464
20,path21846,cont20,1830,38.243863942,163.521239757,1618.092058,765.368489,151.137107386,-33.947687809
20,path21846,cont20,1831,38.296018608,163.501925174,1618.239897,765.423237,151.137138325,-33.947678303
20,path21846,cont20,1832,38.315227358,163.495839757,1618.294346,765.440487,151.137149720,-33.947675307
20,path21846,cont20,1833,38.353750690,163.482610591,1618.403545,765.477985,151.137172572,-33.947668796
20,path21846,cont20,1834,39.530776092,163.046497888,1621.739968,766.714166,151.137870797,-33.947454138
20,path21846,cont20,1835,40.003975440,162.896637890,1623.081309,767.138947,151.138151504,-33.947380376
20,path21846,cont20,1836,40.804578139,162.630096643,1625.350716,767.894467,151.138626430,-33.947249183
20,path21846,cont20,1837,40.927006137,162.595145185,1625.697753,767.993537,151.138699056,-33.947231979
20,path21846,cont20,1838,41.692726169,162.357734563,1627.868280,768.666483,151.139153290,-33.947115125
20,path21846,cont20,1839,42.087862852,162.223273315,1628.988343,769.047618,151.139387689,-33.947048942
20,path21846,cont20,1840,43.351925586,161.856507903,1632.571484,770.087219,151.140137545,-33.946868419
20,path21846,cont20,1841,43.381389585,161.847247486,1632.655004,770.113468,151.140155024,-33.946863861
20,path21846,cont20,1842,43.396365002,161.841955820,1632.697453,770.128467,151.140163907,-33.946861257
20,path21846,cont20,1843,43.448943001,161.826874570,1632.846492,770.171215,151.140195097,-33.946853834
20,path21846,cont20,1844,44.623092382,161.378247075,1636.174762,771.442871,151.140891615,-33.946633015
20,path21846,cont20,1845,45.070129731,161.231588536,1637.441944,771.858579,151.141156803,-33.946560829
20,path21846,cont20,1846,45.882413783,160.947373123,1639.744462,772.664198,151.141638659,-33.946420936
20,path21846,cont20,1847,45.971821782,160.921973123,1639.997900,772.736194,151.141691697,-33.946408434
20,path21846,cont20,1848,46.758877814,160.672047709,1642.228907,773.444614,151.142158587,-33.946285420
20,path21846,cont20,1849,47.157485829,160.532268336,1643.358810,773.840824,151.142395046,-33.946216619
20,path21846,cont20,1850,48.379979877,160.200110424,1646.824120,774.782327,151.143120243,-33.946053131
20,path21846,cont20,1851,48.447543876,160.178943757,1647.015638,774.842324,151.143160323,-33.946042712
20,path21846,cont20,1852,48.482677896,160.167566674,1647.115230,774.874573,151.143181164,-33.946037113
20,path21846,cont20,1853,48.611709894,160.132350633,1647.480987,774.974393,151.143257708,-33.946019779
20,path21846,cont20,1854,49.709913276,159.704440013,1650.593978,776.187326,151.143909174,-33.945809158
20,path21846,cont20,1855,50.136207292,159.561538557,1651.802361,776.592385,151.144162056,-33.945738821
20,path21846,cont20,1856,50.959669990,159.263935227,1654.136567,777.435954,151.144650544,-33.945592338
20,path21846,cont20,1857,51.020206656,159.245149811,1654.308165,777.489201,151.144686455,-33.945583092
20,path21846,cont20,1858,51.824870708,158.975327731,1656.589084,778.254020,151.145163790,-33.945450284
20,path21846,cont20,1859,52.218060057,158.832161691,1657.703627,778.659831,151.145397035,-33.945379816
20,path21846,cont20,1860,53.513536770,158.437615029,1661.375815,779.778181,151.146165526,-33.945185619
20,path21846,cont20,1861,54.723754151,157.957396285,1664.806323,781.139385,151.146883440,-33.944949251
20,path21846,cont20,1862,55.202200186,157.782718371,1666.162537,781.634517,151.147167260,-33.944863273
20,path21846,cont20,1863,55.951240885,157.494428374,1668.285785,782.451689,151.147611599,-33.944721374
20,path21846,cont20,1864,56.234535548,157.401374417,1669.088818,782.715453,151.147779652,-33.944675572
20,path21846,cont20,1865,56.890866249,157.168541087,1670.949268,783.375428,151.148168995,-33.944560970
20,path21846,cont20,1866,57.198457599,157.051383588,1671.821173,783.707516,151.148351462,-33.944503304
20,path21846,cont20,1867,58.177450316,156.742588384,1674.596248,784.582804,151.148932211,-33.944351314
20,path21846,cont20,1868,58.457442979,156.620086302,1675.389921,784.930043,151.149098306,-33.944291017
20,path21846,cont20,1869,58.579529665,156.570820886,1675.735990,785.069689,151.149170729,-33.944266768
20,path21846,cont20,1870,58.874084994,156.447022346,1676.570943,785.420603,151.149345462,-33.944205833
20,path21846,cont20,1871,59.634979026,156.106926934,1678.727790,786.384624,151.149796833,-33.944038434
20,path21846,cont20,1872,60.268195727,155.863669020,1680.522720,787.074150,151.150172464,-33.943918700
20,path21846,cont20,1873,60.844601095,155.626099648,1682.156611,787.747554,151.150514394,-33.943801766
20,path21846,cont20,1874,61.698289792,155.307012152,1684.576496,788.652021,151.151020812,-33.943644709
20,path21846,cont20,1875,61.956774476,155.206073612,1685.309203,788.938137,151.151174148,-33.943595026
20,path21846,cont20,1876,62.068873142,155.160009654,1685.626960,789.068707,151.151240646,-33.943572353
20,path21846,cont20,1877,62.372485159,155.047508822,1686.487585,789.387596,151.151420752,-33.943516979
20,path21846,cont20,1878,63.209917856,154.610205494,1688.861390,790.627165,151.151917526,-33.943301732
20,path21846,cont20,1879,63.645440538,154.403433622,1690.095931,791.213274,151.152175883,-33.943199956
20,path21846,cont20,1880,64.387707904,154.097284250,1692.199979,792.081071,151.152616204,-33.943049267
20,path21846,cont20,1881,64.755073920,153.933374878,1693.241322,792.545682,151.152834130,-33.942968589
20,path21846,cont20,1882,65.334103955,153.682946756,1694.882654,793.255536,151.153177617,-33.942845325
20,path21846,cont20,1883,65.537219285,153.556026132,1695.458408,793.615303,151.153298107,-33.942782853
20,path21846,cont20,1884,65.998393321,153.352058843,1696.765662,794.193461,151.153571680,-33.942682458
20,path21846,cont20,1885,66.591819335,152.919332807,1698.447799,795.420066,151.153923707,-33.942469462
20,path21846,cont20,1886,67.022770017,152.613950728,1699.669381,796.285700,151.154179351,-33.942319148
20,path21846,cont20,1887,67.564970052,152.200777399,1701.206311,797.456882,151.154500990,-33.942115777
20,path21846,cont20,1888,68.523814748,151.656370740,1703.924272,799.000047,151.155069787,-33.941847812
20,path21846,cont20,1889,68.622533434,151.567126782,1704.204102,799.253019,151.155128348,-33.941803884
20,path21846,cont20,1890,68.711433433,151.480951992,1704.456100,799.497291,151.155181084,-33.941761467
20,path21846,cont20,1891,69.468432798,150.720724710,1706.601903,801.652241,151.155630144,-33.941387268
20,path21846,cont20,1892,70.175055498,149.960497428,1708.604908,803.807193,151.156049320,-33.941013068
20,path21846,cont20,1893,70.261669497,149.821326596,1708.850425,804.201691,151.156100700,-33.940944565
20,path21846,cont20,1894,70.400268828,149.603389307,1709.243301,804.819462,151.156182918,-33.940837291
20,path21846,cont20,1895,70.904368864,148.770692651,1710.672230,807.179848,151.156481955,-33.940427419
20,path21846,cont20,1896,71.191981527,148.264465366,1711.487500,808.614816,151.156652569,-33.940178242
20,path21846,cont20,1897,71.454699544,147.627189957,1712.232202,810.421260,151.156808416,-33.939864559
20,path21846,cont20,1898,71.765338894,146.893659133,1713.112743,812.500554,151.156992690,-33.939503498
20,path21846,cont20,1899,71.901652226,146.568353929,1713.499138,813.422676,151.157073552,-33.939343374
20,path21846,cont20,1900,71.940598892,146.419102472,1713.609536,813.845751,151.157096655,-33.939269909
20,path21846,cont20,1901,72.089355578,145.826356438,1714.031201,815.525974,151.157184899,-33.938978144
20,path21846,cont20,1902,72.273759576,145.057318531,1714.553912,817.705923,151.157294288,-33.938599604
20,path21846,cont20,1903,72.313044908,144.872242492,1714.665270,818.230548,151.157317592,-33.938508505
20,path21846,cont20,1904,72.323363658,144.637371870,1714.694518,818.896325,151.157323713,-33.938392895
20,path21846,cont20,1905,72.359008324,143.446482301,1714.795549,822.272083,151.157344856,-33.937806707
20,path21846,cont20,1906,72.371284991,143.176131055,1714.830347,823.038435,151.157352138,-33.937673633
20,path21846,cont20,1907,72.361045616,142.903768975,1714.801320,823.810488,151.157346064,-33.937539569
20,path21846,cont20,1908,72.344032908,141.735025031,1714.753087,827.123473,151.157335970,-33.936964281
20,path21846,cont20,1909,72.334878325,141.479940243,1714.727135,827.846551,151.157330539,-33.936838721
20,path21846,cont20,1910,72.333290825,141.235835663,1714.722634,828.538503,151.157329597,-33.936718566
20,path21846,cont20,1911,72.333544825,140.027827553,1714.723345,831.962788,151.157329746,-33.936123951
20,path21846,cont20,1912,72.331957325,139.783828806,1714.718843,832.654440,151.157328804,-33.936003849
20,path21846,cont20,1913,72.312986700,139.560626309,1714.665067,833.287143,151.157317550,-33.935893982
20,path21846,cont20,1914,72.196570035,138.193630076,1714.335060,837.162109,151.157248488,-33.935221108
20,path21846,cont20,1915,72.187521285,138.087611536,1714.309409,837.462635,151.157243120,-33.935168923
20,path21846,cont20,1916,72.177096702,138.001172162,1714.279859,837.707661,151.157236936,-33.935126375
20,path21846,cont20,1917,72.091244703,137.118363423,1714.036494,840.210122,151.157186006,-33.934691832
20,path21846,cont20,1918,72.021479370,136.461694056,1713.838731,842.071555,151.157144620,-33.934368601
20,path21846,cont20,1919,72.013515412,136.391500099,1713.816156,842.270531,151.157139895,-33.934334049
20,path21846,cont20,1920,71.994042079,136.293630725,1713.760956,842.547958,151.157128343,-33.934285875
20,path21846,cont20,1921,71.709734062,135.079008032,1712.955040,845.991005,151.156959687,-33.933688002
20,path21846,cont20,1922,71.639968729,134.695309287,1712.757279,847.078661,151.156918300,-33.933499135
20,path21846,cont20,1923,71.582649397,134.183843251,1712.594797,848.528493,151.156884297,-33.933247377
20,path21846,cont20,1924,71.508399377,133.585488051,1712.384322,850.224626,151.156840250,-33.932952850
20,path21846,cont20,1925,71.444476044,132.999197850,1712.203119,851.886558,151.156802329,-33.932664261
20,path21846,cont20,1926,71.262866047,132.165998485,1711.688317,854.248397,151.156694595,-33.932254136
20,path21846,cont20,1927,71.256939380,132.142185985,1711.671517,854.315898,151.156691079,-33.932242415
20,path21846,cont20,1928,71.087947361,131.303059954,1711.192482,856.694537,151.156590830,-33.931829373
20,path21846,cont20,1929,70.936563363,130.768310586,1710.763361,858.210373,151.156501026,-33.931566154
20,path21846,cont20,1930,70.552941347,129.756041224,1709.675929,861.079822,151.156273456,-33.931067884
20,path21846,cont20,1931,70.503834681,129.606869142,1709.536729,861.502675,151.156244325,-33.930994457
20,path21846,cont20,1932,70.494600723,129.516434560,1709.510554,861.759026,151.156238847,-33.930949943
20,path21846,cont20,1933,70.452354703,127.958594371,1709.390791,866.174966,151.156213784,-33.930183131
20,path21846,cont20,1934,70.448121369,127.910837080,1709.378791,866.310341,151.156211273,-33.930159623
20,path21846,cont20,1935,70.440421994,127.875118331,1709.356966,866.411592,151.156206705,-33.930142042
20,path21846,cont20,1936,70.404861995,127.684697708,1709.256165,866.951370,151.156185610,-33.930048311
20,path21846,cont20,1937,70.146967332,126.474228973,1708.525122,870.382641,151.156032623,-33.929452483
20,path21846,cont20,1938,70.087107999,126.214725643,1708.355441,871.118245,151.155997113,-33.929324748
20,path21846,cont20,1939,69.906516647,125.713657733,1707.843529,872.538607,151.155889983,-33.929078108
20,path21846,cont20,1940,69.722959316,125.204308364,1707.323209,873.982444,151.155781094,-33.928827391
20,path21846,cont20,1941,69.475819965,124.518614206,1706.622657,875.926160,151.155634487,-33.928489872
20,path21846,cont20,1942,69.271267947,123.962274838,1706.042825,877.503198,151.155513144,-33.928216025
20,path21846,cont20,1943,68.945303930,123.051182142,1705.118833,880.085844,151.155319777,-33.927767558
20,path21846,cont20,1944,68.862499931,122.822502770,1704.884113,880.734074,151.155270656,-33.927654995
20,path21846,cont20,1945,68.819065932,122.720717562,1704.760993,881.022602,151.155244890,-33.927604893
20,path21846,cont20,1946,68.717804600,122.494234232,1704.473954,881.664608,151.155184821,-33.927493411
20,path21846,cont20,1947,68.276101251,121.570362160,1703.221884,884.283484,151.154922796,-33.927038653
20,path21846,cont20,1948,68.068839899,121.126391333,1702.634373,885.541996,151.154799845,-33.926820117
20,path21846,cont20,1949,67.729921883,120.423314050,1701.673662,887.534991,151.154598794,-33.926474040
20,path21846,cont20,1950,67.445783199,119.847739474,1700.868231,889.166557,151.154430239,-33.926190725
20,path21846,cont20,1951,67.241397868,119.430253437,1700.288873,890.349994,151.154308994,-33.925985225
20,path21846,cont20,1952,67.172563869,119.287431356,1700.093753,890.754848,151.154268161,-33.925914924
20,path21846,cont20,1953,67.030495850,118.992526776,1699.691042,891.590806,151.154183884,-33.925769763
20,path21846,cont20,1954,66.604032501,118.162819912,1698.482172,893.942756,151.153930900,-33.925361355
20,path21846,cont20,1955,66.372638504,117.734142000,1697.826254,895.157919,151.153793634,-33.925150346
20,path21846,cont20,1956,66.029487154,117.044214509,1696.853544,897.113639,151.153590071,-33.924810743
20,path21846,cont20,1957,65.698358471,116.395059309,1695.914914,898.953783,151.153393641,-33.924491209
20,path21846,cont20,1958,65.517682452,116.038030563,1695.402762,899.965843,151.153286461,-33.924315468
20,path21846,cont20,1959,65.460193786,115.920343898,1695.239803,900.299446,151.153252358,-33.924257539
20,path21846,cont20,1960,65.343099788,115.674572443,1694.907883,900.996128,151.153182896,-33.924136563
20,path21846,cont20,1961,64.876165773,114.811210579,1693.584294,903.443479,151.152905904,-33.923711589
20,path21846,cont20,1962,64.600663089,114.341919126,1692.803344,904.773770,151.152742472,-33.923480589
20,path21846,cont20,1963,64.289939072,113.704458509,1691.922554,906.580763,151.152558146,-33.923166811
20,path21846,cont20,1964,63.655791038,112.645807689,1690.124975,909.581698,151.152181961,-33.922645710
20,path21846,cont20,1965,63.113927024,111.494420412,1688.588985,912.845504,151.151860519,-33.922078961
20,path21846,cont20,1966,62.792535008,110.949696252,1687.677956,914.389622,151.151669865,-33.921810831
20,path21846,cont20,1967,62.513730324,110.401717718,1686.887645,915.942963,151.151504474,-33.921541099
20,path21846,cont20,1968,61.968564310,109.465568979,1685.342297,918.596643,151.151181074,-33.921080297
20,path21846,cont20,1969,61.892448977,109.330102314,1685.126538,918.980648,151.151135921,-33.921013616
20,path21846,cont20,1970,61.845122957,109.253558357,1684.992386,919.197625,151.151107846,-33.920975939
20,path21846,cont20,1971,61.791020958,109.075096901,1684.839026,919.703504,151.151075752,-33.920888095
20,path21846,cont20,1972,61.533295628,107.995252956,1684.108464,922.764499,151.150922865,-33.920356564
20,path21846,cont20,1973,61.373278275,107.557632128,1683.654871,924.005009,151.150827940,-33.920141154
20,path21846,cont20,1974,61.382088900,106.967743594,1683.679842,925.677138,151.150833166,-33.919850795
20,path21846,cont20,1975,61.459812899,106.373833393,1683.900156,927.360665,151.150879272,-33.919558457
20,path21846,cont20,1976,61.469284983,105.861838192,1683.927002,928.811994,151.150884890,-33.919306439
20,path21846,cont20,1977,61.583751669,105.474250071,1684.251470,929.910668,151.150952792,-33.919115658
20,path21846,cont20,1978,61.969829018,104.505319459,1685.345847,932.657235,151.151181816,-33.918638726
20,path21846,cont20,1979,62.066349017,104.263093420,1685.619443,933.343858,151.151239073,-33.918519497
20,path21846,cont20,1980,62.110545016,104.166229463,1685.744722,933.618432,151.151265290,-33.918471818
20,path21846,cont20,1981,62.307561701,103.827060092,1686.303188,934.579852,151.151382162,-33.918304871
20,path21846,cont20,1982,62.687458384,103.191319267,1687.380048,936.381941,151.151607521,-33.917991945
20,path21846,cont20,1983,63.073959066,102.470726568,1688.475627,938.424557,151.151836796,-33.917637252
20,path21846,cont20,1984,63.263781731,102.074301364,1689.013700,939.548277,151.151949401,-33.917442122
20,path21846,cont20,1985,63.658579747,101.198953875,1690.132798,942.029568,151.152183598,-33.917011255
20,path21846,cont20,1986,63.773723766,100.890687837,1690.459186,942.903391,151.152251902,-33.916859519
20,path21846,cont20,1987,63.807590432,100.775117839,1690.555185,943.230991,151.152271992,-33.916802632
20,path21846,cont20,1988,63.830371057,100.602635966,1690.619758,943.719916,151.152285506,-33.916717732
20,path21846,cont20,1989,64.047033054,99.469213897,1691.233905,946.932767,151.152414030,-33.916159832
20,path21846,cont20,1990,64.091906387,99.079429735,1691.361102,948.037668,151.152440649,-33.915967970
20,path21846,cont20,1991,64.061087721,98.675649115,1691.273739,949.182248,151.152422367,-33.915769218
20,path21846,cont20,1992,64.061257054,97.787416418,1691.274213,951.700080,151.152422466,-33.915332006
20,path21846,cont20,1993,64.034587054,97.383635798,1691.198611,952.844660,151.152406644,-33.915133253
20,path21846,cont20,1994,63.958302389,97.083492469,1690.982370,953.695465,151.152361391,-33.914985514
20,path21846,cont20,1995,63.703712371,95.731894986,1690.260693,957.526787,151.152210363,-33.914320219
20,path21846,cont20,1996,63.693631746,95.687868320,1690.232118,957.651588,151.152204383,-33.914298548
20,path21846,cont20,1997,63.683471746,95.664055820,1690.203318,957.719088,151.152198356,-33.914286827
20,path21846,cont20,1998,63.659923830,95.593517904,1690.136568,957.919040,151.152184387,-33.914252106
20,path21846,cont20,1999,63.211870481,94.442315835,1688.866497,961.182318,151.151918595,-33.913685449
20,path21846,cont20,2000,63.074710483,93.991889174,1688.477697,962.459127,151.151837229,-33.913463736
20,path21846,cont20,2001,62.692781800,93.268333142,1687.395067,964.510174,151.151610664,-33.913107579
20,path21846,cont20,2002,62.496527115,92.822245647,1686.838756,965.774686,151.151494242,-33.912888001
20,path21846,cont20,2003,62.249049098,92.295962946,1686.137245,967.266525,151.151347435,-33.912628949
20,path21846,cont20,2004,62.139829099,92.128217115,1685.827646,967.742031,151.151282644,-33.912546379
20,path21846,cont20,2005,61.972951101,91.833418368,1685.354607,968.577691,151.151183650,-33.912401270
20,path21846,cont20,2006,61.490949066,91.084541711,1683.988307,970.700517,151.150897719,-33.912032649
20,path21846,cont20,2007,61.223148402,90.600089634,1683.229189,972.073782,151.150738856,-33.911794186
20,path21846,cont20,2008,60.827165053,90.055868182,1682.106721,973.616477,151.150503953,-33.911526303
20,path21846,cont20,2009,60.285811685,89.224944234,1680.572181,975.971882,151.150182815,-33.911117295
20,path21846,cont20,2010,60.150091020,89.040556112,1680.187463,976.494564,151.150102304,-33.911026534
20,path21846,cont20,2011,60.062969021,88.904057572,1679.940504,976.881493,151.150050622,-33.910959345
20,path21846,cont20,2012,59.433138987,88.065196124,1678.155166,979.259401,151.149676998,-33.910546430
20,path21846,cont20,2013,59.385979655,87.999579458,1678.021486,979.445404,151.149649022,-33.910514131
20,path21846,cont20,2014,58.813384287,87.208104885,1676.398388,981.688984,151.149309351,-33.910124541
20,path21846,cont20,2015,58.715001621,87.091185511,1676.119509,982.020414,151.149250989,-33.910066990
20,path21846,cont20,2016,58.598669623,86.955560096,1675.789751,982.404870,151.149181979,-33.910000230
20,path21846,cont20,2017,57.916854256,86.197396564,1673.857054,984.554029,151.148777518,-33.909627037
20,path21846,cont20,2018,57.325208889,85.512099281,1672.179957,986.496634,151.148426546,-33.909289710
20,path21846,cont20,2019,57.129628891,85.292733242,1671.625559,987.118469,151.148310525,-33.909181731
20,path21846,cont20,2020,56.323776860,84.406775962,1669.341265,989.629884,151.147832483,-33.908745633
20,path21846,cont20,2021,55.797155491,83.816067219,1667.848487,991.304361,151.147520084,-33.908454866
20,path21846,cont20,2022,55.526394141,83.512272640,1667.080978,992.165525,151.147359465,-33.908305328
20,path21846,cont20,2023,55.224134145,83.192999935,1666.224182,993.070565,151.147180160,-33.908148171
20,path21846,cont20,2024,54.682188110,82.664785775,1664.687965,994.567891,151.146858671,-33.907888166
20,path21846,cont20,2025,54.134482096,82.119955782,1663.135420,996.112318,151.146533764,-33.907619982
20,path21846,cont20,2026,53.840437412,81.814811828,1662.301911,996.977308,151.146359333,-33.907469779
20,path21846,cont20,2027,53.536910062,81.506545790,1661.441523,997.851148,151.146179277,-33.907318040
20,path21846,cont20,2028,52.992675381,80.971029130,1659.898818,999.369175,151.145856430,-33.907054440
20,path21846,cont20,2029,52.412121347,80.423923720,1658.253161,1000.920053,151.145512037,-33.906785136
20,path21846,cont20,2030,52.130861329,80.141216432,1657.455892,1001.721442,151.145345190,-33.906645978
20,path21846,cont20,2031,51.849683333,79.870785811,1656.658856,1002.488031,151.145178392,-33.906512862
20,path21846,cont20,2032,51.271753965,79.308784359,1655.020640,1004.081134,151.144835557,-33.906236226
20,path21846,cont20,2033,50.633287932,78.727812283,1653.210824,1005.728015,151.144456810,-33.905950251
20,path21846,cont20,2034,50.400623934,78.488284995,1652.551307,1006.407002,151.144318791,-33.905832347
20,path21846,cont20,2035,50.162459250,78.275507081,1651.876198,1007.010163,151.144177509,-33.905727611
20,path21846,cont20,2036,49.550663216,77.646706276,1650.141981,1008.792621,151.143814583,-33.905418093
20,path21846,cont20,2037,48.897123870,77.031690263,1648.289438,1010.536006,151.143426895,-33.905115361
20,path21846,cont20,2038,48.693672518,76.812152245,1647.712728,1011.158328,151.143306205,-33.905007297
20,path21846,cont20,2039,48.475317188,76.607682248,1647.093771,1011.737939,151.143176674,-33.904906649
20,path21846,cont20,2040,47.853276487,75.960918881,1645.330515,1013.571315,151.142807671,-33.904588290
20,path21846,cont20,2041,47.180520454,75.335576180,1643.423499,1015.343973,151.142408583,-33.904280475
20,path21846,cont20,2042,46.997809790,75.124840850,1642.905582,1015.941342,151.142300197,-33.904176744
20,path21846,cont20,2043,46.788177772,74.931718831,1642.311352,1016.488785,151.142175841,-33.904081682
20,path21846,cont20,2044,46.153098405,74.278012798,1640.511136,1018.341841,151.141799103,-33.903759906
20,path21846,cont20,2045,45.471449726,73.639459452,1638.578913,1020.151947,151.141394740,-33.903445588
20,path21846,cont20,2046,45.348008373,73.391304101,1638.229002,1020.855387,151.141321513,-33.903323438
20,path21846,cont20,2047,45.101205043,72.975932085,1637.529404,1022.032833,151.141175106,-33.903118979
20,path21846,cont20,2048,44.732230360,72.314606052,1636.483494,1023.907478,151.140956225,-33.902793453
20,path21846,cont20,2049,44.445213009,71.943599369,1635.669905,1024.959166,151.140785962,-33.902610831
20,path21846,cont20,2050,44.142193659,71.212084670,1634.810954,1027.032769,151.140606207,-33.902250758
20,path21846,cont20,2051,43.721233644,70.556177303,1633.617685,1028.892057,151.140356487,-33.901927899
20,path21846,cont20,2052,43.544367625,70.247821307,1633.116334,1029.766147,151.140251568,-33.901776117
20,path21846,cont20,2053,43.567994916,70.093730621,1633.183308,1030.202940,151.140265584,-33.901700269
20,path21846,cont20,2054,43.414917585,69.117444592,1632.749384,1032.970379,151.140174775,-33.901219713
20,path21846,cont20,2055,43.362339586,68.605301223,1632.600342,1034.422130,151.140143584,-33.900967622
20,path21846,cont20,2056,43.347602294,68.552299891,1632.558567,1034.572372,151.140134842,-33.900941533
20,path21846,cont20,2057,43.362418961,68.499298558,1632.600566,1034.722611,151.140143631,-33.900915445
20,path21846,cont20,2058,43.415166293,68.431226559,1632.750084,1034.915570,151.140174921,-33.900881938
20,path21846,cont20,2059,44.243285658,67.688874527,1635.097487,1037.019847,151.140666170,-33.900516538
20,path21846,cont20,2060,45.103321710,66.857455808,1637.535360,1039.376596,151.141176352,-33.900107297
20,path21846,cont20,2061,46.569655754,66.635629144,1641.691865,1040.005338,151.142046198,-33.899998118
20,path21846,cont20,2062,46.790971772,66.606842478,1642.319213,1040.086929,151.142177486,-33.899983950
20,path21846,cont20,2063,47.104997788,66.542749812,1643.209359,1040.268597,151.142363769,-33.899952404
20,path21846,cont20,2064,47.996532486,66.374096460,1645.736524,1040.746634,151.142892638,-33.899869395
20,path21846,cont20,2065,48.478703854,66.271734461,1647.103298,1041.036775,151.143178667,-33.899819013
20,path21846,cont20,2066,49.299795886,66.034077777,1649.430784,1041.710416,151.143665748,-33.899702038
20,path21846,cont20,2067,49.333577885,66.022224443,1649.526543,1041.744015,151.143685788,-33.899696203
20,path21846,cont20,2068,50.166438583,65.820040446,1651.887389,1042.317102,151.144179851,-33.899596689
20,path21846,cont20,2069,50.819721283,65.820040446,1653.739201,1042.317075,151.144567386,-33.899596694
20,path21846,cont20,2070,51.213926633,65.806996488,1654.856625,1042.354034,151.144801233,-33.899590276
20,path21846,cont20,2071,51.854085999,65.806996488,1656.671236,1042.354008,151.145180983,-33.899590280
20,path21846,cont20,2072,52.611678032,65.925360486,1658.818726,1042.018456,151.145630395,-33.899648548
20,path21846,cont20,2073,52.758913363,65.950495903,1659.236084,1041.947200,151.145717737,-33.899660921
20,path21846,cont20,2074,53.541566728,66.068690568,1661.454613,1041.612127,151.146182016,-33.899719105
20,path21846,cont20,2075,54.356224093,66.041681902,1663.763861,1041.688654,151.146665280,-33.899705817
20,path21846,cont20,2076,54.414474759,66.041681902,1663.928980,1041.688651,151.146699835,-33.899705817
20,path21846,cont20,2077,55.229129478,66.012725902,1666.238220,1041.770698,151.147183098,-33.899691570
20,path21846,cont20,2078,56.043871509,66.042105235,1668.547708,1041.687384,151.147666412,-33.899706037
20,path21846,cont20,2079,56.106694175,66.046841276,1668.725787,1041.673957,151.147703680,-33.899708369
20,path21846,cont20,2080,56.916694873,66.078337276,1671.021835,1041.584643,151.148184181,-33.899723878
20,path21846,cont20,2081,57.731436905,65.984187944,1673.331322,1041.851491,151.148667496,-33.899677541
20,path21846,cont20,2082,57.800691591,65.973022527,1673.527633,1041.883138,151.148708578,-33.899672045
20,path21846,cont20,2083,58.604342289,65.872353862,1675.805681,1042.168466,151.149185313,-33.899622499
20,path21846,cont20,2084,59.157720970,65.721988510,1677.374300,1042.594677,151.149513584,-33.899548489
20,path21846,cont20,2085,60.059328354,65.400170514,1679.930017,1043.506883,151.150048427,-33.899390088
20,path21846,cont20,2086,60.292077018,65.327867827,1680.589771,1043.711826,151.150186496,-33.899354500
20,path21846,cont20,2087,60.388594371,65.263351828,1680.863361,1043.894703,151.150243751,-33.899322744
20,path21846,cont20,2088,60.490702370,65.166408496,1681.152799,1044.169499,151.150304323,-33.899275027
20,path21846,cont20,2089,60.811586387,64.644864482,1682.062381,1045.647883,151.150494674,-33.899018311
20,path21846,cont20,2090,61.062199717,64.244565778,1682.772773,1046.782581,151.150643340,-33.898821275
20,path21846,cont20,2091,61.511435753,63.471310413,1684.046183,1048.974474,151.150909831,-33.898440660
20,path21846,cont20,2092,61.655707751,63.145259084,1684.455137,1049.898711,151.150995415,-33.898280170
20,path21846,cont20,2093,61.980486434,62.058655035,1685.375755,1052.978844,151.151188075,-33.897745316
20,path21846,cont20,2094,62.028746434,61.824469684,1685.512553,1053.642677,151.151216703,-33.897630044
20,path21846,cont20,2095,62.036789767,61.776040351,1685.535352,1053.779957,151.151221475,-33.897606206
20,path21846,cont20,2096,62.038906434,61.717620352,1685.541352,1053.945557,151.151222730,-33.897577450
20,path21846,cont20,2097,62.134495099,60.234778954,1685.812299,1058.148896,151.151279432,-33.896847555
20,path21846,cont20,2098,62.139310516,60.080688268,1685.825948,1058.585689,151.151282289,-33.896771708
20,path21846,cont20,2099,62.134574474,59.926594937,1685.812522,1059.022491,151.151279479,-33.896695859
20,path21846,cont20,2100,62.134839057,58.539426871,1685.813262,1062.954632,151.151279634,-33.896013057
20,path21846,cont20,2101,62.130341141,58.385333540,1685.800511,1063.391434,151.151276966,-33.895937208
20,path21846,cont20,2102,62.139654474,58.226416854,1685.826910,1063.841907,151.151282490,-33.895858985
20,path21846,cont20,2103,62.248281806,56.957694808,1686.134819,1067.438291,151.151346927,-33.895234486
20,path21846,cont20,2104,62.263098473,56.689981457,1686.176816,1068.197165,151.151355716,-33.895102710
20,path21846,cont20,2105,62.284185764,56.386369440,1686.236589,1069.057799,151.151368225,-33.894953264
20,path21846,cont20,2106,62.342182430,55.356320078,1686.400980,1071.977630,151.151402628,-33.894446246
20,path21846,cont20,2107,62.368005763,54.994711395,1686.474177,1073.002665,151.151417946,-33.894268252
20,path21846,cont20,2108,62.425071095,54.550047359,1686.635933,1074.263131,151.151451797,-33.894049377
20,path21846,cont20,2109,62.508552428,53.827843347,1686.872566,1076.310326,151.151501318,-33.893693889
20,path21846,cont20,2110,62.578317760,53.299443979,1687.070321,1077.808153,151.151542703,-33.893433797
20,path21846,cont20,2111,62.669331780,52.609923946,1687.328306,1079.762700,151.151596692,-33.893094397
20,path21846,cont20,2112,62.688223030,52.312661929,1687.381854,1080.605334,151.151607899,-33.892948076
20,path21846,cont20,2113,62.797781695,51.604258583,1687.692406,1082.613408,151.151672889,-33.892599382
20,path21846,cont20,2114,62.986673026,50.917024550,1688.227838,1084.561471,151.151784940,-33.892261108
20,path21846,cont20,2115,63.108421045,50.474135868,1688.572944,1085.816902,151.151857162,-33.892043107
20,path21846,cont20,2116,63.263699710,49.909075834,1689.013097,1087.418646,151.151949274,-33.891764970
20,path21846,cont20,2117,63.313145043,49.549499151,1689.153254,1088.437919,151.151978605,-33.891587977
20,path21846,cont20,2118,63.421346395,48.465011769,1689.459956,1091.512061,151.152042790,-33.891054163
20,path21846,cont20,2119,63.453689062,48.213893084,1689.551634,1092.223895,151.152061976,-33.890930556
20,path21846,cont20,2120,63.498393061,48.039987753,1689.678351,1092.716854,151.152088494,-33.890844955
20,path21846,cont20,2121,63.671705726,47.245142388,1690.169622,1094.969959,151.152191304,-33.890453712
20,path21846,cont20,2122,63.796840412,46.644268354,1690.524328,1096.673224,151.152265535,-33.890157946
20,path21846,cont20,2123,63.812503745,46.518707689,1690.568727,1097.029144,151.152274826,-33.890096142
20,path21846,cont20,2124,63.840613078,46.349207670,1690.648405,1097.509617,151.152291501,-33.890012709
20,path21846,cont20,2125,64.126445095,45.279957642,1691.458624,1100.540559,151.152461058,-33.889486397
20,path21846,cont20,2126,64.185796427,44.823524940,1691.626859,1101.834385,151.152496265,-33.889261729
20,path21846,cont20,2127,64.357161759,44.135695594,1692.112611,1103.784137,151.152597920,-33.888923162
20,path21846,cont20,2128,64.419137758,43.878480910,1692.288288,1104.513249,151.152634685,-33.888796554
20,path21846,cont20,2129,64.610058443,43.128424211,1692.829471,1106.639392,151.152747940,-33.888427357
20,path21846,cont20,2130,64.757547774,42.523062844,1693.247543,1108.355376,151.152835431,-33.888129382
20,path21846,cont20,2131,64.871845127,41.924048830,1693.571529,1110.053369,151.152903233,-33.887834532
20,path21846,cont20,2132,64.981657792,41.433326128,1693.882804,1111.444394,151.152968374,-33.887592986
20,path21846,cont20,2133,65.031949792,41.103298112,1694.025360,1112.379907,151.152998208,-33.887430537
20,path21846,cont20,2134,65.143032457,39.956919397,1694.340230,1115.629489,151.153064102,-33.886866259
20,path21846,cont20,2135,65.173343123,39.738225400,1694.426147,1116.249410,151.153082082,-33.886758612
20,path21846,cont20,2136,65.190699790,39.567286048,1694.475346,1116.733963,151.153092378,-33.886674471
20,path21846,cont20,2137,65.266558476,38.138123316,1694.690367,1120.785142,151.153137376,-33.885970999
20,path21846,cont20,2138,65.275448476,38.043042650,1694.715566,1121.054662,151.153142649,-33.885924198
20,path21846,cont20,2139,65.277565143,37.958968651,1694.721565,1121.292983,151.153143905,-33.885882814
20,path21846,cont20,2140,65.230831789,36.479344586,1694.589083,1125.487207,151.153116180,-33.885154502
20,path21846,cont20,2141,65.233795123,36.347941921,1694.597482,1125.859688,151.153117938,-33.885089822
20,path21846,cont20,2142,65.231943039,36.217473236,1694.592231,1126.229522,151.153116839,-33.885025602
20,path21846,cont20,2143,65.154049707,34.861798524,1694.371423,1130.072394,151.153070630,-33.884358301
20,path21846,cont20,2144,65.151165749,34.652759172,1694.363247,1130.664948,151.153068918,-33.884255406
20,path21846,cont20,2145,65.140503040,34.430085841,1694.333020,1131.296151,151.153062593,-33.884145800
20,path21846,cont20,2146,65.035177708,33.286334439,1694.034455,1134.538294,151.153000111,-33.883582814
20,path21846,cont20,2147,65.020784375,32.957658443,1693.993652,1135.469978,151.152991572,-33.883421030
20,path21846,cont20,2148,65.005041667,32.598420427,1693.949025,1136.488294,151.152982233,-33.883244204
20,path21846,cont20,2149,64.938578335,31.688685043,1693.760620,1139.067082,151.152942805,-33.882796406
20,path21846,cont20,2150,64.920957085,31.262475694,1693.710668,1140.275239,151.152932351,-33.882586614
20,path21846,cont20,2151,64.877777085,30.775052346,1693.588265,1141.656917,151.152906735,-33.882346691
20,path21846,cont20,2152,64.797939066,30.135316312,1693.361950,1143.470351,151.152859374,-33.882031795
20,path21846,cont20,2153,64.751457066,29.567377611,1693.230187,1145.080262,151.152831799,-33.881752239
20,path21846,cont20,2154,64.688549734,28.889369599,1693.051863,1147.002183,151.152794481,-33.881418505
20,path21846,cont20,2155,64.655699067,28.583386915,1692.958742,1147.869539,151.152774993,-33.881267892
20,path21846,cont20,2156,64.591860401,27.872276882,1692.777778,1149.885293,151.152737122,-33.880917863
20,path21846,cont20,2157,64.504061069,27.041024851,1692.528894,1152.241608,151.152685037,-33.880508698
20,path21846,cont20,2158,64.501097736,27.005464852,1692.520494,1152.342409,151.152683279,-33.880491194
20,path21846,cont20,2159,64.417195716,26.177178800,1692.282657,1154.690317,151.152633506,-33.880083488
20,path21846,cont20,2160,64.345652384,25.505436121,1692.079854,1156.594478,151.152591065,-33.879752838
20,path21846,cont20,2161,64.311023718,25.118935438,1691.981692,1157.690075,151.152570522,-33.879562591
20,path21846,cont20,2162,64.245237718,24.482078071,1691.795209,1159.495348,151.152531496,-33.879249112
20,path21846,cont20,2163,64.178351053,23.978822056,1691.605606,1160.921907,151.152491818,-33.879001395
20,path21846,cont20,2164,64.077939033,23.189228671,1691.320970,1163.160136,151.152432251,-33.878612735
20,path21846,cont20,2165,64.025022367,22.787064655,1691.170969,1164.300134,151.152400860,-33.878414779
20,path21846,cont20,2166,63.985906367,22.477525971,1691.060087,1165.177570,151.152377655,-33.878262415
20,path21846,cont20,2167,63.844936369,21.259688591,1690.660482,1168.629724,151.152294028,-33.877662961
20,path21846,cont20,2168,63.807937036,20.961579907,1690.555600,1169.474760,151.152272079,-33.877516223
20,path21846,cont20,2169,63.678399684,20.002311877,1690.188404,1172.193959,151.152195235,-33.877044045
20,path21846,cont20,2170,63.603215685,19.472642509,1689.975281,1173.695391,151.152150634,-33.876783326
20,path21846,cont20,2171,63.594166935,19.396950510,1689.949631,1173.909952,151.152145266,-33.876746068
20,path21846,cont20,2172,63.583742352,19.301700511,1689.920081,1174.179953,151.152139082,-33.876699184
20,path21846,cont20,2173,63.435745020,17.946282445,1689.500554,1178.022101,151.152051286,-33.876032009
20,path21846,cont20,2174,63.408990354,17.701934448,1689.424713,1178.714744,151.152035415,-33.875911734
20,path21846,cont20,2175,63.355737667,17.377155765,1689.273759,1179.635381,151.152003824,-33.875751869
20,path21846,cont20,2176,63.199189002,16.489179713,1688.829996,1182.152493,151.151910956,-33.875314781
20,path21846,cont20,2177,63.122396337,16.006921032,1688.612314,1183.519532,151.151865401,-33.875077400
20,path21846,cont20,2178,63.012499005,15.336789665,1688.300792,1185.419127,151.151800208,-33.874747542
20,path21846,cont20,2179,62.958484318,15.036392336,1688.147678,1186.270652,151.151768165,-33.874599678
20,path21846,cont20,2180,62.844099653,14.311904970,1687.823436,1188.324328,151.151700310,-33.874243065
20,path21846,cont20,2181,62.739620987,13.561678938,1687.527272,1190.450964,151.151638331,-33.873873782
20,path21846,cont20,2182,62.702198321,13.329610253,1687.421192,1191.108799,151.151616131,-33.873759551
20,path21846,cont20,2183,62.599161635,12.616976220,1687.129116,1193.128875,151.151555007,-33.873408772
20,path21846,cont20,2184,62.533714302,12.074011540,1686.943594,1194.667994,151.151516182,-33.873141510
20,path21846,cont20,2185,62.454381637,11.385084173,1686.718710,1196.620868,151.151469120,-33.872802400
20,path21846,cont20,2186,62.399094304,10.921962804,1686.561988,1197.933660,151.151436322,-33.872574439
20,path21846,cont20,2187,62.348040305,10.565939475,1686.417267,1198.942865,151.151406036,-33.872399194
20,path21846,cont20,2188,62.197844286,9.431924740,1685.991509,1202.157410,151.151316936,-33.871841000
20,path21846,cont20,2189,62.168972953,9.227031409,1685.909669,1202.738213,151.151299809,-33.871740146
20,path21846,cont20,2190,62.149235036,9.071075411,1685.853718,1203.180295,151.151288100,-33.871663380
20,path21846,cont20,2191,61.994210372,7.984132695,1685.414273,1206.261408,151.151196136,-33.871128356
20,path21846,cont20,2192,61.934605039,7.592128680,1685.245312,1207.372606,151.151160777,-33.870935400
20,path21846,cont20,2193,61.925556289,7.532102659,1685.219662,1207.542760,151.151155409,-33.870905854
20,path21846,cont20,2194,61.912591706,7.449891327,1685.182911,1207.775801,151.151147718,-33.870865387
20,path21846,cont20,2195,61.709817688,6.123426615,1684.608114,1211.535878,151.151027428,-33.870212463
20,path21846,cont20,2196,61.664351688,5.837171264,1684.479233,1212.347315,151.151000457,-33.870071560
20,path21846,cont20,2197,61.606355022,5.446860582,1684.314831,1213.453713,151.150966052,-33.869879438
20,path21846,cont20,2198,61.491295670,4.648459217,1683.988675,1215.716909,151.150897796,-33.869486442
20,path21846,cont20,2199,61.415349671,4.142327181,1683.773393,1217.151622,151.150852744,-33.869237310
20,path21846,cont20,2200,61.316459005,3.460257815,1683.493070,1219.085056,151.150794080,-33.868901576
20,path21846,cont20,2201,61.276919672,3.169343152,1683.380989,1219.909700,151.150770624,-33.868758379
20,path21846,cont20,2202,61.170155007,2.447395786,1683.078346,1221.956176,151.150707289,-33.868403016
20,path21846,cont20,2203,61.065678988,1.687094421,1682.782191,1224.111371,151.150645311,-33.868028774
20,path21846,cont20,2204,61.035029655,1.482034402,1682.695310,1224.692647,151.150627129,-33.867927838
20,path21846,cont20,2205,60.932582989,0.752551703,1682.404907,1226.760482,151.150566356,-33.867568766
20,path21846,cont20,2206,60.858076324,0.201120356,1682.193704,1228.323602,151.150522157,-33.867297336
20,path21846,cont20,2207,60.750467637,-0.499152344,1681.888669,1230.308638,151.150458321,-33.866952642
20,path21846,cont20,2208,60.688660972,-0.942295025,1681.713467,1231.564796,151.150421656,-33.866734514
20,path21846,cont20,2209,60.642094305,-1.276217709,1681.581466,1232.511354,151.150394032,-33.866570148
20,path21846,cont20,2210,60.447699641,-2.498796422,1681.030421,1235.976949,151.150278713,-33.865968360
20,path21846,cont20,2211,60.427723600,-2.637139108,1680.973796,1236.369104,151.150266862,-33.865900264
20,path21846,cont20,2212,60.414441517,-2.741956440,1680.936145,1236.666225,151.150258983,-33.865848670
20,path21846,cont20,2213,60.310219497,-3.484562473,1680.640710,1238.771261,151.150197156,-33.865483138
20,path21846,cont20,2214,60.214038165,-4.235127171,1680.368066,1240.898856,151.150140099,-33.865113689
20,path21846,cont20,2215,60.182372832,-4.460676523,1680.278305,1241.538212,151.150121315,-33.865002667
20,path21846,cont20,2216,60.016087501,-5.730583903,1679.806940,1245.137966,151.150022670,-33.864377583
20,path21846,cont20,2217,59.973502814,-6.026745253,1679.686226,1245.977483,151.149997408,-33.864231804
20,path21846,cont20,2218,59.919231481,-6.420357936,1679.532385,1247.093241,151.149965213,-33.864038056
20,path21846,cont20,2219,59.819578816,-7.227564634,1679.249901,1249.381397,151.149906097,-33.863640726
20,path21846,cont20,2220,59.749051483,-7.721507315,1679.049979,1250.781557,151.149864259,-33.863397594
20,path21846,cont20,2221,59.667856151,-8.368186015,1678.819816,1252.614670,151.149816092,-33.863079280
20,path21846,cont20,2222,59.626372131,-8.727762698,1678.702222,1253.633948,151.149791482,-33.862902286
20,path21846,cont20,2223,59.537810799,-9.416266731,1678.451179,1255.585622,151.149738946,-33.862563385
20,path21846,cont20,2224,59.397264134,-10.191977430,1678.052776,1257.784499,151.149655571,-33.862181558
20,path21846,cont20,2225,59.337150801,-10.395767448,1677.882376,1258.362176,151.149619910,-33.862081247
20,path21846,cont20,2226,59.179673449,-11.111026147,1677.435982,1260.389693,151.149526492,-33.861729176
20,path21846,cont20,2227,59.066389450,-11.553999496,1677.114861,1261.645374,151.149459290,-33.861511131
20,path21846,cont20,2228,58.813238766,-12.617489545,1676.397266,1264.660011,151.149309116,-33.860987650
20,path21846,cont20,2229,58.738393434,-12.918818208,1676.185106,1265.514176,151.149264717,-33.860839328
20,path21846,cont20,2230,58.626040768,-13.441375576,1675.866624,1266.995450,151.149198067,-33.860582110
20,path21846,cont20,2231,58.462552083,-14.336042940,1675.403189,1269.531530,151.149101082,-33.860141729
20,path21846,cont20,2232,58.388807417,-14.739307622,1675.194147,1270.674649,151.149057336,-33.859943230
20,path21846,cont20,2233,58.200847420,-15.767491672,1674.661344,1273.589202,151.148945834,-33.859437129
20,path21846,cont20,2234,58.122702733,-16.195309687,1674.439830,1274.801922,151.148899477,-33.859226545
20,path21846,cont20,2235,58.013567401,-16.811593055,1674.130468,1276.548876,151.148834736,-33.858923192
20,path21846,cont20,2236,57.942616735,-17.202327071,1673.929347,1277.656475,151.148792646,-33.858730862
20,path21846,cont20,2237,57.822220737,-17.889984437,1673.588064,1279.605751,151.148721225,-33.858392377
20,path21846,cont20,2238,57.716559384,-18.669589802,1673.288549,1281.815666,151.148658544,-33.858008633
20,path21846,cont20,2239,57.690392093,-18.831472467,1673.214373,1282.274549,151.148643021,-33.857928950
20,path21846,cont20,2240,57.583542761,-19.584661832,1672.911490,1284.409585,151.148579636,-33.857558209
20,path21846,cont20,2241,57.527832095,-20.174190533,1672.753567,1286.080697,151.148546587,-33.857268026
20,path21846,cont20,2242,57.473984095,-20.744163880,1672.600924,1287.696376,151.148514643,-33.856987469
20,path21846,cont20,2243,57.423353429,-21.279336582,1672.457401,1289.213408,151.148484607,-33.856724042
20,path21846,cont20,2244,57.401604680,-21.741529263,1672.395748,1290.523565,151.148471705,-33.856496538
20,path21846,cont20,2245,57.341322014,-22.572611961,1672.224864,1292.879399,151.148435943,-33.856087456
20,path21846,cont20,2246,57.321425347,-22.973929310,1672.168461,1294.016996,151.148424140,-33.855889917
20,path21846,cont20,2247,57.307799306,-23.341379993,1672.129834,1295.058592,151.148416056,-33.855709047
20,path21846,cont20,2248,57.227365973,-24.382094709,1671.901828,1298.008662,151.148368341,-33.855196778
20,path21846,cont20,2249,57.215935974,-24.668519393,1671.869426,1298.820577,151.148361560,-33.855055792
20,path21846,cont20,2250,57.212390557,-24.939619411,1671.859375,1299.589052,151.148359456,-33.854922349
20,path21846,cont20,2251,57.196991807,-26.107672792,1671.815717,1302.900080,151.148350320,-33.854347401
20,path21846,cont20,2252,57.193605141,-26.363027455,1671.806115,1303.623922,151.148348310,-33.854221709
20,path21846,cont20,2253,57.206146390,-26.627438806,1671.841663,1304.373436,151.148355750,-33.854091558
20,path21846,cont20,2254,57.206410974,-27.793206187,1671.842405,1307.677984,151.148355905,-33.853517736
20,path21846,cont20,2255,57.220222224,-28.057532871,1671.881552,1308.427258,151.148364097,-33.853387627
20,path21846,cont20,2256,57.235541598,-28.351069555,1671.924975,1309.259332,151.148373185,-33.853243140
20,path21846,cont20,2257,57.217920349,-29.476535603,1671.875017,1312.449640,151.148362730,-33.852689155
20,path21846,cont20,2258,57.234589098,-29.752038287,1671.922265,1313.230594,151.148372618,-33.852553545
20,path21846,cont20,2259,57.242367848,-30.052012284,1671.944313,1314.080916,151.148377232,-33.852405890
20,path21846,cont20,2260,57.261338473,-31.127948333,1671.998080,1317.130822,151.148388484,-33.851876285
20,path21846,cont20,2261,57.269725765,-31.446546349,1672.021852,1318.033937,151.148393458,-33.851719462
20,path21846,cont20,2262,57.319171097,-31.823141032,1672.162009,1319.101450,151.148422789,-33.851534092
20,path21846,cont20,2263,57.337639014,-32.746169083,1672.214352,1321.717915,151.148433743,-33.851079753
20,path21846,cont20,2264,57.404692367,-33.140967099,1672.404420,1322.837028,151.148473520,-33.850885423
20,path21846,cont20,2265,57.345597680,-33.543639115,1672.236906,1323.978466,151.148438463,-33.850687216
20,path21846,cont20,2266,57.236631682,-34.542615810,1671.928021,1326.810224,151.148373822,-33.850195492
20,path21846,cont20,2267,57.196415016,-34.835475161,1671.814020,1327.640380,151.148349965,-33.850051338
20,path21846,cont20,2268,57.201918349,-35.093367179,1671.829618,1328.371415,151.148353229,-33.849924397
20,path21846,cont20,2269,57.289125014,-36.184797227,1672.076808,1331.465238,151.148404959,-33.849387165
20,path21846,cont20,2270,57.295739598,-36.529895910,1672.095556,1332.443473,151.148408883,-33.849217299
20,path21846,cont20,2271,57.289389598,-36.875079260,1672.077553,1333.421949,151.148405115,-33.849047390
20,path21846,cont20,2272,57.249680931,-37.919352622,1671.964987,1336.382104,151.148381558,-33.848533370
20,path21846,cont20,2273,57.243833640,-38.224403972,1671.948410,1337.246819,151.148378089,-33.848383215
20,path21846,cont20,2274,57.276260973,-38.555871322,1672.040327,1338.186413,151.148397325,-33.848220058
20,path21846,cont20,2275,57.276514973,-39.587272705,1672.041039,1341.110079,151.148397474,-33.847712374
20,path21846,cont20,2276,57.316900972,-39.918740055,1672.155516,1342.049673,151.148421431,-33.847549217
20,path21846,cont20,2277,57.380485638,-40.354432071,1672.335752,1343.284707,151.148459149,-33.847334758
20,path21846,cont20,2278,57.380654972,-41.177471435,1672.336226,1345.617738,151.148459249,-33.846929635
20,path21846,cont20,2279,57.470483658,-41.613078784,1672.590853,1346.852531,151.148512535,-33.846715218
20,path21846,cont20,2280,57.436870992,-42.104986819,1672.495571,1348.246921,151.148492595,-33.846473087
20,path21846,cont20,2281,57.352206972,-42.900848184,1672.255574,1350.502916,151.148442370,-33.846081342
20,path21846,cont20,2282,57.322404306,-43.307499533,1672.171092,1351.655634,151.148424690,-33.845881177
20,path21846,cont20,2283,57.197520974,-43.558533551,1671.817093,1352.367233,151.148350608,-33.845757610
20,path21846,cont20,2284,56.947926289,-44.437198915,1671.109579,1354.857956,151.148202544,-33.845325105
20,path21846,cont20,2285,56.846834291,-44.900322930,1670.823018,1356.170756,151.148142574,-33.845097142
20,path21846,cont20,2286,56.811358958,-45.002007595,1670.722458,1356.458999,151.148121530,-33.845047090
20,path21846,cont20,2287,56.823212291,-45.127480948,1670.756057,1356.814672,151.148128561,-33.844985328
20,path21846,cont20,2288,56.789768958,-46.536916347,1670.661248,1360.809935,151.148108720,-33.844291565
20,path21846,cont20,2289,56.801966250,-46.696343678,1670.695821,1361.261856,151.148115955,-33.844213091
20,path21846,cont20,2290,56.836171583,-46.809373677,1670.792780,1361.582255,151.148136246,-33.844157455
20,path21846,cont20,2291,56.948693581,-47.019090362,1671.111736,1362.176725,151.148202995,-33.844054227
20,path21846,cont20,2292,57.438992950,-47.898179059,1672.501544,1364.668617,151.148493845,-33.843621519
20,path21846,cont20,2293,57.684187614,-48.390425761,1673.196576,1366.063956,151.148639297,-33.843379224
20,path21846,cont20,2294,57.908212965,-49.121265773,1673.831598,1368.135626,151.148772190,-33.843019486
20,path21846,cont20,2295,58.329257647,-49.776495806,1675.025097,1369.992959,151.149021958,-33.842696967
20,path21846,cont20,2296,58.489362312,-50.084510490,1675.478932,1370.866067,151.149116933,-33.842545355
20,path21846,cont20,2297,58.530592332,-50.190428488,1675.595803,1371.166307,151.149141391,-33.842493219
20,path21846,cont20,2298,58.636002331,-50.326569841,1675.894600,1371.552216,151.149203922,-33.842426207
20,path21846,cont20,2299,58.876963661,-50.326485174,1676.577634,1371.551966,151.149346863,-33.842426251
20,path21846,cont20,2300,60.181920395,-50.225311155,1680.276698,1371.265119,151.150120978,-33.842476061
20,path21846,cont20,2301,60.322467059,-50.225226488,1680.675095,1371.264873,151.150204352,-33.842476103
20,path21846,cont20,2302,60.457338412,-50.219564405,1681.057405,1371.248818,151.150284359,-33.842478891
20,path21846,cont20,2303,61.597705793,-50.496929755,1684.289916,1372.035006,151.150960838,-33.842342373
20,path21846,cont20,2304,62.009013809,-50.487034339,1685.455820,1372.006939,151.151204831,-33.842347246
25,path21847,cont25,0,103.654078055,104.686982373,1803.505053,932.140574,151.175909397,-33.918728443
25,path21847,cont25,1,104.169862090,105.550582362,1804.967114,929.692546,151.176215368,-33.919153534
25,path21847,cont25,2,104.553399440,105.479303613,1806.054298,929.894580,151.176442886,-33.919118451
25,path21847,cont25,3,105.474144136,105.479303613,1808.664263,929.894543,151.176989083,-33.919118458
25,path21847,cont25,4,105.857766152,105.365929656,1809.751687,930.215903,151.177216652,-33.919062655
25,path21847,cont25,5,106.157822170,104.470341542,1810.602227,932.754573,151.177394647,-33.918621824
25,path21847,cont25,6,106.219544169,104.168848838,1810.777183,933.609198,151.177431261,-33.918473422
25,path21847,cont25,7,106.312931501,103.711569469,1811.041898,934.905423,151.177486659,-33.918248337
25,path21847,cont25,8,106.441537520,103.059530310,1811.406443,936.753723,151.177562948,-33.917927386
25,path21847,cont25,9,106.563626852,102.473054901,1811.752517,938.416173,151.177635372,-33.917638708
25,path21847,cont25,10,106.815846203,101.739762202,1812.467459,940.494794,151.177784991,-33.917277763
25,path21847,cont25,11,106.912789535,101.413213456,1812.742254,941.420443,151.177842498,-33.917117027
25,path21847,cont25,12,107.116579553,100.777287422,1813.319918,943.223065,151.177963388,-33.916804009
25,path21847,cont25,13,107.183974219,100.413908677,1813.510954,944.253115,151.178003366,-33.916625144
25,path21847,cont25,14,107.545667569,99.621084728,1814.536213,946.500482,151.178217926,-33.916234897
25,path21847,cont25,15,107.747682233,99.284455358,1815.108847,947.454701,151.178337763,-33.916069200
25,path21847,cont25,16,107.983306917,99.081519944,1815.776753,948.029943,151.178477538,-33.915969311
25,path21847,cont25,17,107.837426253,98.788467447,1815.363234,948.860652,151.178390999,-33.915825062
25,path21847,cont25,18,107.656326901,97.497062672,1814.849876,952.521345,151.178283567,-33.915189396
25,path21847,cont25,19,107.622375568,97.385805382,1814.753636,952.836722,151.178263427,-33.915134632
25,path21847,cont25,20,107.646426192,97.284628716,1814.821810,953.123522,151.178277694,-33.915084830
25,path21847,cont25,21,107.545672860,97.046636011,1814.536210,953.798153,151.178217925,-33.914967683
25,path21847,cont25,22,107.300142176,95.936761858,1813.840215,956.944273,151.178072272,-33.914421371
25,path21847,cont25,23,107.238758843,95.690117278,1813.666214,957.643427,151.178035858,-33.914299965
25,path21847,cont25,24,107.216322177,95.359255824,1813.602613,958.581306,151.178022548,-33.914137106
25,path21847,cont25,25,107.170517511,94.371195836,1813.472766,961.382116,151.177995375,-33.913650755
25,path21847,cont25,26,107.143762845,93.994429174,1813.396924,962.450120,151.177979503,-33.913465300
25,path21847,cont25,27,107.259586843,93.706985845,1813.725240,963.264918,151.178048211,-33.913323814
25,path21847,cont25,28,107.545672860,93.186894393,1814.536183,964.739185,151.178217920,-33.913067812
25,path21847,cont25,29,108.248908893,93.287885850,1816.529594,964.452881,151.178635087,-33.913117528
25,path21847,cont25,30,108.600526910,93.358503141,1817.526299,964.252691,151.178843671,-33.913152290
25,path21847,cont25,31,109.233492256,93.458912514,1819.320519,963.968039,151.179219154,-33.913201719
25,path21847,cont25,32,109.364976942,93.862269801,1819.693232,962.824655,151.179297153,-33.913400264
25,path21847,cont25,33,109.421110941,93.994349799,1819.852352,962.450252,151.179330452,-33.913465277
25,path21847,cont25,34,109.511026940,94.273141254,1820.107232,961.659971,151.179383792,-33.913602507
25,path21847,cont25,35,109.632862272,95.288903116,1820.452596,958.780632,151.179456068,-33.914102493
25,path21847,cont25,36,109.873736289,95.690037903,1821.135387,957.643544,151.179598957,-33.914299945
25,path21847,cont25,37,110.383765637,96.230290605,1822.581132,956.112094,151.179901514,-33.914565875
25,path21847,cont25,38,110.921478339,96.961810595,1824.105351,954.038465,151.180220492,-33.914925953
25,path21847,cont25,39,111.023755671,97.282935383,1824.395271,953.128184,151.180281165,-33.915084021
25,path21847,cont25,40,111.072608337,97.385726007,1824.533751,952.836806,151.180310145,-33.915134617
25,path21847,cont25,41,111.184535023,97.650071212,1824.851023,952.087474,151.180376541,-33.915264736
25,path21847,cont25,42,111.494330352,98.505945368,1825.729183,949.661354,151.180560317,-33.915686023
25,path21847,cont25,43,111.796757036,99.081414110,1826.586453,948.030087,151.180739721,-33.915969287
25,path21847,cont25,44,112.096135720,99.597113479,1827.435083,946.568245,151.180917316,-33.916223130
25,path21847,cont25,45,112.609467067,100.551068675,1828.890192,943.864091,151.181221832,-33.916692697
25,path21847,cont25,46,112.657047088,100.729450756,1829.025064,943.358438,151.181250057,-33.916780501
25,path21847,cont25,47,112.671440421,100.777208047,1829.065864,943.223062,151.181258596,-33.916804009
25,path21847,cont25,48,112.724949753,100.893095546,1829.217544,942.894559,151.181290338,-33.916861052
25,path21847,cont25,49,113.158525102,101.921372199,1830.446575,939.979732,151.181547542,-33.917367201
25,path21847,cont25,50,113.453501119,102.472896151,1831.282725,938.416341,151.181722526,-33.917638679
25,path21847,cont25,51,113.701066449,103.072150935,1831.984484,936.717650,151.181869385,-33.917933650
25,path21847,cont25,52,114.256474484,104.127362172,1833.558865,933.726469,151.182198861,-33.918453058
25,path21847,cont25,53,114.276450526,104.168663630,1833.615490,933.609393,151.182210711,-33.918473388
25,path21847,cont25,54,114.283567817,104.182686546,1833.635665,933.569642,151.182214933,-33.918480290
25,path21847,cont25,55,114.297617192,104.213166546,1833.675490,933.483241,151.182223268,-33.918495293
25,path21847,cont25,56,114.677344541,105.482901946,1834.751883,929.883965,151.182448528,-33.919120295
25,path21847,cont25,57,114.813827206,105.864325275,1835.138763,928.802756,151.182529492,-33.919308043
25,path21847,cont25,58,115.158925889,106.694878806,1836.116994,926.448410,151.182734210,-33.919716866
25,path21847,cont25,59,115.181865264,106.752557972,1836.182019,926.284909,151.182747818,-33.919745258
25,path21847,cont25,60,115.509268614,107.560092753,1837.110091,923.995814,151.182942038,-33.920142751
25,path21847,cont25,61,115.637199946,107.910268791,1837.472730,923.003181,151.183017929,-33.920315118
25,path21847,cont25,62,115.985769962,108.701478781,1838.460801,920.760360,151.183224706,-33.920704576
25,path21847,cont25,63,116.148835314,109.092109609,1838.923033,919.653050,151.183321439,-33.920896856
25,path21847,cont25,64,116.211742647,109.255860232,1839.101353,919.188871,151.183358757,-33.920977459
25,path21847,cont25,65,116.329513979,109.601141478,1839.435193,918.210113,151.183428620,-33.921147417
25,path21847,cont25,66,116.577499997,110.357373552,1840.138146,916.066447,151.183575730,-33.921519657
25,path21847,cont25,67,116.788402015,110.951733544,1840.735978,914.381633,151.183700840,-33.921812218
25,path21847,cont25,68,117.053070011,111.575462286,1841.486217,912.613567,151.183857845,-33.922119237
25,path21847,cont25,69,117.292250696,112.263961028,1842.164209,910.661901,151.183999731,-33.922458136
25,path21847,cont25,70,117.438216027,112.647501023,1842.577969,909.574692,151.184086320,-33.922646926
25,path21847,cont25,71,117.504846047,112.817522271,1842.766841,909.092738,151.184125846,-33.922730616
25,path21847,cont25,72,117.674094712,113.291893723,1843.246601,907.748052,151.184226247,-33.922964116
25,path21847,cont25,73,118.005392729,114.010634339,1844.185712,905.710657,151.184422778,-33.923317902
25,path21847,cont25,74,118.149918727,114.343374335,1844.595391,904.767449,151.184508513,-33.923481687
25,path21847,cont25,75,118.528799409,115.180621824,1845.669382,902.394126,151.184733270,-33.923893805
25,path21847,cont25,76,118.546420659,115.219568490,1845.719331,902.283725,151.184743724,-33.923912976
25,path21847,cont25,77,118.917342675,116.039221188,1846.770762,899.960278,151.184963760,-33.924316434
25,path21847,cont25,78,119.063898028,116.339020560,1847.186194,899.110445,151.185050699,-33.924464005
25,path21847,cont25,79,119.362432691,116.984947843,1848.032432,897.279452,151.185227794,-33.924781950
25,path21847,cont25,80,119.662319374,117.433839921,1848.882501,896.006986,151.185405691,-33.925002909
25,path21847,cont25,81,119.860267393,117.735094500,1849.443612,895.153025,151.185523117,-33.925151196
25,path21847,cont25,82,120.357766074,118.431133866,1850.853839,893.179974,151.185818240,-33.925493809
25,path21847,cont25,83,121.050757440,119.371357188,1852.818216,890.514738,151.186229331,-33.925956618
25,path21847,cont25,84,121.127465439,119.430861979,1853.035655,890.346059,151.186274836,-33.925985908
25,path21847,cont25,85,122.036946824,120.136055928,1855.613698,888.347041,151.186814352,-33.926333031
25,path21847,cont25,86,122.738997523,120.658872588,1857.603752,886.865008,151.187230817,-33.926590380
25,path21847,cont25,87,123.074531519,120.789497378,1858.554866,886.494718,151.187429860,-33.926654680
25,path21847,cont25,88,124.025245569,121.126550083,1861.249786,885.539251,151.187993835,-33.926820593
25,path21847,cont25,89,124.327841586,121.226297998,1862.107533,885.256488,151.188173339,-33.926869694
25,path21847,cont25,90,124.427155585,121.258974039,1862.389051,885.163858,151.188232253,-33.926885779
25,path21847,cont25,91,124.586413583,121.286490706,1862.840488,885.085852,151.188326727,-33.926899324
25,path21847,cont25,92,125.742610985,121.500776744,1866.117875,884.478378,151.189012597,-33.927004810
25,path21847,cont25,93,126.115311001,121.563086119,1867.174341,884.301737,151.189233687,-33.927035483
25,path21847,cont25,94,126.618821016,121.632089451,1868.601603,884.106115,151.189532375,-33.927069452
25,path21847,cont25,95,127.225367717,121.706940075,1870.320936,883.893915,151.189892185,-33.927106300
25,path21847,cont25,96,127.803469063,121.788564033,1871.959637,883.662516,151.190235122,-33.927146481
25,path21847,cont25,97,128.550477762,121.876432156,1874.077127,883.413409,151.190678256,-33.927189738
25,path21847,cont25,98,128.725396448,121.895746740,1874.572956,883.358652,151.190782020,-33.927199246
25,path21847,cont25,99,129.491624480,121.987266113,1876.744925,883.099195,151.191236556,-33.927244300
25,path21847,cont25,100,130.218482512,122.091591320,1878.805296,882.803439,151.191667736,-33.927295657
25,path21847,cont25,101,130.504571175,122.143317361,1879.616250,882.656802,151.191837448,-33.927321120
25,path21847,cont25,102,131.179782542,122.246690068,1881.530222,882.363748,151.192237991,-33.927372008
25,path21847,cont25,103,131.633000557,122.366228817,1882.814926,882.024879,151.192506845,-33.927430851
25,path21847,cont25,104,132.780310605,122.733258812,1886.067122,880.984429,151.193187444,-33.927611522
25,path21847,cont25,105,132.868022625,122.758394229,1886.315753,880.913175,151.193239475,-33.927623895
25,path21847,cont25,106,132.914335291,122.774798395,1886.447032,880.866673,151.193266949,-33.927631969
25,path21847,cont25,107,133.021523289,122.821285686,1886.750870,880.734893,151.193330534,-33.927654853
25,path21847,cont25,108,134.106095338,123.273405680,1889.825228,879.453245,151.193973915,-33.927877406
25,path21847,cont25,109,134.556350020,123.499465678,1891.101533,878.812424,151.194241012,-33.927988682
25,path21847,cont25,110,135.177798054,123.892662964,1892.863107,877.697821,151.194609663,-33.928182229
25,path21847,cont25,111,136.003462085,124.516815040,1895.203560,875.928532,151.195099457,-33.928489460
25,path21847,cont25,112,136.143585417,124.618335664,1895.600757,875.640750,151.195182580,-33.928539432
25,path21847,cont25,113,136.244674770,124.718665662,1895.887308,875.356345,151.195242548,-33.928588818
25,path21847,cont25,114,136.988381469,125.465505028,1897.995443,873.239283,151.195683724,-33.928956438
25,path21847,cont25,115,137.633030815,126.212503143,1899.822788,871.121776,151.196066139,-33.929324135
25,path21847,cont25,116,137.757742167,126.388609808,1900.176299,870.622569,151.196140119,-33.929410821
25,path21847,cont25,117,137.933171498,126.714920429,1900.673577,869.697584,151.196244186,-33.929571441
25,path21847,cont25,118,138.329324181,127.510522502,1901.796527,867.442311,151.196479190,-33.929963061
25,path21847,cont25,119,138.506190199,127.908270622,1902.297879,866.314826,151.196584110,-33.930158845
25,path21847,cont25,120,138.860009549,128.673577904,1903.300829,864.145430,151.196794000,-33.930535553
25,path21847,cont25,121,138.955428881,128.934774567,1903.571309,863.405024,151.196850605,-33.930664121
25,path21847,cont25,122,139.226274899,129.604223309,1904.339061,861.507357,151.197011275,-33.930993644
25,path21847,cont25,123,139.329229564,129.898281222,1904.630901,860.673800,151.197072349,-33.931138388
25,path21847,cont25,124,139.622173581,130.815618085,1905.461294,858.073455,151.197246128,-33.931589929
25,path21847,cont25,125,139.749681580,131.172170581,1905.822733,857.062747,151.197321768,-33.931765435
25,path21847,cont25,126,139.793962246,131.300175996,1905.948253,856.699894,151.197348036,-33.931828443
25,path21847,cont25,127,139.896067599,131.575157451,1906.237686,855.920413,151.197408606,-33.931963797
25,path21847,cont25,128,140.199428261,132.416505982,1907.097605,853.535468,151.197588565,-33.932377934
25,path21847,cont25,129,140.422268279,132.996128683,1907.729277,851.892429,151.197720757,-33.932663242
25,path21847,cont25,130,140.786078296,133.523337426,1908.760546,850.397960,151.197936574,-33.932922751
25,path21847,cont25,131,141.311093643,134.078486169,1910.248771,848.824284,151.198248020,-33.933196014
25,path21847,cont25,132,141.661102993,134.340291374,1911.240918,848.082142,151.198455650,-33.933324884
25,path21847,cont25,133,142.506999712,134.691737412,1913.638721,847.085880,151.198957446,-33.933497881
25,path21847,cont25,134,142.934648394,134.756745536,1914.850945,846.901587,151.199211133,-33.933529883
25,path21847,cont25,135,142.999418393,134.754099703,1915.034543,846.909084,151.199249555,-33.933528581
25,path21847,cont25,136,143.054197725,134.745633036,1915.189822,846.933082,151.199282051,-33.933524414
25,path21847,cont25,137,144.611630456,134.766799702,1919.604560,846.873018,151.200205938,-33.933534844
25,path21847,cont25,138,144.687745788,134.758068452,1919.820318,846.897765,151.200251090,-33.933530547
25,path21847,cont25,139,144.743877142,134.746955953,1919.979429,846.929263,151.200284388,-33.933525077
25,path21847,cont25,140,145.455074487,134.690388037,1921.995407,847.089584,151.200706279,-33.933497238
25,path21847,cont25,141,146.231205873,134.544761372,1924.195447,847.502353,151.201166688,-33.933425562
25,path21847,cont25,142,146.375901204,134.541586372,1924.605604,847.511347,151.201252523,-33.933424001
25,path21847,cont25,143,146.552854536,134.512376372,1925.107200,847.594140,151.201357494,-33.933409624
25,path21847,cont25,144,147.589843918,134.213503043,1928.046673,848.441300,151.201972648,-33.933262518
25,path21847,cont25,145,148.064059267,134.155162418,1929.390896,848.606656,151.202253958,-33.933233804
25,path21847,cont25,146,148.730126633,134.020383670,1931.278946,848.988680,151.202649077,-33.933167467
25,path21847,cont25,147,149.005375317,133.939183046,1932.059172,849.218845,151.202812357,-33.933127500
25,path21847,cont25,148,149.752214683,133.819379714,1934.176180,849.558415,151.203255391,-33.933068535
25,path21847,cont25,149,150.425140049,133.669096383,1936.083670,849.984389,151.203654578,-33.932994566
25,path21847,cont25,150,150.811556065,133.624805133,1937.179014,850.109923,151.203883804,-33.932972767
25,path21847,cont25,151,151.440372745,133.507118468,1938.961473,850.443498,151.204256825,-33.932914843
25,path21847,cont25,152,151.916278781,133.470817635,1940.310488,850.546379,151.204539138,-33.932896978
25,path21847,cont25,153,152.833128811,133.289207638,1942.909412,851.061143,151.205083024,-33.932807591
25,path21847,cont25,154,153.128612828,133.261003055,1943.746998,851.141081,151.205258308,-33.932793710
25,path21847,cont25,155,153.370672179,133.235603055,1944.433145,851.213071,151.205401901,-33.932781210
25,path21847,cont25,156,154.183636210,132.992107016,1946.737592,851.903265,151.205884160,-33.932661360
25,path21847,cont25,157,154.675970225,132.850554935,1948.133173,852.304496,151.206176218,-33.932591688
25,path21847,cont25,158,154.816683577,132.824625768,1948.532042,852.377991,151.206259691,-33.932578926
25,path21847,cont25,159,155.029620241,132.777900352,1949.135638,852.510432,151.206386007,-33.932555928
25,path21847,cont25,160,156.038076958,132.522630356,1951.994232,853.233993,151.206984235,-33.932430284
25,path21847,cont25,161,156.504841639,132.428491607,1953.317334,853.500825,151.207261125,-33.932383950
25,path21847,cont25,162,157.148303006,132.344671608,1955.141305,853.738399,151.207642834,-33.932342696
25,path21847,cont25,163,157.522019022,132.317049108,1956.200650,853.816684,151.207864527,-33.932329102
25,path21847,cont25,164,158.192997056,132.217671609,1958.102620,854.098357,151.208262558,-33.932280190
25,path21847,cont25,165,159.034832420,132.144858277,1960.488907,854.304723,151.208761945,-33.932244355
25,path21847,cont25,166,159.039568462,132.145096402,1960.502332,854.304048,151.208764754,-33.932244473
25,path21847,cont25,167,159.881149826,132.048153070,1962.887898,854.578814,151.209263990,-33.932196761
25,path21847,cont25,168,160.583285192,131.999469737,1964.878188,854.716786,151.209680505,-33.932172802
25,path21847,cont25,169,160.968346541,131.897790364,1965.969692,855.004996,151.209908928,-33.932122756
25,path21847,cont25,170,161.569305242,131.837756406,1967.673184,855.175147,151.210265423,-33.932093210
25,path21847,cont25,171,162.167218589,131.894244947,1969.368044,855.014997,151.210620112,-33.932121019
25,path21847,cont25,172,162.771563956,131.781638282,1971.081136,855.334173,151.210978617,-33.932065595
25,path21847,cont25,173,163.257547971,131.868659739,1972.458719,855.087477,151.211266908,-33.932108433
25,path21847,cont25,174,163.986607337,132.025398904,1974.525330,854.643146,151.211699395,-33.932185590
25,path21847,cont25,175,164.418235352,131.822860364,1975.748832,855.217255,151.211955442,-33.932085898
25,path21847,cont25,176,164.735055369,132.776789102,1976.646904,852.513184,151.212143384,-33.932555450
25,path21847,cont25,177,164.901761388,132.988720350,1977.119455,851.912426,151.212242277,-33.932659769
25,path21847,cont25,178,163.580040654,133.312649721,1973.372875,850.994252,151.211458217,-33.932819207
25,path21847,cont25,179,163.258055971,133.431183053,1972.460170,850.658264,151.211267212,-33.932877550
25,path21847,cont25,180,162.527641938,133.723441799,1970.389722,849.829842,151.210833922,-33.933021402
25,path21847,cont25,181,162.351619941,133.774929715,1969.890766,849.683899,151.210729504,-33.933046745
25,path21847,cont25,182,161.570067242,134.223319084,1967.675361,848.412902,151.210265879,-33.933267449
25,path21847,cont25,183,161.256887892,134.371300541,1966.787616,847.993439,151.210080097,-33.933340287
25,path21847,cont25,184,161.000435208,134.686101787,1966.060671,847.101096,151.209927967,-33.933495239
25,path21847,cont25,185,160.193313176,134.999024491,1963.772785,846.214102,151.209449173,-33.933649262
25,path21847,cont25,186,159.882081159,135.100703865,1962.890560,845.925889,151.209264547,-33.933699310
25,path21847,cont25,187,159.283659813,135.287896571,1961.194261,845.395287,151.208909557,-33.933791447
25,path21847,cont25,188,158.899786443,135.395846569,1960.106125,845.089302,151.208681839,-33.933844580
25,path21847,cont25,189,158.194007764,135.637834483,1958.105509,844.403379,151.208263163,-33.933963688
25,path21847,cont25,190,157.603039730,135.789467189,1956.430338,843.973577,151.207912594,-33.934038322
25,path21847,cont25,191,156.711589699,136.176896560,1953.903414,842.875385,151.207383776,-33.934229019
25,path21847,cont25,192,156.505937014,136.247011142,1953.320466,842.676643,151.207261781,-33.934263529
25,path21847,cont25,193,156.410179016,136.287386558,1953.049029,842.562196,151.207204976,-33.934283403
25,path21847,cont25,194,156.270396996,136.383668432,1952.652800,842.289276,151.207122056,-33.934330794
25,path21847,cont25,195,155.216979635,136.784961969,1949.666760,841.151791,151.206497157,-33.934528314
25,path21847,cont25,196,154.817863619,136.915957175,1948.535416,840.780481,151.206260397,-33.934592791
25,path21847,cont25,197,153.987884234,137.246501129,1946.182739,839.843538,151.205768044,-33.934755488
25,path21847,cont25,198,153.947582901,137.258671963,1946.068499,839.809039,151.205744137,-33.934761478
25,path21847,cont25,199,153.129708203,137.542384667,1943.750134,839.004845,151.205258965,-33.934901124
25,path21847,cont25,200,152.741598853,137.690736541,1942.649990,838.584335,151.205028734,-33.934974144
25,path21847,cont25,201,151.601485472,138.081049869,1939.418199,837.477978,151.204352406,-33.935166259
25,path21847,cont25,202,151.492773473,138.132511327,1939.110042,837.332108,151.204287917,-33.935191589
25,path21847,cont25,203,151.441637453,138.150502993,1938.965091,837.281109,151.204257582,-33.935200444
25,path21847,cont25,204,151.321495455,138.201726326,1938.624534,837.135914,151.204186313,-33.935225657
25,path21847,cont25,205,150.346310092,138.676944445,1935.860252,835.788875,151.203607822,-33.935459565
25,path21847,cont25,206,149.753479391,138.882605067,1934.179801,835.205923,151.203256148,-33.935560793
25,path21847,cont25,207,149.081993358,139.103161731,1932.276392,834.580748,151.202857816,-33.935669352
25,path21847,cont25,208,148.607524010,139.233204438,1930.931450,834.212142,151.202576355,-33.935733359
25,path21847,cont25,209,148.065323975,139.397299019,1929.394518,833.747012,151.202254716,-33.935814127
25,path21847,cont25,210,147.786093312,139.497549643,1928.603004,833.462848,151.202089073,-33.935863471
25,path21847,cont25,211,146.840967261,139.778378389,1925.923929,832.666835,151.201528414,-33.936001696
25,path21847,cont25,212,146.543705244,139.945674429,1925.081304,832.192620,151.201352075,-33.936084042
25,path21847,cont25,213,146.377165913,140.020763178,1924.609228,831.979777,151.201253282,-33.936121001
25,path21847,cont25,214,145.856129899,140.302121091,1923.132288,831.182246,151.200944198,-33.936259490
25,path21847,cont25,215,145.448465195,140.541648380,1921.976713,830.503285,151.200702367,-33.936377389
25,path21847,cont25,216,144.689095163,140.875473167,1919.824186,829.557039,151.200251900,-33.936541701
25,path21847,cont25,217,144.295567147,141.079705039,1918.708684,828.978128,151.200018455,-33.936642227
25,path21847,cont25,218,143.214297098,141.475336493,1915.643692,827.856694,151.199377033,-33.936836960
25,path21847,cont25,219,143.099912433,141.574819825,1915.319455,827.574698,151.199309179,-33.936885927
25,path21847,cont25,220,143.000937101,141.651363782,1915.038897,827.357726,151.199250466,-33.936923604
25,path21847,cont25,221,142.167907070,142.334623774,1912.677575,825.420955,151.198756304,-33.937259917
25,path21847,cont25,222,142.091963717,142.388889815,1912.462304,825.267132,151.198711254,-33.937286628
25,path21847,cont25,223,141.312866352,142.958087932,1910.253859,823.653685,151.198249085,-33.937566797
25,path21847,cont25,224,141.199836353,143.058338556,1909.933463,823.369513,151.198182034,-33.937616142
25,path21847,cont25,225,141.054463688,143.171950638,1909.521386,823.047468,151.198095798,-33.937672064
25,path21847,cont25,226,140.830607670,143.656587924,1908.886842,821.673699,151.197963004,-33.937910614
25,path21847,cont25,227,140.606074319,144.157893959,1908.250378,820.252679,151.197829809,-33.938157369
25,path21847,cont25,228,140.260295657,144.868247283,1907.270230,818.239087,151.197624691,-33.938507022
25,path21847,cont25,229,140.167164970,145.412997902,1907.006243,816.694911,151.197569445,-33.938775163
25,path21847,cont25,230,140.062855638,146.124779976,1906.710571,814.677259,151.197507569,-33.939125521
25,path21847,cont25,231,139.990719639,146.564517470,1906.506095,813.430759,151.197464777,-33.939341971
25,path21847,cont25,232,139.981670889,146.922498716,1906.480448,812.416006,151.197459410,-33.939518179
25,path21847,cont25,233,139.950513556,147.934159536,1906.392136,809.548299,151.197440929,-33.940016146
25,path21847,cont25,234,139.942126265,148.260734741,1906.368363,808.622572,151.197435954,-33.940176895
25,path21847,cont25,235,139.961440848,148.598131403,1906.423115,807.666168,151.197447412,-33.940342971
25,path21847,cont25,236,140.002927514,149.578121599,1906.540721,804.888233,151.197472024,-33.940825349
25,path21847,cont25,237,140.025284805,149.956925553,1906.604099,803.814454,151.197485287,-33.941011807
25,path21847,cont25,238,140.081757471,150.414813464,1906.764181,802.516498,151.197518788,-33.941237193
25,path21847,cont25,239,140.152200137,151.124716996,1906.963864,800.504164,151.197560576,-33.941586627
25,path21847,cont25,240,140.221034136,151.653116365,1907.158987,799.006332,151.197601410,-33.941846720
25,path21847,cont25,241,140.333638156,152.363734272,1907.478182,796.991971,151.197668209,-33.942196507
25,path21847,cont25,242,140.373177488,152.599107603,1907.590263,796.324768,151.197691665,-33.942312364
25,path21847,cont25,243,140.600846152,154.066963001,1908.235628,792.163896,151.197826723,-33.943034884
25,path21847,cont25,244,140.639874839,154.367106330,1908.346262,791.313092,151.197849875,-33.943182623
25,path21847,cont25,245,140.740543505,155.045603822,1908.631625,789.389782,151.197909594,-33.943516599
25,path21847,cont25,246,140.805736837,155.557678399,1908.816427,787.938225,151.197948268,-33.943768657
25,path21847,cont25,247,140.903780836,156.328145056,1909.094350,785.754215,151.198006430,-33.944147902
25,path21847,cont25,248,140.956443502,156.741821092,1909.243632,784.581584,151.198037671,-33.944351525
25,path21847,cont25,249,141.008764855,157.050245880,1909.391946,783.707304,151.198068709,-33.944503341
25,path21847,cont25,250,141.244222852,158.438091279,1910.059391,779.773233,151.198208388,-33.945186478
25,path21847,cont25,251,141.255732227,158.498627945,1910.092016,779.601632,151.198215215,-33.945216276
25,path21847,cont25,252,141.316099560,158.862191899,1910.263137,778.571052,151.198251026,-33.945395232
25,path21847,cont25,253,141.510237578,159.939575219,1910.813453,775.517035,151.198366193,-33.945925551
25,path21847,cont25,254,141.541479578,160.134387924,1910.902014,774.964807,151.198384726,-33.946021444
25,path21847,cont25,255,141.605910910,160.425138546,1911.084655,774.140627,151.198422948,-33.946164560
25,path21847,cont25,256,141.820199595,161.324695409,1911.692089,771.590685,151.198550068,-33.946607348
25,path21847,cont25,257,141.927472261,161.830578736,1911.996171,770.156677,151.198613704,-33.946856358
25,path21847,cont25,258,142.119834925,162.637293310,1912.541452,767.869912,151.198727817,-33.947253446
25,path21847,cont25,259,142.136000966,162.703994767,1912.587277,767.680836,151.198737407,-33.947286279
25,path21847,cont25,260,142.330226297,163.526875382,1913.137839,765.348246,151.198852625,-33.947691325
25,path21847,cont25,261,142.427677629,164.107582874,1913.414081,763.702137,151.198910435,-33.947977165
25,path21847,cont25,262,142.526396315,164.741498075,1913.693916,761.905203,151.198968997,-33.948289197
25,path21847,cont25,263,142.605559648,165.223224944,1913.918318,760.539670,151.199015959,-33.948526316
25,path21847,cont25,264,142.652972981,165.577898898,1914.052720,759.534291,151.199044085,-33.948700897
25,path21847,cont25,265,142.762362313,166.674570342,1914.362805,756.425602,151.199108978,-33.949240709
25,path21847,cont25,266,142.793180979,166.919600964,1914.450166,755.731024,151.199127260,-33.949361320
25,path21847,cont25,267,142.816305562,167.110524295,1914.515717,755.189821,151.199140978,-33.949455298
25,path21847,cont25,268,142.970565581,168.579649693,1914.952997,751.025352,151.199232489,-33.950178443
25,path21847,cont25,269,142.974878289,168.615976984,1914.965222,750.922377,151.199235048,-33.950196324
25,path21847,cont25,270,142.978106206,168.644684276,1914.974372,750.841002,151.199236963,-33.950210455
25,path21847,cont25,271,143.006808205,168.955225730,1915.055734,749.960723,151.199253989,-33.950363312
25,path21847,cont25,272,143.133892870,170.184929673,1915.415980,746.474932,151.199329379,-33.950968607
25,path21847,cont25,273,143.147783495,170.312353005,1915.455355,746.113731,151.199337620,-33.951031328
25,path21847,cont25,274,143.160642245,170.466525711,1915.491806,745.676704,151.199345248,-33.951107216
25,path21847,cont25,275,143.278156931,171.736684445,1915.824925,742.076238,151.199414961,-33.951732424
25,path21847,cont25,276,143.300329014,172.008702567,1915.887777,741.305160,151.199428114,-33.951866319
25,path21847,cont25,277,143.324617764,172.327393187,1915.956628,740.401782,151.199442523,-33.952023188
25,path21847,cont25,278,143.412332429,173.298678592,1916.205274,737.648520,151.199494558,-33.952501281
25,path21847,cont25,279,143.442473762,173.705157962,1916.290716,736.496290,151.199512438,-33.952701362
25,path21847,cont25,280,143.472530429,174.171935873,1916.375918,735.173135,151.199530269,-33.952931123
25,path21847,cont25,281,143.502248428,174.905043363,1916.460163,733.095028,151.199547899,-33.953291979
25,path21847,cont25,282,143.535861094,175.401613357,1916.555446,731.687422,151.199567839,-33.953536404
25,path21847,cont25,283,143.590555760,175.986580641,1916.710489,730.029240,151.199600286,-33.953824342
25,path21847,cont25,284,143.647364447,176.456136677,1916.871524,728.698209,151.199633986,-33.954055470
25,path21847,cont25,285,143.703837113,177.098068752,1917.031607,726.878551,151.199667487,-33.954371447
25,path21847,cont25,286,143.736095113,177.828821452,1917.123051,724.807119,151.199686624,-33.954731144
25,path21847,cont25,287,143.728475113,178.071470823,1917.101453,724.119292,151.199682104,-33.954850583
25,path21847,cont25,288,143.765813112,178.794524148,1917.207298,722.069684,151.199704255,-33.955206490
25,path21847,cont25,289,143.964187110,179.531468097,1917.769619,719.980695,151.199821934,-33.955569235
25,path21847,cont25,290,144.013460463,179.803486218,1917.909292,719.209616,151.199851163,-33.955703130
25,path21847,cont25,291,144.174411795,180.490979543,1918.365534,717.260804,151.199946643,-33.956041534
25,path21847,cont25,292,144.240790461,180.950296204,1918.553696,715.958797,151.199986020,-33.956267623
25,path21847,cont25,293,144.262380460,181.749708277,1918.614901,713.692739,151.199998829,-33.956661116
25,path21847,cont25,294,144.313942460,182.187514313,1918.761063,712.451709,151.200029416,-33.956876616
25,path21847,cont25,295,144.367703146,182.519672226,1918.913457,711.510154,151.200061308,-33.957040114
25,path21847,cont25,296,144.661581143,183.846716376,1919.746500,707.748430,151.200235642,-33.957693323
25,path21847,cont25,297,144.668275101,183.883969709,1919.765475,707.642830,151.200239613,-33.957711660
25,path21847,cont25,298,144.673090518,183.909634292,1919.779125,707.570079,151.200242470,-33.957724293
25,path21847,cont25,299,144.698755101,184.053646998,1919.851876,707.161852,151.200257694,-33.957795180
25,path21847,cont25,300,144.943185118,185.335156357,1920.544752,703.529207,151.200402695,-33.958425976
25,path21847,cont25,301,145.009225118,185.580504479,1920.731952,702.833727,151.200441871,-33.958546744
25,path21847,cont25,302,145.099141116,185.982247807,1920.986833,701.694920,151.200495211,-33.958744493
25,path21847,cont25,303,145.266863135,186.706835715,1921.462267,699.640957,151.200594707,-33.959101157
25,path21847,cont25,304,145.391831134,187.276959874,1921.816509,698.024847,151.200668840,-33.959381788
25,path21847,cont25,305,145.600785818,188.068249239,1922.408823,695.781807,151.200792796,-33.959771284
25,path21847,cont25,306,145.635499151,188.217103821,1922.507223,695.359854,151.200813388,-33.959844555
25,path21847,cont25,307,145.825660482,188.973494644,1923.046264,693.215740,151.200926195,-33.960216872
25,path21847,cont25,308,145.954097168,189.410057139,1923.410337,691.978231,151.201002386,-33.960431761
25,path21847,cont25,309,146.259063852,190.539484000,1924.274811,688.776684,151.201183297,-33.960987698
25,path21847,cont25,310,146.295978518,190.669950040,1924.379452,688.406856,151.201205196,-33.961051917
25,path21847,cont25,311,146.318415184,190.740911289,1924.443052,688.205705,151.201218506,-33.961086847
25,path21847,cont25,312,146.389111850,190.978480661,1924.643452,687.532275,151.201260444,-33.961203785
25,path21847,cont25,313,146.744116533,192.010064606,1925.649764,684.608077,151.201471038,-33.961711562
25,path21847,cont25,314,146.854691198,192.366511268,1925.963204,683.597669,151.201536633,-33.961887015
25,path21847,cont25,315,147.096496550,193.076679384,1926.648637,681.584578,151.201680076,-33.962236581
25,path21847,cont25,316,147.168124549,193.280990632,1926.851677,681.005424,151.201722567,-33.962337149
25,path21847,cont25,317,147.426524566,194.063046039,1927.584150,678.788557,151.201875854,-33.962722100
25,path21847,cont25,318,147.597974564,194.545963533,1928.070149,677.419646,151.201977561,-33.962959807
25,path21847,cont25,319,147.956619914,195.636628935,1929.086782,674.327972,151.202190315,-33.963496665
25,path21847,cont25,320,147.998614580,195.759580809,1929.205822,673.979444,151.202215227,-33.963557185
25,path21847,cont25,321,148.019781246,195.819085600,1929.265822,673.810768,151.202227783,-33.963586475
25,path21847,cont25,322,148.079047912,196.001886223,1929.433822,673.292589,151.202262941,-33.963676455
25,path21847,cont25,323,148.467577949,197.066066834,1930.535167,670.275989,151.202493423,-33.964200277
25,path21847,cont25,324,148.601774614,197.456115579,1930.915567,669.170330,151.202573031,-33.964392270
25,path21847,cont25,325,148.853147298,198.233090986,1931.628119,666.967863,151.202722149,-33.964774721
25,path21847,cont25,326,148.888791964,198.339850360,1931.729159,666.665236,151.202743294,-33.964827271
25,path21847,cont25,327,149.143892628,199.152650350,1932.452280,664.361219,151.202894624,-33.965227355
25,path21847,cont25,328,149.291887314,199.631863677,1932.871793,663.002809,151.202982417,-33.965463238
25,path21847,cont25,329,149.584069331,200.663341789,1933.700026,660.078913,151.203155744,-33.965970962
25,path21847,cont25,330,149.639187330,200.849264495,1933.856266,659.551884,151.203188441,-33.966062478
25,path21847,cont25,331,149.668735996,200.950203035,1933.940027,659.265757,151.203205970,-33.966112163
25,path21847,cont25,332,149.769319995,201.317233031,1934.225147,658.225350,151.203265638,-33.966292826
25,path21847,cont25,333,150.054390012,202.259731769,1935.033220,655.553680,151.203434746,-33.966756752
25,path21847,cont25,334,150.135246678,202.545905098,1935.262421,654.742475,151.203482712,-33.966897615
25,path21847,cont25,335,150.272830010,203.051259259,1935.652421,653.309965,151.203564329,-33.967146365
25,path21847,cont25,336,150.420994029,203.588389877,1936.072414,651.787379,151.203652222,-33.967410757
25,path21847,cont25,337,150.597270026,204.242519244,1936.572095,649.933142,151.203756792,-33.967732738
25,path21847,cont25,338,150.769733378,204.935013193,1937.060969,647.970154,151.203859100,-33.968073604
25,path21847,cont25,339,150.863205377,205.340301938,1937.325930,646.821296,151.203914550,-33.968273099
25,path21847,cont25,340,151.007900709,205.939159847,1937.736091,645.123736,151.204000385,-33.968567874
25,path21847,cont25,341,151.088754728,206.311587343,1937.965285,644.068029,151.204048350,-33.968751194
25,path21847,cont25,342,151.334711392,207.510202744,1938.662488,640.670359,151.204194256,-33.969341187
25,path21847,cont25,343,151.361466058,207.635853368,1938.738329,640.314182,151.204210127,-33.969403036
25,path21847,cont25,344,151.372128767,207.723986075,1938.768554,640.064356,151.204216452,-33.969446417
25,path21847,cont25,345,151.460094786,208.484213357,1939.017910,637.909371,151.204268636,-33.969820622
25,path21847,cont25,346,151.555429452,209.236979389,1939.288153,635.775536,151.204325191,-33.970191155
25,path21847,cont25,347,151.568129452,209.332573346,1939.324154,635.504559,151.204332725,-33.970238209
25,path21847,cont25,348,151.587761535,209.460658136,1939.379804,635.141482,151.204344371,-33.970301256
25,path21847,cont25,349,151.784526866,210.703988121,1939.937569,631.617064,151.204461096,-33.970913259
25,path21847,cont25,350,151.834054219,211.029346242,1940.077963,630.694784,151.204490477,-33.971073409
25,path21847,cont25,351,151.912709551,211.483238944,1940.300924,629.408152,151.204537137,-33.971296828
25,path21847,cont25,352,152.031496883,212.152952269,1940.637647,627.509742,151.204607604,-33.971626480
25,path21847,cont25,353,152.129794882,212.726145595,1940.916289,625.884933,151.204665916,-33.971908622
25,path21847,cont25,354,152.258654901,213.527092252,1941.281564,623.614521,151.204742359,-33.972302871
25,path21847,cont25,355,152.271513651,213.609033709,1941.318014,623.382245,151.204749987,-33.972343205
25,path21847,cont25,356,152.403932316,214.422865574,1941.693377,621.075307,151.204828540,-33.972743796
25,path21847,cont25,357,152.490969648,215.085779107,1941.940100,619.196173,151.204880173,-33.973070101
25,path21847,cont25,358,152.549897648,215.515885768,1942.107142,617.976967,151.204915130,-33.973281812
25,path21847,cont25,359,152.629989667,216.119744302,1942.334177,616.265234,151.204962643,-33.973579048
25,path21847,cont25,360,152.680281667,216.592845755,1942.476740,614.924153,151.204992477,-33.973811922
25,path21847,cont25,361,152.792549665,217.455943036,1942.794983,612.477566,151.205059077,-33.974236763
25,path21847,cont25,362,152.832512331,217.816517198,1942.908265,611.455461,151.205082784,-33.974414248
25,path21847,cont25,363,152.865955664,218.103537194,1943.003066,610.641858,151.205102623,-33.974555527
25,path21847,cont25,364,153.041551683,219.402403219,1943.500824,606.960015,151.205206791,-33.975194866
25,path21847,cont25,365,153.054939600,219.513395926,1943.538775,606.645388,151.205214733,-33.975249499
25,path21847,cont25,366,153.069676891,219.596131134,1943.580550,606.410862,151.205223475,-33.975290224
25,path21847,cont25,367,153.152142223,220.012426545,1943.814311,605.230805,151.205272395,-33.975495137
25,path21847,cont25,368,153.361435575,221.000221949,1944.407587,602.430738,151.205396552,-33.975981358
25,path21847,cont25,369,153.409018241,221.210195280,1944.542467,601.835534,151.205424779,-33.976084713
25,path21847,cont25,370,153.527974906,221.587226525,1944.879667,600.766776,151.205495346,-33.976270299
25,path21847,cont25,371,153.748952257,222.308136724,1945.506060,598.723236,151.205626433,-33.976625152
25,path21847,cont25,372,153.942669588,222.906994634,1946.055181,597.025673,151.205741350,-33.976919928
25,path21847,cont25,373,154.215547606,223.536491292,1946.828692,595.241257,151.205903225,-33.977229785
25,path21847,cont25,374,154.564286955,224.324208782,1947.817243,593.008336,151.206110102,-33.977617524
25,path21847,cont25,375,154.686968954,224.603688154,1948.165002,592.216104,151.206182879,-33.977755092
25,path21847,cont25,376,154.741070953,224.705632111,1948.318362,591.927126,151.206214973,-33.977805272
25,path21847,cont25,377,154.842668306,224.893433359,1948.606353,591.394770,151.206275242,-33.977897714
25,path21847,cont25,378,155.351088987,225.789868139,1950.047542,588.853667,151.206576845,-33.978338967
25,path21847,cont25,379,155.640731004,226.300408133,1950.868572,587.406450,151.206748664,-33.978590271
25,path21847,cont25,380,155.995227687,226.839893542,1951.873440,585.877181,151.206958957,-33.978855823
25,path21847,cont25,381,156.532604368,227.643538949,1953.396707,583.599103,151.207277736,-33.979251403
25,path21847,cont25,382,156.677635721,227.851395613,1953.807818,583.009895,151.207363771,-33.979353717
25,path21847,cont25,383,156.777457719,227.997022278,1954.090777,582.597090,151.207422986,-33.979425399
25,path21847,cont25,384,157.398485066,228.824294976,1955.851163,580.252032,151.207791388,-33.979832610
25,path21847,cont25,385,157.526667752,228.995083515,1956.214514,579.767900,151.207867428,-33.979916677
25,path21847,cont25,386,158.051005766,229.693662881,1957.700820,577.787648,151.208178473,-33.980260541
25,path21847,cont25,387,158.124665765,229.791876214,1957.909619,577.509244,151.208222169,-33.980308885
25,path21847,cont25,388,158.222453118,229.917764962,1958.186811,577.152389,151.208280177,-33.980370851
25,path21847,cont25,389,158.870150464,230.739878285,1960.022796,574.821956,151.208664400,-33.980775523
25,path21847,cont25,390,159.382632499,231.390277027,1961.475494,572.978279,151.208968411,-33.981095670
25,path21847,cont25,391,159.610301163,231.693463065,1962.120852,572.118842,151.209103468,-33.981244909
25,path21847,cont25,392,159.912304513,232.088935768,1962.976921,570.997802,151.209282620,-33.981439573
25,path21847,cont25,393,160.331232529,232.666283052,1964.164429,569.361205,151.209531134,-33.981723762
25,path21847,cont25,394,160.626377879,233.086891172,1965.001058,568.168914,151.209706218,-33.981930799
25,path21847,cont25,395,161.004919895,233.686595748,1966.074087,566.468944,151.209930775,-33.982225993
25,path21847,cont25,396,161.602322596,234.743209276,1967.767507,563.473785,151.210285162,-33.982746091
25,path21847,cont25,397,161.616292596,234.769667609,1967.807107,563.398785,151.210293450,-33.982759115
25,path21847,cont25,398,161.623224679,234.783690526,1967.826757,563.359034,151.210297562,-33.982766017
25,path21847,cont25,399,161.637961971,234.819488650,1967.868532,563.257558,151.210306304,-33.982783638
25,path21847,cont25,400,162.096429319,235.984660719,1969.168123,559.954680,151.210578274,-33.983357171
25,path21847,cont25,401,162.314104670,236.480569254,1969.785154,558.548942,151.210707402,-33.983601273
25,path21847,cont25,402,162.501726001,237.274901328,1970.316996,556.297277,151.210818703,-33.983992266
25,path21847,cont25,403,162.538302001,237.419919451,1970.420676,555.886200,151.210840400,-33.984063648
25,path21847,cont25,404,162.722026019,238.177527358,1970.941470,553.738636,151.210949389,-33.984436565
25,path21847,cont25,405,162.784002019,238.688649435,1971.117153,552.289779,151.210986154,-33.984688153
25,path21847,cont25,406,162.920908017,239.500602758,1971.505235,549.988166,151.211067370,-33.985087820
25,path21847,cont25,407,162.970353350,239.874564836,1971.645397,548.928111,151.211096702,-33.985271895
25,path21847,cont25,408,162.979666683,240.189710041,1971.671799,548.034783,151.211102227,-33.985427018
25,path21847,cont25,409,163.112760035,241.389754192,1972.049077,544.633068,151.211181181,-33.986017713
25,path21847,cont25,410,163.119030660,241.571628773,1972.066854,544.117516,151.211184901,-33.986107237
25,path21847,cont25,411,163.095165244,241.771256896,1971.999205,543.551640,151.211170744,-33.986205499
25,path21847,cont25,412,163.048598578,243.021862922,1971.867215,540.006607,151.211143122,-33.986821082
25,path21847,cont25,413,163.012869245,243.268745627,1971.765938,539.306781,151.211121928,-33.986942604
25,path21847,cont25,414,162.878675226,243.686575622,1971.385551,538.122383,151.211042323,-33.987148270
25,path21847,cont25,415,162.715522561,244.384149571,1970.923079,536.145009,151.210945540,-33.987491634
25,path21847,cont25,416,162.473124543,244.966047689,1970.235976,534.495539,151.210801747,-33.987778059
25,path21847,cont25,417,162.127687194,245.490478307,1969.256795,533.008974,151.210596831,-33.988036195
25,path21847,cont25,418,161.605973846,246.041234967,1967.777937,531.447791,151.210287345,-33.988307289
25,path21847,cont25,419,161.301430496,246.357544338,1966.914673,530.551176,151.210106687,-33.988462983
25,path21847,cont25,420,160.891477147,246.663773084,1965.752611,529.683140,151.209863498,-33.988613714
25,path21847,cont25,421,160.286877779,247.035539121,1964.038802,528.629336,151.209504844,-33.988796703
25,path21847,cont25,422,159.916971763,247.205719119,1962.990258,528.146950,151.209285411,-33.988880468
25,path21847,cont25,423,159.097996398,247.538617865,1960.668773,527.203331,151.208799586,-33.989044324
25,path21847,cont25,424,159.027977066,247.557667865,1960.470294,527.149334,151.208758050,-33.989053700
25,path21847,cont25,425,158.227797701,247.825902445,1958.202088,526.389014,151.208283374,-33.989185727
25,path21847,cont25,426,157.832999685,247.965258485,1957.082985,525.994004,151.208049176,-33.989254319
25,path21847,cont25,427,156.646406950,248.253971814,1953.719441,525.175651,151.207345276,-33.989396423
25,path21847,cont25,428,156.538626285,248.286383272,1953.413924,525.083780,151.207281339,-33.989412376
25,path21847,cont25,429,156.481306952,248.304904105,1953.251445,525.031282,151.207247337,-33.989421492
25,path21847,cont25,430,156.271844267,248.362477438,1952.657698,524.868090,151.207123081,-33.989449830
25,path21847,cont25,431,155.153066886,248.667938892,1949.486386,524.002258,151.206459410,-33.989600179
25,path21847,cont25,432,154.849367556,248.734931392,1948.625513,523.812370,151.206279252,-33.989633152
25,path21847,cont25,433,154.329604188,248.885214723,1947.152179,523.386390,151.205970922,-33.989707122
25,path21847,cont25,434,153.825078173,249.031264721,1945.722039,522.972410,151.205671632,-33.989779008
25,path21847,cont25,435,153.160111473,249.223616802,1943.837109,522.427185,151.205277166,-33.989873684
25,path21847,cont25,436,152.561015439,249.458725549,1942.138898,521.760758,151.204921776,-33.989989407
25,path21847,cont25,437,151.684805408,249.846154919,1939.655174,520.662566,151.204401998,-33.990180104
25,path21847,cont25,438,151.470937411,249.936245543,1939.048939,520.407199,151.204275130,-33.990224448
25,path21847,cont25,439,151.396179391,249.985960751,1938.837029,520.266276,151.204230782,-33.990248918
25,path21847,cont25,440,151.311597392,250.061049500,1938.597271,520.053429,151.204180607,-33.990285878
25,path21847,cont25,441,150.569160693,250.852153657,1936.492747,517.810953,151.203740187,-33.990675276
25,path21847,cont25,442,150.345048029,251.192778236,1935.857474,516.845409,151.203607241,-33.990842939
25,path21847,cont25,443,149.948643993,251.758589687,1934.733822,515.241546,151.203372090,-33.991121444
25,path21847,cont25,444,149.892594660,251.869688227,1934.574944,514.926622,151.203338841,-33.991176130
25,path21847,cont25,445,149.782189328,252.233913639,1934.261988,513.894174,151.203273348,-33.991355411
25,path21847,cont25,446,149.585593331,253.258195085,1933.704720,510.990698,151.203156727,-33.991859589
25,path21847,cont25,447,149.565273331,253.455997582,1933.647122,510.429997,151.203144673,-33.991956952
25,path21847,cont25,448,149.560616664,253.678909038,1933.633923,509.798121,151.203141911,-33.992066675
25,path21847,cont25,449,149.474679999,254.843657773,1933.390333,506.496465,151.203090934,-33.992639996
25,path21847,cont25,450,149.468832707,255.153193811,1933.373761,505.619037,151.203087466,-33.992792358
25,path21847,cont25,451,149.479574790,255.457993807,1933.404213,504.755034,151.203093838,-33.992942389
25,path21847,cont25,452,149.493624165,256.559586501,1933.444045,501.632399,151.203102174,-33.993484623
25,path21847,cont25,453,149.503440207,256.850495873,1933.471872,500.807772,151.203107998,-33.993627817
25,path21847,cont25,454,149.519685623,257.115343786,1933.517924,500.057019,151.203117635,-33.993758182
25,path21847,cont25,455,149.595967643,258.359176479,1933.734163,496.531180,151.203162888,-33.994370432
25,path21847,cont25,456,149.607477018,258.547718560,1933.766789,495.996728,151.203169716,-33.994463237
25,path21847,cont25,457,149.620097643,258.712130641,1933.802565,495.530676,151.203177203,-33.994544165
25,path21847,cont25,458,149.760898308,260.221657913,1934.201693,491.251683,151.203260730,-33.995287197
25,path21847,cont25,459,149.764364349,260.264917288,1934.211518,491.129057,151.203262786,-33.995308491
25,path21847,cont25,460,149.784181641,260.433562702,1934.267694,490.651005,151.203274542,-33.995391503
25,path21847,cont25,461,149.934718972,261.791351435,1934.694421,486.802138,151.203363845,-33.996059844
25,path21847,cont25,462,149.949456264,261.942243308,1934.736196,486.374411,151.203372587,-33.996134118
25,path21847,cont25,463,149.969776263,262.128245389,1934.793797,485.847158,151.203384642,-33.996225673
25,path21847,cont25,464,150.094659595,263.328395374,1935.147803,482.445143,151.203458726,-33.996816421
25,path21847,cont25,465,150.129203595,263.639545370,1935.245725,481.563139,151.203479218,-33.996969577
25,path21847,cont25,466,150.170944261,264.027133491,1935.364047,480.464459,151.203503980,-33.997160359
25,path21847,cont25,467,150.245620260,264.874382230,1935.575731,478.062799,151.203548279,-33.997577399
25,path21847,cont25,468,150.297774926,265.336847432,1935.723573,476.751868,151.203579219,-33.997805037
25,path21847,cont25,469,150.356869613,265.910781592,1935.891089,475.124961,151.203614275,-33.998087544
25,path21847,cont25,470,150.394376946,266.422670960,1935.997411,473.673930,151.203636526,-33.998339510
25,path21847,cont25,471,150.461686945,267.034149494,1936.188214,471.940597,151.203676456,-33.998640497
25,path21847,cont25,472,150.534076944,267.785645527,1936.393418,469.810363,151.203719400,-33.999010404
25,path21847,cont25,473,150.544660277,267.969451566,1936.423419,469.289336,151.203725678,-33.999100879
25,path21847,cont25,474,150.624754943,268.731530931,1936.650463,467.129101,151.203773192,-33.999475996
25,path21847,cont25,475,150.684444942,269.526789046,1936.819667,464.874817,151.203808602,-33.999867444
25,path21847,cont25,476,150.701034317,269.650243628,1936.866693,464.524866,151.203818443,-33.999928212
25,path21847,cont25,477,150.766396983,270.428832993,1937.051977,462.317831,151.203857219,-34.000311455
25,path21847,cont25,478,150.800686982,271.107753818,1937.149181,460.393324,151.203877561,-34.000645639
25,path21847,cont25,479,150.849539648,271.496294438,1937.287663,459.291944,151.203906541,-34.000836890
25,path21847,cont25,480,150.886200314,272.126214430,1937.391587,457.506337,151.203928290,-34.001146954
25,path21847,cont25,481,150.900329064,272.705493173,1937.431640,455.864282,151.203936672,-34.001432091
25,path21847,cont25,482,150.963236397,273.307473165,1937.609963,454.157874,151.203973990,-34.001728402
25,path21847,cont25,483,150.977973688,273.823595867,1937.651742,452.694844,151.203982733,-34.001982452
25,path21847,cont25,484,150.972390980,274.330907944,1937.635920,451.256790,151.203979422,-34.002232165
25,path21847,cont25,485,151.037753646,275.079202518,1937.821204,449.135631,151.204018197,-34.002600496
25,path21847,cont25,486,151.031747604,275.521056679,1937.804183,447.883128,151.204014635,-34.002817989
25,path21847,cont25,487,151.002114271,275.998920631,1937.720187,446.528550,151.203997057,-34.003053207
25,path21847,cont25,488,151.038436271,276.776927913,1937.823151,444.323167,151.204018605,-34.003436163
25,path21847,cont25,489,151.003807605,277.218543949,1937.724995,443.071340,151.203998063,-34.003653539
25,path21847,cont25,490,150.926506939,277.772846026,1937.505881,441.500088,151.203952209,-34.003926381
25,path21847,cont25,491,150.915156314,278.350166852,1937.473710,439.863584,151.203945476,-34.004210554
25,path21847,cont25,492,150.810508315,278.916084136,1937.177076,438.259409,151.203883399,-34.004489113
25,path21847,cont25,493,150.602654297,279.733382043,1936.587894,435.942660,151.203760098,-34.004891408
25,path21847,cont25,494,150.540085631,279.859085583,1936.410536,435.586337,151.203722982,-34.004953282
25,path21847,cont25,495,150.255438947,280.613650782,1935.603675,433.447417,151.203554127,-34.005324698
25,path21847,cont25,496,150.100075616,280.925885569,1935.163281,432.562346,151.203461965,-34.005478387
25,path21847,cont25,497,149.789436266,281.260504107,1934.282737,431.613831,151.203277690,-34.005643093
25,path21847,cont25,498,149.531882915,280.872545570,1933.552667,432.713570,151.203124906,-34.005452128
25,path21847,cont25,499,149.288635584,280.613888907,1932.863150,433.446782,151.202980608,-34.005324808
25,path21847,cont25,500,148.728994217,279.981693498,1931.276773,435.238860,151.202648622,-34.005013620
25,path21847,cont25,501,148.099330870,279.539151420,1929.491910,436.493340,151.202275097,-34.004795784
25,path21847,cont25,502,147.917892852,279.098964134,1928.977598,437.741126,151.202167466,-34.004579111
25,path21847,cont25,503,147.829839519,278.916772053,1928.727999,438.257581,151.202115231,-34.004489430
25,path21847,cont25,504,147.596754835,278.412238101,1928.067288,439.687770,151.201976962,-34.004241083
25,path21847,cont25,505,147.390422171,277.931252065,1927.482409,441.051207,151.201854562,-34.004004327
25,path21847,cont25,506,147.018568821,277.219549366,1926.428339,443.068653,151.201633973,-34.003654005
25,path21847,cont25,507,146.810884137,276.815874579,1925.839628,444.212940,151.201510772,-34.003455304
25,path21847,cont25,508,146.408889454,276.210322712,1924.700119,445.929487,151.201272303,-34.003157232
25,path21847,cont25,509,146.229057456,275.702851885,1924.190360,447.367998,151.201165624,-34.002907439
25,path21847,cont25,510,146.162681436,275.522247304,1924.002207,447.879953,151.201126249,-34.002818540
25,path21847,cont25,511,146.015784772,275.127621267,1923.585807,448.998587,151.201039107,-34.002624294
25,path21847,cont25,512,145.777196754,274.459098567,1922.909495,450.893627,151.200897573,-34.002295227
25,path21847,cont25,513,145.529038757,273.824945242,1922.206056,452.691243,151.200750362,-34.001983077
25,path21847,cont25,514,145.300441406,273.240586499,1921.558064,454.347707,151.200614754,-34.001695438
25,path21847,cont25,515,144.879312057,272.289356511,1920.364314,457.044132,151.200364934,-34.001227214
25,path21847,cont25,516,144.811155391,272.127643180,1920.171114,457.502536,151.200324503,-34.001147614
25,path21847,cont25,517,144.783554058,272.062211723,1920.092874,457.688013,151.200308129,-34.001115406
25,path21847,cont25,518,144.718363371,271.930369849,1919.908082,458.061742,151.200269457,-34.001050510
25,path21847,cont25,519,144.345917355,270.804329655,1918.852329,461.253691,151.200048516,-34.000496239
25,path21847,cont25,520,144.224166690,270.430420493,1918.507209,462.313600,151.199976292,-34.000312190
25,path21847,cont25,521,143.962464672,269.671648419,1917.765377,464.464467,151.199821046,-33.999938700
25,path21847,cont25,522,143.916914006,269.537716338,1917.636257,464.844120,151.199794024,-33.999872774
25,path21847,cont25,523,143.635228010,268.733118431,1916.837777,467.124888,151.199626924,-33.999476727
25,path21847,cont25,524,143.474617991,268.284490937,1916.382504,468.396598,151.199531647,-33.999255899
25,path21847,cont25,525,143.027749976,267.106618868,1915.115793,471.735476,151.199266558,-33.998676115
25,path21847,cont25,526,143.010049351,267.053622827,1915.065618,471.885703,151.199256058,-33.998650029
25,path21847,cont25,527,143.004704768,267.035895744,1915.050468,471.935953,151.199252888,-33.998641303
25,path21847,cont25,528,142.994042060,267.002108453,1915.020243,472.031729,151.199246562,-33.998624672
25,path21847,cont25,529,142.593317377,265.774706385,1913.884330,475.511005,151.199008846,-33.998020509
25,path21847,cont25,530,142.460393358,265.338673057,1913.507537,476.747015,151.198929993,-33.997805880
25,path21847,cont25,531,142.180316028,264.492085776,1912.713617,479.146808,151.198763847,-33.997389165
25,path21847,cont25,532,142.178463945,264.486000360,1912.708367,479.164058,151.198762748,-33.997386169
25,path21847,cont25,533,141.904315927,263.641450370,1911.931254,481.558077,151.198600119,-33.996970457
25,path21847,cont25,534,141.761906596,263.215074334,1911.527574,482.766711,151.198515640,-33.996760582
25,path21847,cont25,535,141.337223893,261.944227683,1910.323749,486.369139,151.198263711,-33.996135033
25,path21847,cont25,536,140.892387878,260.693648116,1909.062797,489.914118,151.197999827,-33.995519460
25,path21847,cont25,537,140.752433879,260.247031455,1908.666077,491.180127,151.197916804,-33.995299622
25,path21847,cont25,538,140.472105196,259.418409382,1907.871444,493.528996,151.197750509,-33.994891750
25,path21847,cont25,539,140.455251237,259.361576883,1907.823669,493.690097,151.197740511,-33.994863775
25,path21847,cont25,540,140.196851220,258.549808768,1907.091196,495.991189,151.197587224,-33.994464199
25,path21847,cont25,541,140.058167222,258.136820648,1906.698076,497.161873,151.197504954,-33.994260914
25,path21847,cont25,542,139.660998539,256.867058789,1905.572243,500.761225,151.197269347,-33.993635900
25,path21847,cont25,543,139.653881248,256.845362956,1905.552068,500.822726,151.197265125,-33.993625220
25,path21847,cont25,544,139.646684581,256.823402540,1905.531668,500.884976,151.197260856,-33.993614411
25,path21847,cont25,545,139.161377900,255.642911096,1904.155997,504.231281,151.196972964,-33.993033337
25,path21847,cont25,546,138.991285214,255.155575061,1903.673845,505.612717,151.196872063,-33.992793456
25,path21847,cont25,547,138.707654530,254.401274445,1902.869853,507.750910,151.196703809,-33.992422166
25,path21847,cont25,548,138.619601198,254.124255699,1902.620253,508.536166,151.196651574,-33.992285809
25,path21847,cont25,549,138.389564513,253.458431749,1901.968181,510.423556,151.196515113,-33.991958071
25,path21847,cont25,550,138.270015182,253.143577586,1901.629301,511.316063,151.196444194,-33.991803090
25,path21847,cont25,551,137.956412498,252.193273640,1900.740348,514.009859,151.196258160,-33.991335322
25,path21847,cont25,552,137.803250500,251.915143643,1900.306189,514.798268,151.196167302,-33.991198418
25,path21847,cont25,553,137.735263168,251.761314895,1900.113470,515.234322,151.196126971,-33.991122699
25,path21847,cont25,554,137.522329149,251.325440317,1899.509879,516.469884,151.196000655,-33.990908148
25,path21847,cont25,555,137.241238465,250.782488866,1898.713088,518.008975,151.195833908,-33.990640890
25,path21847,cont25,556,136.928310469,250.064250958,1897.826050,520.044944,151.195648275,-33.990287352
25,path21847,cont25,557,136.713937118,249.614856172,1897.218378,521.318832,151.195521105,-33.990066146
25,path21847,cont25,558,136.266391769,248.500325353,1895.949747,524.478159,151.195255614,-33.989517540
25,path21847,cont25,559,136.206532437,248.427247437,1895.780068,524.685312,151.195220105,-33.989481569
25,path21847,cont25,560,136.168347771,248.367213480,1895.671828,524.855489,151.195197453,-33.989452018
25,path21847,cont25,561,135.910625086,248.009920151,1894.941279,525.868303,151.195044569,-33.989276147
25,path21847,cont25,562,135.492459071,247.447415991,1893.755931,527.462825,151.194796507,-33.988999264
25,path21847,cont25,563,135.014690368,246.670176001,1892.401631,529.666051,151.194513088,-33.988616682
25,path21847,cont25,564,134.835620371,246.410064129,1891.894032,530.403385,151.194406861,-33.988488646
25,path21847,cont25,565,134.576543020,245.957547260,1891.159642,531.686125,151.194253173,-33.988265903
25,path21847,cont25,566,133.986249673,245.566202056,1889.486379,532.795477,151.193903003,-33.988073268
25,path21847,cont25,567,133.351593639,244.973297272,1887.687363,534.476183,151.193526517,-33.987781420
25,path21847,cont25,568,133.094632955,244.764752692,1886.958975,535.067346,151.193374085,-33.987678766
25,path21847,cont25,569,132.887030291,244.539221861,1886.370497,535.706656,151.193250932,-33.987567752
25,path21847,cont25,570,132.449814276,244.534194778,1885.131154,535.720924,151.192991570,-33.987565275
25,path21847,cont25,571,131.434838226,244.735436859,1882.254079,535.150514,151.192389475,-33.987664325
25,path21847,cont25,572,131.197689542,244.731203525,1881.581852,535.162524,151.192248796,-33.987662239
25,path21847,cont25,573,131.105826209,244.881328107,1881.321455,534.736976,151.192194302,-33.987736134
25,path21847,cont25,574,131.072636876,244.973694147,1881.227376,534.475152,151.192174613,-33.987781599
25,path21847,cont25,575,131.030980877,245.141254770,1881.109298,534.000177,151.192149903,-33.987864076
25,path21847,cont25,576,130.678177527,246.148682257,1880.109240,531.144483,151.191940617,-33.988359957
25,path21847,cont25,577,130.579371528,246.670916834,1879.829166,529.664133,151.191882005,-33.988617015
25,path21847,cont25,578,130.522393508,247.349758284,1879.667659,527.739854,151.191848206,-33.988951159
25,path21847,cont25,579,130.471508842,247.638048280,1879.523422,526.922654,151.191818021,-33.989093062
25,path21847,cont25,580,130.421555510,248.368113063,1879.381829,524.853175,151.191788389,-33.989452420
25,path21847,cont25,581,130.408008843,249.162127636,1879.343435,522.602419,151.191780355,-33.989843256
25,path21847,cont25,582,130.398616135,249.261769718,1879.316811,522.319969,151.191774783,-33.989892302
25,path21847,cont25,583,130.386921552,250.065256375,1879.283667,520.042362,151.191767847,-33.990287800
25,path21847,cont25,584,130.424936885,250.842496365,1879.391431,517.839154,151.191790399,-33.990670379
25,path21847,cont25,585,130.422291051,250.982699072,1879.383932,517.441728,151.191788830,-33.990739391
25,path21847,cont25,586,130.455903718,251.762479062,1879.479217,515.231320,151.191808770,-33.991123220
25,path21847,cont25,587,130.509497717,252.454946553,1879.631141,513.268412,151.191840564,-33.991464072
25,path21847,cont25,588,130.514657092,252.772367174,1879.645768,512.368634,151.191843625,-33.991620315
25,path21847,cont25,589,130.562067779,253.459675290,1879.780164,510.420352,151.191871751,-33.991958627
25,path21847,cont25,590,130.624128445,254.037181325,1879.956087,508.783319,151.191908567,-33.992242892
25,path21847,cont25,591,130.657910444,254.613258609,1880.051851,507.150338,151.191928607,-33.992526453
25,path21847,cont25,592,130.711335110,255.156977352,1880.203293,505.609081,151.191960300,-33.992794087
25,path21847,cont25,593,130.762219776,255.595974013,1880.347535,504.364676,151.191990486,-33.993010173
25,path21847,cont25,594,130.835033109,256.488281294,1880.553940,501.835290,151.192033681,-33.993449392
25,path21847,cont25,595,130.874911108,256.854120664,1880.666982,500.798261,151.192057338,-33.993629469
25,path21847,cont25,596,130.911233108,257.143680661,1880.769943,499.977457,151.192078885,-33.993771998
25,path21847,cont25,597,131.040431794,258.391561478,1881.136182,496.440141,151.192155529,-33.994386240
25,path21847,cont25,598,131.059746377,258.551422726,1881.190933,495.986989,151.192166987,-33.994464928
25,path21847,cont25,599,131.075568460,258.676120850,1881.235783,495.633512,151.192176373,-33.994526308
25,path21847,cont25,600,131.199774458,259.712705420,1881.587868,492.695148,151.192250055,-33.995036545
25,path21847,cont25,601,131.270047791,260.178186872,1881.787070,491.375667,151.192291743,-33.995265668
25,path21847,cont25,602,131.277244457,260.248724788,1881.807470,491.175716,151.192296012,-33.995300388
25,path21847,cont25,603,131.288833207,260.338048120,1881.840321,490.922514,151.192302886,-33.995344356
25,path21847,cont25,604,131.492453892,261.652233520,1882.417518,487.197245,151.192423679,-33.995991235
25,path21847,cont25,605,131.528267892,261.945921017,1882.519040,486.364741,151.192444924,-33.996135797
25,path21847,cont25,606,131.578729224,262.326259554,1882.662081,485.286611,151.192474859,-33.996323010
25,path21847,cont25,607,131.699291910,263.141917043,1883.003837,482.974499,151.192546380,-33.996724500
25,path21847,cont25,608,131.763553909,263.643223079,1883.185999,481.553467,151.192584501,-33.996971257
25,path21847,cont25,609,131.854401242,264.300236404,1883.443522,479.691058,151.192638394,-33.997294658
25,path21847,cont25,610,131.904439241,264.633320358,1883.585363,478.746878,151.192668078,-33.997458611
25,path21847,cont25,611,132.105773926,266.128613047,1884.156082,474.508233,151.192787514,-33.998194636
25,path21847,cont25,612,132.124744551,266.268815754,1884.209858,474.110806,151.192798768,-33.998263648
25,path21847,cont25,613,132.228291883,267.037933036,1884.503381,471.930620,151.192860194,-33.998642229
25,path21847,cont25,614,132.305423215,267.625678445,1884.722024,470.264562,151.192905950,-33.998931534
25,path21847,cont25,615,132.392460547,268.234749271,1884.968746,468.538053,151.192957583,-33.999231336
25,path21847,cont25,616,132.459513901,268.735208640,1885.158821,467.119421,151.192997360,-33.999477677
25,path21847,cont25,617,132.507181233,269.120547801,1885.293942,466.027116,151.193025638,-33.999667351
25,path21847,cont25,618,132.667455231,270.208144038,1885.748267,462.944150,151.193120716,-34.000202697
25,path21847,cont25,619,132.696411231,270.432616535,1885.830348,462.307847,151.193137893,-34.000313189
25,path21847,cont25,620,132.717075189,270.607267991,1885.888924,461.812770,151.193150151,-34.000399157
25,path21847,cont25,621,132.891147208,271.790484643,1886.382361,458.458753,151.193253415,-34.000981570
25,path21847,cont25,622,132.934411874,272.086553389,1886.505002,457.619499,151.193279080,-34.001127304
25,path21847,cont25,623,132.940497290,272.129997972,1886.522252,457.496348,151.193282690,-34.001148688
25,path21847,cont25,624,132.948196665,272.187227346,1886.544078,457.334122,151.193287258,-34.001176858
25,path21847,cont25,625,133.132007996,273.585656078,1887.065124,453.370053,151.193396299,-34.001865204
25,path21847,cont25,626,133.164773996,273.827379409,1887.158005,452.684850,151.193415736,-34.001984188
25,path21847,cont25,627,133.206512016,274.143768155,1887.276319,451.787995,151.193440496,-34.002139923
25,path21847,cont25,628,133.319711348,275.094733559,1887.597203,449.092333,151.193507649,-34.002608015
25,path21847,cont25,629,133.378131347,275.524760846,1887.762805,447.873352,151.193542305,-34.002819687
25,path21847,cont25,630,133.450098013,276.085677505,1887.966807,446.283344,151.193584997,-34.003095786
25,path21847,cont25,631,133.506316679,276.604922290,1888.126170,444.811463,151.193618348,-34.003351373
25,path21847,cont25,632,133.589287366,277.222142283,1888.361365,443.061854,151.193667568,-34.003655186
25,path21847,cont25,633,133.680134698,278.013775606,1888.618889,440.817844,151.193721461,-34.004044850
25,path21847,cont25,634,133.689448031,278.118603521,1888.645289,440.520692,151.193726986,-34.004096449
25,path21847,cont25,635,133.786814696,278.919629553,1888.921293,438.250057,151.193784746,-34.004490737
25,path21847,cont25,636,133.862506695,279.642497669,1889.135856,436.200973,151.193829648,-34.004846553
25,path21847,cont25,637,133.902808028,279.934677040,1889.250098,435.372743,151.193853556,-34.004990372
25,path21847,cont25,638,133.978666715,280.617090365,1889.465133,433.438335,151.193898557,-34.005326275
25,path21847,cont25,639,134.030567381,281.171392441,1889.612256,431.867078,151.193929346,-34.005599118
25,path21847,cont25,640,134.125732713,281.855763683,1889.882019,429.927118,151.193985800,-34.005935985
25,path21847,cont25,641,134.172384046,282.314551177,1890.014261,428.626612,151.194013475,-34.006161813
25,path21847,cont25,642,134.200239379,282.698593880,1890.093224,427.537983,151.194030000,-34.006350850
25,path21847,cont25,643,134.328760731,283.756927200,1890.457541,424.537969,151.194106242,-34.006871791
25,path21847,cont25,644,134.349001356,284.012038447,1890.514917,423.814816,151.194118249,-34.006997364
25,path21847,cont25,645,134.371517397,284.224207819,1890.578743,423.213388,151.194131606,-34.007101800
25,path21847,cont25,646,134.582930061,285.310137181,1891.178027,420.135146,151.194257020,-34.007636325
25,path21847,cont25,647,134.634746061,285.657508635,1891.324908,419.150466,151.194287758,-34.007807312
25,path21847,cont25,648,134.642286686,285.709499259,1891.346283,419.003090,151.194292232,-34.007832903
25,path21847,cont25,649,134.652023352,285.778846550,1891.373883,418.806514,151.194298008,-34.007867037
25,path21847,cont25,650,134.794514705,287.194870074,1891.777803,414.792571,151.194382537,-34.008564044
25,path21847,cont25,651,134.827026704,287.407039446,1891.869964,414.191143,151.194401824,-34.008668480
25,path21847,cont25,652,134.838112746,287.662997359,1891.901390,413.465590,151.194408401,-34.008794469
25,path21847,cont25,653,134.813559413,288.873545469,1891.831800,410.034106,151.194393837,-34.009390334
25,path21847,cont25,654,134.824989413,289.104685466,1891.864201,409.378904,151.194400618,-34.009504108
25,path21847,cont25,655,134.849886704,289.372152755,1891.934777,408.620726,151.194415388,-34.009635763
25,path21847,cont25,656,134.944036036,290.440302116,1892.201663,405.592888,151.194471240,-34.010161536
25,path21847,cont25,657,134.978156702,290.802252112,1892.298385,404.566883,151.194491481,-34.010339698
25,path21847,cont25,658,135.001440035,291.221590231,1892.364387,403.378204,151.194505294,-34.010546107
25,path21847,cont25,659,134.991280035,292.090772929,1892.335594,400.914372,151.194499268,-34.010973943
25,path21847,cont25,660,135.017447327,292.499792299,1892.409771,399.754943,151.194514791,-34.011175274
25,path21847,cont25,661,135.034803993,292.952520834,1892.458974,398.471613,151.194525088,-34.011398119
25,path21847,cont25,662,135.012711285,293.767093533,1892.396355,396.162582,151.194511984,-34.011799074
25,path21847,cont25,663,135.031761285,294.197438319,1892.450358,394.942703,151.194523285,-34.012010902
25,path21847,cont25,664,135.025331910,294.640244980,1892.432136,393.687499,151.194519472,-34.012228863
25,path21847,cont25,665,134.986977910,295.490880386,1892.323423,391.276244,151.194496721,-34.012647569
25,path21847,cont25,666,134.980786661,295.895084339,1892.305876,390.130466,151.194493049,-34.012846529
25,path21847,cont25,667,134.974780619,296.286905792,1892.288854,389.019788,151.194489487,-34.013039394
25,path21847,cont25,668,134.892230620,297.284014530,1892.054863,386.193333,151.194440519,-34.013530198
25,path21847,cont25,669,134.886727287,297.592730359,1892.039265,385.318230,151.194437254,-34.013682156
25,path21847,cont25,670,134.873868537,297.882951814,1892.002817,384.495554,151.194429627,-34.013825011
25,path21847,cont25,671,134.664826540,299.210604506,1891.410271,380.732126,151.194305623,-34.014478517
25,path21847,cont25,672,134.660328623,299.290429296,1891.397522,380.505851,151.194302955,-34.014517809
25,path21847,cont25,673,134.653555290,299.359115129,1891.378322,380.311150,151.194298937,-34.014551618
25,path21847,cont25,674,134.585313957,299.667804500,1891.184886,379.436125,151.194258456,-34.014703562
25,path21847,cont25,675,134.035237277,300.435545949,1889.625630,377.259867,151.193932145,-34.015081462
25,path21847,cont25,676,133.106959892,300.988419275,1886.994316,375.692700,151.193381481,-34.015353595
25,path21847,cont25,677,132.972509228,301.065624691,1886.613200,375.473855,151.193301723,-34.015391596
25,path21847,cont25,678,132.895716562,301.088378857,1886.395521,375.409358,151.193256169,-34.015402796
25,path21847,cont25,679,132.850589229,301.033768858,1886.267602,375.564160,151.193229399,-34.015375915
25,path21847,cont25,680,132.806731896,300.988472192,1886.143283,375.692562,151.193203382,-34.015353619
25,path21847,cont25,681,131.995717844,300.194907410,1883.844356,377.942077,151.192722278,-34.014962998
25,path21847,cont25,682,131.205613812,299.533581377,1881.604703,379.816740,151.192253578,-34.014637470
25,path21847,cont25,683,131.127635813,299.369407420,1881.383664,380.282120,151.192207320,-34.014556659
25,path21847,cont25,684,131.084879147,299.291090755,1881.262464,380.504122,151.192181956,-34.014518109
25,path21847,cont25,685,130.945602482,299.029973466,1880.867665,381.244305,151.192099336,-34.014389579
25,path21847,cont25,686,130.552161779,298.249770143,1879.752403,383.455928,151.191865941,-34.014005538
25,path21847,cont25,687,130.154908430,297.593524109,1878.626334,385.316174,151.191630285,-34.013682513
25,path21847,cont25,688,129.919873766,297.187309323,1877.960096,386.467663,151.191490859,-34.013482562
25,path21847,cont25,689,129.515339084,296.603268080,1876.813388,388.123234,151.191250883,-34.013195078
25,path21847,cont25,690,129.314089065,296.098072670,1876.242916,389.555296,151.191131498,-34.012946405
25,path21847,cont25,691,129.223919066,295.895983922,1875.987316,390.128152,151.191078008,-34.012846931
25,path21847,cont25,692,128.987109049,295.365547262,1875.316045,391.631766,151.190937529,-34.012585834
25,path21847,cont25,693,128.793899718,294.923005185,1874.768366,392.886228,151.190822914,-34.012368001
25,path21847,cont25,694,128.458876368,294.198496652,1873.818695,394.939972,151.190624174,-34.012011376
25,path21847,cont25,695,128.263214349,293.758415199,1873.264064,396.187459,151.190508104,-34.011794754
25,path21847,cont25,696,127.825067001,292.878225835,1872.022074,398.682509,151.190248189,-34.011361498
25,path21847,cont25,697,127.724144335,292.602291881,1871.735994,399.464691,151.190188320,-34.011225675
25,path21847,cont25,698,127.686129002,292.500956465,1871.628234,399.751943,151.190165768,-34.011175794
25,path21847,cont25,699,127.604595003,292.279553135,1871.397115,400.379549,151.190117401,-34.011066813
25,path21847,cont25,700,127.273042987,291.357718355,1870.457283,402.992645,151.189920719,-34.010613058
25,path21847,cont25,701,127.063156969,290.803495653,1869.862330,404.563683,151.189796212,-34.010340253
25,path21847,cont25,702,126.790702285,290.144709620,1869.090019,406.431125,151.189634587,-34.010015979
25,path21847,cont25,703,126.510370955,289.483119003,1868.295380,408.306517,151.189468290,-34.009690324
25,path21847,cont25,704,126.352046936,289.105929008,1867.846588,409.375726,151.189374370,-34.009504659
25,path21847,cont25,705,126.288377603,288.951571093,1867.666109,409.813280,151.189336601,-34.009428680
25,path21847,cont25,706,126.134707605,288.613089639,1867.230509,410.772764,151.189245441,-34.009262069
25,path21847,cont25,707,125.805610922,287.738906317,1866.297638,413.250785,151.189050216,-34.008831770
25,path21847,cont25,708,125.686741569,287.408362363,1865.960685,414.187768,151.188979701,-34.008669066
25,path21847,cont25,709,125.458649572,286.729441538,1865.314125,416.112283,151.188844393,-34.008334881
25,path21847,cont25,710,125.376438240,286.472478208,1865.081085,416.840688,151.188795624,-34.008208396
25,path21847,cont25,711,125.107708889,285.710980926,1864.319333,418.999281,151.188636209,-34.007833564
25,path21847,cont25,712,124.918650871,285.234730932,1863.783421,420.349293,151.188524057,-34.007599140
25,path21847,cont25,713,124.444520189,284.013440739,1862.439430,423.811247,151.188242796,-34.006997984
25,path21847,cont25,714,123.980888174,282.781620129,1861.125198,427.303052,151.187967762,-34.006391645
25,path21847,cont25,715,123.813250822,282.315953468,1860.650006,428.623062,151.187868317,-34.006162430
25,path21847,cont25,716,123.525299492,281.541703270,1859.833766,430.817806,151.187697500,-34.005781320
25,path21847,cont25,717,123.442921473,281.310139939,1859.600254,431.474211,151.187648632,-34.005667338
25,path21847,cont25,718,123.191800142,280.618572032,1858.888414,433.434577,151.187499663,-34.005326927
25,path21847,cont25,719,123.073523456,280.298029327,1858.553142,434.343209,151.187429499,-34.005169147
25,path21847,cont25,720,122.754330127,279.413950588,1857.648342,436.849280,151.187240148,-34.004733977
25,path21847,cont25,721,122.606674108,279.069436634,1857.229790,437.825864,151.187152557,-34.004564396
25,path21847,cont25,722,122.548846775,278.921111220,1857.065871,438.246318,151.187118253,-34.004491386
25,path21847,cont25,723,122.408638777,278.573898516,1856.668431,439.230551,151.187035079,-34.004320478
25,path21847,cont25,724,122.112731427,277.868122483,1855.829640,441.231194,151.186859542,-34.003973073
25,path21847,cont25,725,121.866015409,277.223729783,1855.130288,443.057835,151.186713187,-34.003655884
25,path21847,cont25,726,121.640632745,276.644874373,1854.491408,444.698699,151.186579486,-34.003370954
25,path21847,cont25,727,121.332025395,275.795244384,1853.616616,447.107119,151.186396415,-34.002952740
25,path21847,cont25,728,121.231190042,275.526348346,1853.330784,447.869350,151.186336598,-34.002820382
25,path21847,cont25,729,121.183946043,275.406121681,1853.196864,448.210153,151.186308572,-34.002761202
25,path21847,cont25,730,121.064312044,275.073725643,1852.857744,449.152386,151.186237604,-34.002597587
25,path21847,cont25,731,120.632006695,274.263121695,1851.632315,451.450185,151.185981154,-34.002198583
25,path21847,cont25,732,120.423306011,273.828966909,1851.040724,452.680872,151.185857350,-34.001984878
25,path21847,cont25,733,120.077699327,273.122502959,1850.061054,454.683467,151.185652331,-34.001637135
25,path21847,cont25,734,119.864254663,272.623551716,1849.456015,456.097830,151.185525712,-34.001391536
25,path21847,cont25,735,119.642599979,272.131559013,1848.827703,457.492468,151.185394223,-34.001149362
25,path21847,cont25,736,119.557086647,271.948017557,1848.585304,458.012748,151.185343495,-34.001059017
25,path21847,cont25,737,119.374375982,271.503014855,1848.067384,459.274185,151.185235109,-34.000839973
25,path21847,cont25,738,118.903465280,270.907305487,1846.732525,460.962834,151.184955758,-34.000546746
25,path21847,cont25,739,118.576485263,270.434256951,1845.805656,462.303776,151.184761789,-34.000313896
25,path21847,cont25,740,118.202515247,269.914086125,1844.745588,463.778296,151.184539945,-34.000057851
25,path21847,cont25,741,117.684696566,269.090544052,1843.277760,466.112774,151.184232768,-33.999652477
25,path21847,cont25,742,117.450003215,268.972672178,1842.612492,466.446910,151.184093545,-33.999594456
25,path21847,cont25,743,117.081197865,268.736954890,1841.567065,467.115102,151.183874765,-33.999478427
25,path21847,cont25,744,116.411656519,268.318463436,1839.669164,468.301408,151.183477584,-33.999272429
25,path21847,cont25,745,115.995017150,268.009588857,1838.488145,469.176977,151.183230429,-33.999120389
25,path21847,cont25,746,115.173078452,267.911375525,1836.158257,469.455412,151.182742845,-33.999072040
25,path21847,cont25,747,115.129644452,267.908729692,1836.035138,469.462914,151.182717079,-33.999070738
25,path21847,cont25,748,114.305504421,267.793847610,1833.699009,469.788599,151.182228190,-33.999014184
25,path21847,cont25,749,113.481364390,267.908888442,1831.362882,469.462531,151.181739300,-33.999070804
25,path21847,cont25,750,113.431580390,267.917355108,1831.221763,469.438533,151.181709768,-33.999074971
25,path21847,cont25,751,112.615909671,268.037925732,1828.909644,469.096791,151.181225903,-33.999134314
25,path21847,cont25,752,111.852898973,267.970271774,1826.746794,469.288598,151.180773276,-33.999101007
25,path21847,cont25,753,111.689407641,267.970271774,1826.283358,469.288604,151.180676291,-33.999101006
25,path21847,cont25,754,110.926396943,267.888250942,1824.120508,469.521136,151.180223664,-33.999060628
25,path21847,cont25,755,110.423056262,267.545165738,1822.693724,470.493685,151.179925076,-33.998891748
25,path21847,cont25,756,109.743696228,267.039546994,1820.767989,471.926967,151.179522071,-33.998642864
25,path21847,cont25,757,109.452445545,266.822879705,1819.942401,472.541156,151.179349297,-33.998536212
25,path21847,cont25,758,109.236802193,266.615208250,1819.331132,473.129841,151.179221375,-33.998433989
25,path21847,cont25,759,108.782906845,265.798174927,1818.044503,475.445867,151.178952118,-33.998031820
25,path21847,cont25,760,108.545588827,265.342165557,1817.371792,476.738505,151.178811337,-33.997807358
25,path21847,cont25,761,108.183808165,264.702694107,1816.346275,478.551200,151.178596724,-33.997492590
25,path21847,cont25,762,107.817542815,263.916484742,1815.308045,480.779847,151.178379450,-33.997105593
25,path21847,cont25,763,107.682417463,263.644863495,1814.925013,481.549805,151.178299291,-33.996971893
25,path21847,cont25,764,107.636189463,263.555540163,1814.793974,481.803007,151.178271868,-33.996927925
25,path21847,cont25,765,107.547204798,263.361997457,1814.541734,482.351638,151.178219081,-33.996832658
25,path21847,cont25,766,107.205916115,262.290461429,1813.574301,485.389086,151.178016623,-33.996305216
25,path21847,cont25,767,107.113968116,261.947561433,1813.313661,486.361092,151.177962078,-33.996136430
25,path21847,cont25,768,106.943790764,261.341348108,1812.831267,488.079504,151.177861126,-33.995838034
25,path21847,cont25,769,106.832454099,260.968312071,1812.515667,489.136937,151.177795079,-33.995654415
25,path21847,cont25,770,106.640602080,260.250259371,1811.971833,491.172376,151.177681269,-33.995300968
25,path21847,cont25,771,106.474994082,259.630076046,1811.502392,492.930388,151.177583028,-33.994995696
25,path21847,cont25,772,106.332838751,259.030318553,1811.099431,494.630499,151.177498699,-33.994700478
25,path21847,cont25,773,106.211344731,258.552957310,1810.755038,495.983658,151.177426626,-33.994465507
25,path21847,cont25,774,106.136668732,258.272631271,1810.543357,496.778288,151.177382327,-33.994327522
25,path21847,cont25,775,105.857694715,257.025411912,1809.752562,500.313735,151.177216835,-33.993713605
25,path21847,cont25,776,105.832135965,256.881399206,1809.680111,500.721962,151.177201673,-33.993642717
25,path21847,cont25,777,105.828061382,256.855734623,1809.668561,500.794713,151.177199256,-33.993630085
25,path21847,cont25,778,105.822134715,256.820015873,1809.651761,500.895963,151.177195740,-33.993612503
25,path21847,cont25,779,105.582358718,255.435054432,1808.972076,504.821860,151.177053500,-33.992930785
25,path21847,cont25,780,105.537318698,255.158538394,1808.844403,505.605689,151.177026781,-33.992794676
25,path21847,cont25,781,105.458070699,254.756953816,1808.619762,506.744045,151.176979770,-33.992597005
25,path21847,cont25,782,105.298474034,254.023079033,1808.167360,508.824333,151.176885094,-33.992235770
25,path21847,cont25,783,105.193066682,253.461236332,1807.868565,510.416967,151.176822564,-33.991959215
25,path21847,cont25,784,105.013065351,252.612611759,1807.358323,512.822532,151.176715784,-33.991541498
25,path21847,cont25,785,104.838736686,251.764013645,1806.864161,515.228021,151.176612369,-33.991123793
25,path21847,cont25,786,104.720460000,251.209367610,1806.528887,516.800255,151.176542205,-33.990850780
25,path21847,cont25,787,104.586686668,250.487081578,1806.149685,518.847692,151.176462848,-33.990495250
25,path21847,cont25,788,104.501088670,250.066790958,1805.907043,520.039074,151.176412070,-33.990288371
25,path21847,cont25,789,104.446311983,249.787576170,1805.751770,520.830553,151.176379575,-33.990150934
25,path21847,cont25,790,104.199085319,248.400471604,1805.050965,524.762525,151.176232916,-33.989468161
25,path21847,cont25,791,104.193238028,248.369568271,1805.034390,524.850126,151.176229447,-33.989452950
25,path21847,cont25,792,104.189084069,248.348666188,1805.022615,524.909376,151.176226983,-33.989442661
25,path21847,cont25,793,104.168340736,248.228095565,1804.963815,525.251153,151.176214677,-33.989383313
25,path21847,cont25,794,103.963026718,246.878614748,1804.381817,529.076473,151.176092881,-33.988719060
25,path21847,cont25,795,103.933139385,246.672372043,1804.297096,529.661100,151.176075151,-33.988617541
25,path21847,cont25,796,103.893092052,246.395750171,1804.183575,530.445229,151.176051394,-33.988481380
25,path21847,cont25,797,103.734765388,245.410838725,1803.734771,533.237119,151.175957471,-33.987996579
25,path21847,cont25,798,103.673892701,244.975149356,1803.562217,534.472150,151.175921360,-33.987782120
25,path21847,cont25,799,103.589141369,244.393251238,1803.321975,536.121634,151.175871084,-33.987495693
25,path21847,cont25,800,103.517344036,243.932056035,1803.118453,537.428965,151.175828492,-33.987268680
25,path21847,cont25,801,103.424295371,243.278032502,1802.854690,539.282900,151.175773294,-33.986946751
25,path21847,cont25,802,103.301870018,242.451421262,1802.507654,541.626062,151.175700668,-33.986539869
25,path21847,cont25,803,103.294593976,242.400197930,1802.487029,541.771262,151.175696352,-33.986514656
25,path21847,cont25,804,103.174705978,241.580889190,1802.147186,544.093724,151.175625232,-33.986111369
25,path21847,cont25,805,103.076323312,240.980867114,1801.868304,545.794583,151.175566869,-33.985816021
25,path21847,cont25,806,102.988185314,240.395211913,1801.618461,547.454717,151.175514584,-33.985527744
25,path21847,cont25,807,102.906315294,239.883745878,1801.386387,548.904549,151.175466017,-33.985275986
25,path21847,cont25,808,102.836549961,239.524785674,1801.188626,549.922080,151.175424631,-33.985099296
25,path21847,cont25,809,102.619972631,238.328101731,1800.574702,553.314274,151.175296153,-33.984510254
25,path21847,cont25,810,102.593048631,238.186708399,1800.498381,553.715076,151.175280181,-33.984440656
25,path21847,cont25,811,102.572225923,238.093231109,1800.439356,553.980053,151.175267828,-33.984394643
25,path21847,cont25,812,102.479177258,237.650689031,1800.175595,555.234511,151.175212630,-33.984176811
25,path21847,cont25,813,102.284867260,236.684827585,1799.624792,557.972402,151.175097362,-33.983701387
25,path21847,cont25,814,102.248037260,236.489591546,1799.520392,558.525830,151.175075514,-33.983605286
25,path21847,cont25,815,102.190297240,236.199264258,1799.356718,559.348810,151.175041261,-33.983462378
25,path21847,cont25,816,101.998696576,235.275286353,1798.813596,561.967975,151.174927600,-33.983007570
25,path21847,cont25,817,101.904547244,234.792527609,1798.546714,563.336433,151.174871749,-33.982769942
25,path21847,cont25,818,101.778057891,234.088021576,1798.188159,565.333469,151.174796713,-33.982423164
25,path21847,cont25,819,101.733353892,233.844790121,1798.061439,566.022948,151.174770193,-33.982303439
25,path21847,cont25,820,101.600173227,233.095490130,1797.683916,568.146960,151.174691188,-33.981934612
25,path21847,cont25,821,101.483502562,232.398842222,1797.353194,570.121720,151.174621977,-33.981591702
25,path21847,cont25,822,101.424831208,232.036072019,1797.186880,571.150051,151.174587172,-33.981413136
25,path21847,cont25,823,101.319082543,231.398426193,1796.887117,572.957560,151.174524439,-33.981099268
25,path21847,cont25,824,101.251518544,230.934902657,1796.695595,574.271492,151.174484359,-33.980871109
25,path21847,cont25,825,101.126042545,230.038785377,1796.339912,576.811680,151.174409924,-33.980430014
25,path21847,cont25,826,101.077361859,229.701388715,1796.201918,577.768084,151.174381045,-33.980263938
25,path21847,cont25,827,101.038838526,229.451622051,1796.092717,578.476088,151.174358192,-33.980140996
25,path21847,cont25,828,100.829796528,228.044065194,1795.500151,582.466033,151.174234184,-33.979448156
25,path21847,cont25,829,100.823711112,228.004351236,1795.482901,582.578609,151.174230574,-33.979428608
25,path21847,cont25,830,100.818975070,227.975485195,1795.469476,582.660435,151.174227765,-33.979414399
25,path21847,cont25,831,100.790273070,227.792261239,1795.388115,583.179812,151.174210738,-33.979324211
25,path21847,cont25,832,100.580048386,226.518530630,1794.792198,586.790406,151.174086028,-33.978697245
25,path21847,cont25,833,100.546520386,226.307393132,1794.697157,587.388910,151.174066139,-33.978593317
25,path21847,cont25,834,100.494704387,226.010451261,1794.550276,588.230639,151.174035401,-33.978447154
25,path21847,cont25,835,100.330961701,225.071841898,1794.086121,590.891279,151.173938265,-33.977985143
25,path21847,cont25,836,100.250528369,224.610435029,1793.858119,592.199211,151.173890550,-33.977758026
25,path21847,cont25,837,100.123359037,223.940298371,1793.497637,594.098822,151.173815111,-33.977428165
25,path21847,cont25,838,100.065447038,223.641768999,1793.333476,594.945052,151.173780757,-33.977281220
25,path21847,cont25,839,99.928628352,222.913450467,1792.945641,597.009588,151.173699593,-33.976922721
25,path21847,cont25,840,99.782578354,222.228946934,1792.531639,598.949925,151.173612954,-33.976585789
25,path21847,cont25,841,99.693593688,221.811540272,1792.279398,600.133132,151.173560166,-33.976380329
25,path21847,cont25,842,99.566681003,221.216492363,1791.919644,601.819892,151.173484879,-33.976087429
25,path21847,cont25,843,99.481421670,220.834645701,1791.677963,602.902299,151.173434302,-33.975899473
25,path21847,cont25,844,99.187630986,219.519534260,1790.845168,606.630197,151.173260020,-33.975252137
25,path21847,cont25,845,99.170856403,219.449763635,1790.797617,606.827973,151.173250069,-33.975217794
25,path21847,cont25,846,99.101429738,219.150731556,1790.600817,607.675629,151.173208884,-33.975070602
25,path21847,cont25,847,98.832361720,218.093006778,1789.838102,610.673924,151.173049268,-33.974549959
25,path21847,cont25,848,98.763612388,217.822655531,1789.643222,611.440279,151.173008485,-33.974416884
25,path21847,cont25,849,98.630093056,217.349024912,1789.264741,612.782863,151.172929279,-33.974183749
25,path21847,cont25,850,98.463556371,216.766624086,1788.792668,614.433775,151.172830486,-33.973897074
25,path21847,cont25,851,98.284825040,216.125776802,1788.286027,616.250362,151.172724460,-33.973581630
25,path21847,cont25,852,98.091025688,215.444130769,1787.736674,618.182601,151.172609495,-33.973246104
25,path21847,cont25,853,97.958268356,214.977114734,1787.360354,619.506435,151.172530741,-33.973016225
25,path21847,cont25,854,97.802312358,214.428818699,1786.918273,621.060671,151.172438225,-33.972746338
25,path21847,cont25,855,97.719680338,214.120288078,1786.684040,621.935252,151.172389206,-33.972594470
25,path21847,cont25,856,97.412594342,212.944109342,1785.813558,625.269325,151.172207038,-33.972015520
25,path21847,cont25,857,97.365943009,212.778929970,1785.681318,625.737553,151.172179363,-33.971934214
25,path21847,cont25,858,97.353004885,212.731939970,1785.644643,625.870754,151.172171688,-33.971911084
25,path21847,cont25,859,97.331573635,212.650501221,1785.583893,626.101606,151.172158975,-33.971870998
25,path21847,cont25,860,97.000018972,211.449769153,1784.644051,629.505279,151.171962291,-33.971279962
25,path21847,cont25,861,96.894526953,211.035140616,1784.345018,630.680612,151.171899711,-33.971075870
25,path21847,cont25,862,96.721806955,210.340979792,1783.855416,632.648325,151.171797251,-33.970734184
25,path21847,cont25,863,96.657206289,210.097377920,1783.672296,633.338855,151.171758928,-33.970614276
25,path21847,cont25,864,96.476530271,209.338261888,1783.160142,635.490693,151.171651748,-33.970240617
25,path21847,cont25,865,96.342164272,208.717152521,1782.779260,637.251329,151.171572040,-33.969934889
25,path21847,cont25,866,96.235063586,208.154992319,1782.475666,638.844863,151.171508506,-33.969658177
25,path21847,cont25,867,96.128552921,207.641488993,1782.173745,640.300472,151.171445322,-33.969405416
25,path21847,cont25,868,96.063190255,207.300626289,1781.988464,641.266702,151.171406547,-33.969237634
25,path21847,cont25,869,95.849917570,206.071081096,1781.383907,644.752046,151.171280029,-33.968632417
25,path21847,cont25,870,95.826369654,205.944689639,1781.317157,645.110323,151.171266060,-33.968570203
25,path21847,cont25,871,95.811050279,205.857218390,1781.273731,645.358275,151.171256973,-33.968527147
25,path21847,cont25,872,95.724097613,205.308340272,1781.027249,646.914158,151.171205390,-33.968256974
25,path21847,cont25,873,95.567040949,204.405714242,1780.582046,649.472797,151.171112221,-33.967812675
25,path21847,cont25,874,95.540540282,204.247890285,1780.506925,649.920174,151.171096501,-33.967734990
25,path21847,cont25,875,95.494314929,204.017014872,1780.375892,650.574628,151.171069079,-33.967621346
25,path21847,cont25,876,95.284934265,202.992389468,1779.782369,653.479095,151.170944870,-33.967116996
25,path21847,cont25,877,95.197558266,202.551090932,1779.534688,654.730028,151.170893037,-33.966899776
25,path21847,cont25,878,95.003928248,201.827455524,1778.985814,656.781292,151.170778172,-33.966543582
25,path21847,cont25,879,94.950164915,201.632060735,1778.833414,657.335170,151.170746279,-33.966447403
25,path21847,cont25,880,94.746544230,200.854318036,1778.256220,659.539810,151.170625488,-33.966064575
25,path21847,cont25,881,94.620306232,200.266731377,1777.898379,661.205420,151.170550601,-33.965775348
25,path21847,cont25,882,94.502873566,199.627154094,1777.565497,663.018405,151.170480938,-33.965460530
25,path21847,cont25,883,94.407115568,199.157598058,1777.294056,664.349438,151.170424132,-33.965229401
25,path21847,cont25,884,94.340146881,198.851607437,1777.104222,665.216819,151.170384405,-33.965078783
25,path21847,cont25,885,94.076833551,197.502205995,1776.357818,669.041916,151.170228203,-33.964414569
25,path21847,cont25,886,94.062440218,197.433969955,1776.317018,669.235342,151.170219664,-33.964380981
25,path21847,cont25,887,94.035685551,197.291227248,1776.241178,669.639969,151.170203793,-33.964310719
25,path21847,cont25,888,93.769072867,196.032075181,1775.485422,673.209241,151.170045633,-33.963690928
25,path21847,cont25,889,93.715732868,195.764184559,1775.334221,673.968620,151.170013991,-33.963559065
25,path21847,cont25,890,93.633182869,195.359663106,1775.100220,675.115302,151.169965021,-33.963359948
25,path21847,cont25,891,93.480192850,194.625682490,1774.666545,677.195889,151.169874264,-33.962998661
25,path21847,cont25,892,93.367332185,194.067464580,1774.346624,678.778249,151.169807313,-33.962723890
25,path21847,cont25,893,93.184285500,193.226327716,1773.827749,681.162588,151.169698726,-33.962309858
25,path21847,cont25,894,93.180898833,193.208336049,1773.818149,681.213588,151.169696717,-33.962301002
25,path21847,cont25,895,93.005808169,192.370744602,1773.321827,683.587878,151.169592850,-33.961888716
25,path21847,cont25,896,92.887105503,191.828375233,1772.985345,685.125312,151.169522434,-33.961621746
25,path21847,cont25,897,92.727257485,191.055871285,1772.532231,687.315100,151.169427609,-33.961241497
25,path21847,cont25,898,92.645384819,190.674024623,1772.300150,688.397507,151.169379041,-33.961053541
25,path21847,cont25,899,92.589589486,190.430713793,1772.141989,689.087211,151.169345942,-33.960933776
25,path21847,cont25,900,92.347445468,189.285941099,1771.455593,692.332255,151.169202297,-33.960370286
25,path21847,cont25,901,92.288940803,189.036174435,1771.289753,693.040260,151.169167591,-33.960247344
25,path21847,cont25,902,92.275552886,188.977410478,1771.251803,693.206836,151.169159649,-33.960218418
25,path21847,cont25,903,92.252269553,188.881816521,1771.185803,693.477813,151.169145837,-33.960171364
25,path21847,cont25,904,91.950181536,187.679999661,1770.329488,696.884560,151.168966633,-33.959579795
25,path21847,cont25,905,91.855016204,187.280796332,1770.059727,698.016167,151.168910180,-33.959383295
25,path21847,cont25,906,91.695422185,186.625555716,1769.607333,699.873554,151.168815506,-33.959060767
25,path21847,cont25,907,91.617020853,186.318215720,1769.385093,700.744760,151.168768997,-33.958909485
25,path21847,cont25,908,91.443623522,185.584155729,1768.893571,702.825573,151.168666134,-33.958548160
25,path21847,cont25,909,91.290548836,184.949684903,1768.459657,704.624085,151.168575328,-33.958235855
25,path21847,cont25,910,91.163464171,184.394350952,1768.099416,706.198270,151.168499939,-33.957962503
25,path21847,cont25,911,91.043660839,183.887541584,1767.759815,707.634904,151.168428869,-33.957713037
25,path21847,cont25,912,90.967378819,183.577926171,1767.543582,708.512560,151.168383617,-33.957560635
25,path21847,cont25,913,90.659276823,182.191006813,1766.670218,712.444009,151.168200846,-33.956877953
25,path21847,cont25,914,90.309013473,180.846341413,1765.677344,716.255684,151.167993063,-33.956216070
25,path21847,cont25,915,90.219608120,180.494392668,1765.423911,717.253341,151.167940026,-33.956042830
25,path21847,cont25,916,90.060604122,179.892730176,1764.973190,718.958853,151.167845703,-33.955746674
25,path21847,cont25,917,89.954178124,179.506412055,1764.671509,720.053935,151.167782569,-33.955556517
25,path21847,cont25,918,89.772570772,178.797831439,1764.156715,722.062524,151.167674836,-33.955207733
25,path21847,cont25,919,89.598326774,178.167408739,1763.662795,723.849561,151.167571472,-33.954897420
25,path21847,cont25,920,89.447030088,177.579504580,1763.233921,725.516072,151.167481720,-33.954608037
25,path21847,cont25,921,89.318675423,177.101296669,1762.870080,726.871631,151.167405578,-33.954372649
25,path21847,cont25,922,89.243830091,176.827241256,1762.657920,727.648487,151.167361178,-33.954237751
25,path21847,cont25,923,88.971121407,175.781793144,1761.884886,730.611982,151.167199403,-33.953723151
25,path21847,cont25,924,88.887047408,175.489269814,1761.646565,731.441188,151.167149529,-33.953579162
25,path21847,cont25,925,88.863340742,175.404761899,1761.579365,731.680739,151.167135465,-33.953537565
25,path21847,cont25,926,88.823293409,175.256171901,1761.465845,732.101942,151.167111709,-33.953464424
25,path21847,cont25,927,88.516379392,174.165241914,1760.595851,735.194364,151.166929642,-33.952927437
25,path21847,cont25,928,88.396832706,173.708227128,1760.256978,736.489848,151.166858725,-33.952702481
25,path21847,cont25,929,88.192024042,172.925245680,1759.676417,738.709338,151.166737229,-33.952317074
25,path21847,cont25,930,88.164761375,172.822190473,1759.599137,739.001464,151.166721056,-33.952266347
25,path21847,cont25,931,87.954875357,172.011692358,1759.004183,741.298955,151.166596548,-33.951867397
25,path21847,cont25,932,87.811958026,171.480250281,1758.599062,742.805415,151.166511767,-33.951605805
25,path21847,cont25,933,87.585816008,170.619428417,1757.958028,745.245557,151.166377616,-33.951182084
25,path21847,cont25,934,87.504790009,170.315236963,1757.728348,746.107838,151.166329550,-33.951032352
25,path21847,cont25,935,87.455937343,170.141590923,1757.589867,746.600066,151.166300569,-33.950946878
25,path21847,cont25,936,87.283135324,169.498362390,1757.100034,748.423403,151.166198060,-33.950630262
25,path21847,cont25,937,87.082051993,168.820870315,1756.530033,750.343867,151.166078774,-33.950296780
25,path21847,cont25,938,87.020583994,168.618781568,1756.355793,750.916722,151.166042311,-33.950197306
25,path21847,cont25,939,86.927873995,168.261646989,1756.092993,751.929078,151.165987313,-33.950021514
25,path21847,cont25,940,86.708843977,167.499488248,1755.472119,754.089544,151.165857381,-33.949646357
25,path21847,cont25,941,86.569736645,166.922326172,1755.077798,755.725604,151.165774860,-33.949362261
25,path21847,cont25,942,86.366877961,166.146779515,1754.502764,757.924019,151.165654521,-33.948980515
25,path21847,cont25,943,86.313537961,165.947733476,1754.351564,758.488248,151.165622879,-33.948882538
25,path21847,cont25,944,86.122786609,165.225870777,1753.810850,760.534487,151.165509722,-33.948527216
25,path21847,cont25,945,85.978853278,164.840293490,1753.402851,761.627471,151.165424338,-33.948337424
25,path21847,cont25,946,85.595231262,163.920919335,1752.315420,764.233594,151.165196768,-33.947884880
25,path21847,cont25,947,85.459595264,163.665728713,1751.930941,764.956977,151.165116307,-33.947759267
25,path21847,cont25,948,85.389917244,163.529415382,1751.733429,765.343381,151.165074973,-33.947692169
25,path21847,cont25,949,85.021873894,162.953179347,1750.690160,766.976826,151.164856644,-33.947408528
25,path21847,cont25,950,84.813763230,162.618163935,1750.100242,767.926487,151.164733190,-33.947243622
25,path21847,cont25,951,84.259794529,161.832880611,1748.529943,770.152516,151.164404568,-33.946857080
25,path21847,cont25,952,84.073443198,161.665584572,1748.001705,770.626751,151.164294022,-33.946774731
25,path21847,cont25,953,83.906991179,161.543241240,1747.529876,770.973558,151.164195281,-33.946714510
25,path21847,cont25,954,83.323386499,161.246405202,1745.875573,771.815010,151.163849079,-33.946568395
25,path21847,cont25,955,82.992681149,161.054979163,1744.938146,772.357650,151.163652901,-33.946474167
25,path21847,cont25,956,82.218579117,160.758804583,1742.743855,773.197234,151.163193694,-33.946328376
25,path21847,cont25,957,81.744617769,160.612331252,1741.400352,773.612455,151.162912534,-33.946256275
25,path21847,cont25,958,80.791279052,160.398468546,1738.697993,774.218721,151.162347002,-33.946150999
25,path21847,cont25,959,80.530085034,160.327613130,1737.957605,774.419582,151.162192059,-33.946116120
25,path21847,cont25,960,80.346189036,160.320733964,1737.436329,774.439090,151.162082970,-33.946112733
25,path21847,cont25,961,79.163742322,160.459322712,1734.084537,774.046287,151.161381529,-33.946180941
25,path21847,cont25,962,78.841588305,160.450591462,1733.171351,774.071050,151.161190423,-33.946176641
25,path21847,cont25,963,78.478116956,160.500809378,1732.141047,773.928715,151.160974808,-33.946201357
25,path21847,cont25,964,77.706470257,160.691468126,1729.953719,773.388295,151.160517058,-33.946295199
25,path21847,cont25,965,77.153009556,160.750814167,1728.384866,773.220092,151.160188739,-33.946324407
25,path21847,cont25,966,76.332425524,160.959702706,1726.058820,772.627999,151.159701959,-33.946427222
25,path21847,cont25,967,76.296950192,160.971608956,1725.958261,772.594250,151.159680915,-33.946433082
25,path21847,cont25,968,75.464428160,161.141603745,1723.598374,772.112408,151.159187054,-33.946516752
25,path21847,cont25,969,74.923159459,161.287574368,1722.064082,771.698654,151.158865967,-33.946588599
25,path21847,cont25,970,74.227035426,161.378088325,1720.090832,771.442107,151.158453018,-33.946633148
25,path21847,cont25,971,73.775849411,161.475613741,1718.811890,771.165674,151.158185370,-33.946681149
25,path21847,cont25,972,73.502630081,161.556655615,1718.037416,770.935960,151.158023293,-33.946721038
25,path21847,cont25,973,72.136290015,161.781683737,1714.164356,770.298139,151.157212764,-33.946831794
25,path21847,cont25,974,72.087268015,161.793589987,1714.025397,770.264391,151.157183684,-33.946837654
25,path21847,cont25,975,72.058735349,161.802321237,1713.944518,770.239642,151.157166758,-33.946841951
25,path21847,cont25,976,71.879159997,161.831002070,1713.435489,770.158349,151.157060232,-33.946856068
25,path21847,cont25,977,70.733797282,162.167393315,1710.188818,769.204843,151.156380790,-33.947021640
25,path21847,cont25,978,70.398689266,162.234279981,1709.238913,769.015257,151.156182000,-33.947054562
25,path21847,cont25,979,69.866307918,162.365433938,1707.729813,768.643502,151.155866185,-33.947119115
25,path21847,cont25,980,69.390737904,162.514262061,1706.381751,768.221646,151.155584072,-33.947192369
25,path21847,cont25,981,68.710107870,162.654729351,1704.452422,767.823497,151.155180315,-33.947261506
25,path21847,cont25,982,68.034642504,162.848007474,1702.537732,767.275648,151.154779621,-33.947356638
25,path21847,cont25,983,67.637050488,162.908041431,1701.410708,767.105489,151.154543765,-33.947386186
25,path21847,cont25,984,67.021444454,163.050784138,1699.665697,766.700888,151.154178580,-33.947456443
25,path21847,cont25,985,66.639685105,163.142753303,1698.583553,766.440203,151.153952116,-33.947501710
25,path21847,cont25,986,65.511086390,163.346879342,1695.384401,765.861623,151.153282619,-33.947602179
25,path21847,cont25,987,65.332863059,163.385826008,1694.879205,765.751230,151.153176895,-33.947621348
25,path21847,cont25,988,65.214925039,163.407521842,1694.544895,765.689734,151.153106933,-33.947632026
25,path21847,cont25,989,64.657397692,163.525869965,1692.964515,765.354281,151.152776201,-33.947690277
25,path21847,cont25,990,63.884480994,163.767090587,1690.773588,764.670536,151.152317698,-33.947809006
25,path21847,cont25,991,63.644199643,163.820166003,1690.092481,764.520095,151.152175161,-33.947835130
25,path21847,cont25,992,63.239834294,163.931767252,1688.946258,764.203761,151.151935287,-33.947890060
25,path21847,cont25,993,62.575206260,164.147825999,1687.062288,763.591336,151.151541022,-33.947996406
25,path21847,cont25,994,61.955533581,164.297103914,1685.305750,763.168211,151.151173425,-33.948069880
25,path21847,cont25,995,61.231554215,164.494033286,1683.253541,762.610014,151.150743952,-33.948166809
25,path21847,cont25,996,60.932429531,164.552797244,1682.405635,762.443450,151.150566508,-33.948195732
25,path21847,cont25,997,60.266870164,164.713478700,1680.519025,761.988001,151.150171691,-33.948274819
25,path21847,cont25,998,59.863690149,164.815925365,1679.376162,761.697617,151.149932520,-33.948325243
25,path21847,cont25,999,58.735345434,165.062913904,1676.177730,760.997536,151.149263173,-33.948446810
25,path21847,cont25,1000,58.578288769,165.100669945,1675.732534,760.890517,151.149170005,-33.948465393
25,path21847,cont25,1001,58.473304749,165.115222028,1675.434943,760.849272,151.149107728,-33.948472555
25,path21847,cont25,1002,58.071648734,165.220552652,1674.296400,760.550712,151.148869461,-33.948524399
25,path21847,cont25,1003,57.167414037,165.499370565,1671.733236,759.760397,151.148333059,-33.948661634
25,path21847,cont25,1004,56.889540686,165.566415981,1670.945570,759.570358,151.148168221,-33.948694634
25,path21847,cont25,1005,56.439286004,165.672408063,1669.669267,759.269925,151.147901125,-33.948746803
25,path21847,cont25,1006,55.806069304,165.827771394,1667.874337,758.829550,151.147525494,-33.948823272
25,path21847,cont25,1007,55.200877270,165.966704101,1666.158845,758.435749,151.147166487,-33.948891655
25,path21847,cont25,1008,54.434395238,166.145879932,1663.986158,757.927879,151.146711801,-33.948979844
25,path21847,cont25,1009,54.230602574,166.194219306,1663.408482,757.790861,151.146590909,-33.949003637
25,path21847,cont25,1010,53.512211208,166.363049929,1661.372114,757.312315,151.146164751,-33.949086735
25,path21847,cont25,1011,53.054421193,166.455495345,1660.074451,757.050283,151.145893185,-33.949132236
25,path21847,cont25,1012,51.950206477,166.787812007,1656.944419,756.108325,151.145238153,-33.949295803
25,path21847,cont25,1013,51.823547792,166.817948049,1656.585390,756.022905,151.145163017,-33.949310636
25,path21847,cont25,1014,51.747855792,166.839114715,1656.370831,755.962908,151.145118116,-33.949321054
25,path21847,cont25,1015,51.530601129,166.915050131,1655.754996,755.747666,151.144989238,-33.949358430
25,path21847,cont25,1016,50.446706413,167.228052210,1652.682564,754.860458,151.144346260,-33.949512491
25,path21847,cont25,1017,50.134797063,167.304940126,1651.798418,754.642520,151.144161231,-33.949550335
25,path21847,cont25,1018,49.618589694,167.432945541,1650.335165,754.279690,151.143855011,-33.949613339
25,path21847,cont25,1019,49.091373013,167.562591373,1648.840705,753.912211,151.143542260,-33.949677151
25,path21847,cont25,1020,48.446048980,167.723537412,1647.011454,753.456011,151.143159447,-33.949756368
25,path21847,cont25,1021,47.681175615,167.841806161,1644.843326,753.120791,151.142705715,-33.949814578
25,path21847,cont25,1022,47.460957617,167.903374702,1644.219091,752.946275,151.142575080,-33.949844882
25,path21847,cont25,1023,46.757382918,168.038391575,1642.224722,752.563578,151.142157711,-33.949911336
25,path21847,cont25,1024,46.233132216,168.083026783,1640.738668,752.437074,151.141846720,-33.949933303
25,path21847,cont25,1025,45.315774186,168.361156779,1638.138304,751.648709,151.141302533,-33.950070199
25,path21847,cont25,1026,45.068719502,168.392721570,1637.437997,751.559244,151.141155977,-33.950085735
25,path21847,cont25,1027,44.868059504,168.407802820,1636.869202,751.516502,151.141036943,-33.950093157
25,path21847,cont25,1028,43.973310120,168.609044901,1634.332924,750.946087,151.140506168,-33.950192207
25,path21847,cont25,1029,43.445246772,168.674317609,1632.836063,750.761083,151.140192914,-33.950224332
25,path21847,cont25,1030,43.379968773,168.687282192,1632.651025,750.724336,151.140154191,-33.950230714
25,path21847,cont25,1031,43.281332107,168.707919691,1632.371427,750.665839,151.140095678,-33.950240871
25,path21847,cont25,1032,41.994324707,168.912627814,1628.723245,750.085616,151.139332211,-33.950341625
25,path21847,cont25,1033,41.691305357,168.984356355,1627.864300,749.882302,151.139152457,-33.950376930
25,path21847,cont25,1034,41.250025341,169.051243020,1626.613437,749.692720,151.138890684,-33.950409850
25,path21847,cont25,1035,40.478801976,169.086035728,1624.427308,749.594126,151.138433186,-33.950426970
25,path21847,cont25,1036,40.002639295,169.178825102,1623.077566,749.331120,151.138150720,-33.950472640
25,path21847,cont25,1037,39.356976594,169.255871768,1621.247355,749.112746,151.137767706,-33.950510560
25,path21847,cont25,1038,38.947277245,169.243171768,1620.086011,749.148763,151.137524668,-33.950504306
25,path21847,cont25,1039,38.313975878,169.349772392,1618.290840,748.846613,151.137148986,-33.950556773
25,path21847,cont25,1040,37.513796513,169.499023848,1616.022633,748.423569,151.136674311,-33.950630233
25,path21847,cont25,1041,37.273007162,169.652111763,1615.340087,747.989628,151.136531472,-33.950705586
25,path21847,cont25,1042,36.625140483,169.919499676,1613.503630,747.231702,151.136147150,-33.950837197
25,path21847,cont25,1043,36.393325798,170.069518424,1612.846523,746.806461,151.136009635,-33.950911038
25,path21847,cont25,1044,36.161511114,170.302351755,1612.189417,746.146468,151.135872120,-33.951025644
25,path21847,cont25,1045,35.144585085,170.511134460,1609.306815,745.554683,151.135268868,-33.951128405
25,path21847,cont25,1046,34.936307733,170.564474460,1608.716427,745.403491,151.135145316,-33.951154659
25,path21847,cont25,1047,34.642263050,170.597071126,1607.882921,745.311103,151.134970885,-33.951170702
25,path21847,cont25,1048,33.502911668,170.557621751,1604.653287,745.422975,151.134295009,-33.951151276
25,path21847,cont25,1049,33.247641671,170.596991751,1603.929693,745.311385,151.134143580,-33.951170653
25,path21847,cont25,1050,32.892128988,170.658110500,1602.921948,745.138149,151.133932685,-33.951200734
25,path21847,cont25,1051,31.985018271,170.728569041,1600.350630,744.938461,151.133394577,-33.951235410
25,path21847,cont25,1052,31.558978255,170.820511748,1599.142967,744.677853,151.133141845,-33.951280663
25,path21847,cont25,1053,31.092467574,170.768944457,1597.820584,744.824047,151.132865106,-33.951255277
25,path21847,cont25,1054,29.983172858,170.299732380,1594.676147,746.154147,151.132207058,-33.951024310
25,path21847,cont25,1055,31.022194241,169.760405720,1597.621378,747.682908,151.132823417,-33.950758846
25,path21847,cont25,1056,31.559655588,169.296855726,1599.144876,748.996890,151.133142245,-33.950530678
25,path21847,cont25,1057,32.054360270,169.101116978,1600.547177,749.551722,151.133435709,-33.950434334
25,path21847,cont25,1058,32.280078954,168.604282401,1601.187001,750.960066,151.133569607,-33.950189780
25,path21847,cont25,1059,33.049354986,168.404389695,1603.367609,751.526662,151.134025950,-33.950091393
25,path21847,cont25,1060,33.248657671,168.345202404,1603.932557,751.694429,151.134144179,-33.950062260
25,path21847,cont25,1061,33.578773001,168.273156364,1604.868309,751.898641,151.134340007,-33.950026800
25,path21847,cont25,1062,34.465394385,168.131075115,1607.381547,752.301356,151.134865961,-33.949956870
25,path21847,cont25,1063,34.937323733,168.011615742,1608.719289,752.639962,151.135145915,-33.949898072
25,path21847,cont25,1064,35.599073100,167.940919076,1610.595100,752.840336,151.135538472,-33.949863278
25,path21847,cont25,1065,36.040691782,168.017965742,1611.846924,752.621917,151.135800445,-33.949901205
25,path21847,cont25,1066,36.625987150,167.898003660,1613.506015,752.961944,151.136147649,-33.949842161
25,path21847,cont25,1067,37.348950516,167.636224913,1615.555343,753.703967,151.136576519,-33.949713311
25,path21847,cont25,1068,38.219826546,166.910367006,1618.023945,755.761487,151.137093132,-33.949356030
25,path21847,cont25,1069,38.293994545,166.889200339,1618.234183,755.821484,151.137137129,-33.949345612
25,path21847,cont25,1070,38.314896628,166.882321173,1618.293433,755.840983,151.137149529,-33.949342226
25,path21847,cont25,1071,38.353843295,166.871208673,1618.403832,755.872482,151.137172632,-33.949336757
25,path21847,cont25,1072,39.666504695,166.572150135,1622.124732,756.720156,151.137951318,-33.949189561
25,path21847,cont25,1073,40.003644711,166.458035345,1623.080397,757.043618,151.138151313,-33.949133393
25,path21847,cont25,1074,40.743710744,166.167787432,1625.178204,757.866340,151.138590328,-33.948990530
25,path21847,cont25,1075,40.898904742,166.114129932,1625.618121,758.018434,151.138682391,-33.948964120
25,path21847,cont25,1076,41.692480107,165.751915354,1627.867607,759.045154,151.139153149,-33.948785834
25,path21847,cont25,1077,42.094051456,165.618750564,1629.005910,759.422614,151.139391365,-33.948720289
25,path21847,cont25,1078,42.832000821,165.215631402,1631.097716,760.565287,151.139829125,-33.948521868
25,path21847,cont25,1079,43.256178170,165.090165987,1632.300099,760.920921,151.140080751,-33.948460114
25,path21847,cont25,1080,43.381312856,165.051642654,1632.654809,761.030116,151.140154983,-33.948441152
25,path21847,cont25,1081,43.627777520,164.968325364,1633.353443,761.266282,151.140301188,-33.948400143
25,path21847,cont25,1082,44.535480904,164.679294534,1635.926440,762.085547,151.140839648,-33.948257880
25,path21847,cont25,1083,45.070063585,164.487603911,1637.441779,762.628901,151.141156768,-33.948163529
25,path21847,cont25,1084,45.748322951,164.201589332,1639.364388,763.439626,151.141559119,-33.948022750
25,path21847,cont25,1085,46.365791652,163.915257252,1641.114678,764.251253,151.141925409,-33.947881813
25,path21847,cont25,1086,46.758811668,163.739494546,1642.228741,764.749463,151.142158552,-33.947795301
25,path21847,cont25,1087,46.902406333,163.664908505,1642.635778,764.960883,151.142243734,-33.947758589
25,path21847,cont25,1088,47.162161017,163.520789965,1643.372084,765.369399,151.142397824,-33.947687651
25,path21847,cont25,1089,48.079942380,163.151749136,1645.973647,766.415464,151.142942262,-33.947506006
25,path21847,cont25,1090,48.447647063,163.033797888,1647.015951,766.749800,151.143160388,-33.947447950
25,path21847,cont25,1091,49.080863764,162.885287265,1648.810882,767.170750,151.143536019,-33.947374853
25,path21847,cont25,1092,49.429264447,162.811283307,1649.798466,767.380512,151.143742695,-33.947338429
25,path21847,cont25,1093,50.136310479,162.635626435,1651.802675,767.878409,151.144162122,-33.947251971
25,path21847,cont25,1094,50.776554513,162.468833103,1653.617526,768.351184,151.144541922,-33.947169875
25,path21847,cont25,1095,51.365154526,162.287725814,1655.285985,768.864537,151.144891086,-33.947080733
25,path21847,cont25,1096,51.824976542,162.158688524,1656.589407,769.230294,151.145163858,-33.947017221
25,path21847,cont25,1097,52.086424559,162.088679775,1657.330513,769.428734,151.145318952,-33.946982763
25,path21847,cont25,1098,52.787713259,161.826213111,1659.318401,770.172707,151.145734964,-33.946853574
25,path21847,cont25,1099,53.326444606,161.638411864,1660.845501,770.705037,151.146054545,-33.946761137
25,path21847,cont25,1100,53.513639958,161.581870406,1661.376130,770.865304,151.146165592,-33.946733307
25,path21847,cont25,1101,53.874147974,161.464421866,1662.398034,771.198216,151.146379449,-33.946675499
25,path21847,cont25,1102,54.593047340,161.214840411,1664.435842,771.905663,151.146805908,-33.946552653
25,path21847,cont25,1103,55.202306020,161.028732496,1666.162860,772.433190,151.147167327,-33.946461050
25,path21847,cont25,1104,55.865240720,160.796745833,1668.042030,773.090765,151.147560587,-33.946346864
25,path21847,cont25,1105,56.373404755,160.650881043,1669.482483,773.504220,151.147862036,-33.946275069
25,path21847,cont25,1106,56.890969436,160.485860420,1670.949584,773.971975,151.148169061,-33.946193845
25,path21847,cont25,1107,57.165964120,160.407464379,1671.729090,774.194189,151.148332191,-33.946155259
25,path21847,cont25,1108,58.077564817,160.131451049,1674.313134,774.976554,151.148872963,-33.946019404
25,path21847,cont25,1109,58.441882833,159.993179801,1675.345838,775.368491,151.149089080,-33.945951346
25,path21847,cont25,1110,58.579632852,159.949841052,1675.736307,775.491335,151.149170795,-33.945930014
25,path21847,cont25,1111,58.864705515,159.845357095,1676.544380,775.787500,151.149339903,-33.945878586
25,path21847,cont25,1112,59.658873547,159.519655016,1678.795546,776.710720,151.149811013,-33.945718272
25,path21847,cont25,1113,60.268298914,159.324736476,1680.523037,777.263221,151.150172531,-33.945622332
25,path21847,cont25,1114,60.942324947,159.112990437,1682.433647,777.863420,151.150572370,-33.945518110
25,path21847,cont25,1115,61.407734962,158.987683772,1683.752908,778.218602,151.150848457,-33.945456434
25,path21847,cont25,1116,61.956962331,158.826578983,1685.309761,778.675256,151.151174265,-33.945377138
25,path21847,cont25,1117,62.250755660,158.731408359,1686.142554,778.945020,151.151348546,-33.945330294
25,path21847,cont25,1118,63.329909042,158.436503779,1689.201547,779.780928,151.151988712,-33.945185142
25,path21847,cont25,1119,63.556897727,158.347524405,1689.844974,780.033145,151.152123364,-33.945141345
25,path21847,cont25,1120,63.645543726,158.319584406,1690.096252,780.112341,151.152175950,-33.945127593
25,path21847,cont25,1121,63.831638411,158.249734407,1690.623760,780.310334,151.152286343,-33.945093212
25,path21847,cont25,1122,64.760511108,157.860532328,1693.256763,781.413549,151.152837361,-33.944901643
25,path21847,cont25,1123,65.334207142,157.672916289,1694.882974,781.945352,151.153177684,-33.944809297
25,path21847,cont25,1124,66.014839821,157.424578375,1696.812311,782.649277,151.153581442,-33.944687063
25,path21847,cont25,1125,66.459927190,157.306389002,1698.073966,782.984284,151.153845473,-33.944628891
25,path21847,cont25,1126,67.022788538,157.128774212,1699.669465,783.487738,151.154179369,-33.944541468
25,path21847,cont25,1127,67.303201888,157.022755672,1700.464331,783.788252,151.154345713,-33.944489285
25,path21847,cont25,1128,68.373634604,156.741344842,1703.498604,784.585911,151.154980706,-33.944350774
25,path21847,cont25,1129,68.604012601,156.633553594,1704.151639,784.891452,151.155117369,-33.944297718
25,path21847,cont25,1130,68.711367287,156.592754844,1704.455949,785.007098,151.155181053,-33.944277636
25,path21847,cont25,1131,68.958255284,156.493509637,1705.155783,785.288414,151.155327509,-33.944228787
25,path21847,cont25,1132,69.784763336,156.123701517,1707.498620,786.336658,151.155817803,-33.944046763
25,path21847,cont25,1133,70.399948682,155.911108811,1709.242438,786.939259,151.156182738,-33.943942124
25,path21847,cont25,1134,71.009882050,155.658378814,1710.971369,787.655636,151.156544557,-33.943817727
25,path21847,cont25,1135,71.646231417,155.490130275,1712.775179,788.132537,151.156922047,-33.943734915
25,path21847,cont25,1136,72.088527432,155.341884235,1714.028921,788.552745,151.157184421,-33.943661948
25,path21847,cont25,1137,72.296722763,155.255021528,1714.619076,788.798962,151.157307925,-33.943619193
25,path21847,cont25,1138,73.111464794,155.046053614,1716.928563,789.391280,151.157791239,-33.943516339
25,path21847,cont25,1139,73.554858830,154.822877575,1718.185417,790.023889,151.158054265,-33.943406489
25,path21847,cont25,1140,73.777108827,154.731437576,1718.815412,790.283081,151.158186107,-33.943361481
25,path21847,cont25,1141,74.349280862,154.471510912,1720.437303,791.019859,151.158525525,-33.943233542
25,path21847,cont25,1142,74.713683545,154.290853415,1721.470247,791.531946,151.158741693,-33.943144620
25,path21847,cont25,1143,75.465687577,153.997060085,1723.601894,792.364718,151.159187790,-33.943000012
25,path21847,cont25,1144,75.909338259,153.795976754,1724.859475,792.934701,151.159450968,-33.942901037
25,path21847,cont25,1145,77.076375640,153.428761551,1728.167586,793.975581,151.160143268,-33.942720292
25,path21847,cont25,1146,77.154268972,153.399551551,1728.388384,794.058378,151.160189475,-33.942705914
25,path21847,cont25,1147,77.187458305,153.383941134,1728.482463,794.102627,151.160209164,-33.942698231
25,path21847,cont25,1148,77.286346325,153.350683010,1728.762773,794.196898,151.160267825,-33.942681861
25,path21847,cont25,1149,78.147739689,152.652526977,1731.204495,796.175894,151.160778813,-33.942338216
25,path21847,cont25,1150,78.842847722,152.110819067,1733.174862,797.711420,151.161191158,-33.942071577
25,path21847,cont25,1151,79.100655073,151.913625111,1733.905648,798.270386,151.161344092,-33.941974515
25,path21847,cont25,1152,79.645990420,151.654730323,1735.451467,799.004241,151.161667591,-33.941847083
25,path21847,cont25,1153,80.144251101,151.265766369,1736.863846,800.106799,151.161963164,-33.941655628
25,path21847,cont25,1154,80.531513784,150.844470333,1737.961588,801.301011,151.162192892,-33.941448258
25,path21847,cont25,1155,80.937487800,150.366527006,1739.112368,802.655799,151.162433720,-33.941213004
25,path21847,cont25,1156,81.487731168,149.958777636,1740.672099,803.811604,151.162760130,-33.941012302
25,path21847,cont25,1157,81.763064519,149.499646183,1741.452562,805.113072,151.162923461,-33.940786307
25,path21847,cont25,1158,82.220261867,148.571090987,1742.748539,807.745186,151.163194674,-33.940329250
25,path21847,cont25,1159,82.326179866,148.369081614,1743.048775,808.317808,151.163257505,-33.940229816
25,path21847,cont25,1160,82.377318532,148.262666199,1743.193733,808.619457,151.163287841,-33.940177436
25,path21847,cont25,1161,82.436415864,148.045575577,1743.361250,809.234832,151.163322898,-33.940070578
25,path21847,cont25,1162,82.744176548,147.092652255,1744.233630,811.936027,151.163505464,-33.939601526
25,path21847,cont25,1163,82.868549234,146.566554762,1744.586176,813.427326,151.163579243,-33.939342567
25,path21847,cont25,1164,82.895896567,145.888030812,1744.663691,815.350706,151.163595464,-33.939008579
25,path21847,cont25,1165,82.909099275,145.561984775,1744.701113,816.274933,151.163603296,-33.938848090
25,path21847,cont25,1166,82.937039275,144.870337492,1744.780307,818.235513,151.163619869,-33.938507643
25,path21847,cont25,1167,82.912644692,144.175330000,1744.711153,820.205619,151.163605397,-33.938165541
25,path21847,cont25,1168,82.899785942,143.856216046,1744.674701,821.110198,151.163597768,-33.938008464
25,path21847,cont25,1169,82.875576567,143.174146680,1744.606072,823.043629,151.163583406,-33.937672731
25,path21847,cont25,1170,82.812333214,142.580130646,1744.426796,824.727462,151.163545889,-33.937380339
25,path21847,cont25,1171,82.768645214,142.028024611,1744.302953,826.292493,151.163519972,-33.937108577
25,path21847,cont25,1172,82.712934548,141.477955868,1744.145031,827.851750,151.163486923,-33.936837818
25,path21847,cont25,1173,82.657816549,141.039303165,1743.988789,829.095181,151.163454225,-33.936621901
25,path21847,cont25,1174,82.573149883,140.135142551,1743.748784,831.658167,151.163403999,-33.936176848
25,path21847,cont25,1175,82.531155217,139.781844431,1743.629742,832.659647,151.163379086,-33.936002944
25,path21847,cont25,1176,82.484249884,139.517843184,1743.496781,833.408001,151.163351261,-33.935872995
25,path21847,cont25,1177,82.240327867,138.104333202,1742.805344,837.414823,151.163206562,-33.935177225
25,path21847,cont25,1178,82.237020575,138.085547786,1742.795969,837.468073,151.163204600,-33.935167979
25,path21847,cont25,1179,82.234321825,138.072847786,1742.788319,837.504073,151.163202999,-33.935161727
25,path21847,cont25,1180,82.221621825,137.996303828,1742.752319,837.721049,151.163195465,-33.935124050
25,path21847,cont25,1181,81.965423141,136.647061137,1742.026082,841.545696,151.163043483,-33.934459914
25,path21847,cont25,1182,81.920973142,136.389436349,1741.900081,842.275975,151.163017114,-33.934333104
25,path21847,cont25,1183,81.842063809,136.007854270,1741.676400,843.357632,151.162970304,-33.934145278
25,path21847,cont25,1184,81.668076457,135.249823030,1741.183206,845.506395,151.162867091,-33.933772153
25,path21847,cont25,1185,81.559449125,134.693324912,1740.875284,847.083879,151.162802651,-33.933498229
25,path21847,cont25,1186,81.362175794,133.861210339,1740.316082,849.442644,151.162685625,-33.933088638
25,path21847,cont25,1187,81.352518503,133.819564923,1740.288707,849.560695,151.162679897,-33.933068139
25,path21847,cont25,1188,81.159396484,132.997213475,1739.741273,851.891785,151.162565333,-33.932663353
25,path21847,cont25,1189,81.051615819,132.477280773,1739.435751,853.365618,151.162501396,-33.932407428
25,path21847,cont25,1190,80.927327800,131.695966199,1739.083436,855.580380,151.162427665,-33.932022842
25,path21847,cont25,1191,80.851805134,131.301102038,1738.869355,856.699686,151.162382864,-33.931828479
25,path21847,cont25,1192,80.805492468,131.028713499,1738.738074,857.471816,151.162355390,-33.931694401
25,path21847,cont25,1193,80.630994470,129.701907475,1738.243428,861.232859,151.162251874,-33.931041310
25,path21847,cont25,1194,80.615675095,129.604964142,1738.200003,861.507660,151.162242786,-33.930993592
25,path21847,cont25,1195,80.606943846,129.532336018,1738.175252,861.713536,151.162237607,-33.930957842
25,path21847,cont25,1196,80.534641159,129.006397275,1737.970298,863.204394,151.162194715,-33.930698960
25,path21847,cont25,1197,80.371911828,128.072603328,1737.509014,865.851383,151.162098181,-33.930239320
25,path21847,cont25,1198,80.343379161,127.908932080,1737.428134,866.315336,151.162081255,-33.930158756
25,path21847,cont25,1199,80.277000496,127.649772709,1737.239973,867.049966,151.162041878,-33.930031190
25,path21847,cont25,1200,80.015552478,126.734711262,1736.498860,869.643859,151.161886782,-33.929580770
25,path21847,cont25,1201,79.891939146,126.212820643,1736.148459,871.123243,151.161813453,-33.929323881
25,path21847,cont25,1202,79.672062462,125.383960446,1735.525185,873.472784,151.161683018,-33.928915891
25,path21847,cont25,1203,79.658251212,125.331784613,1735.486035,873.620685,151.161674825,-33.928890209
25,path21847,cont25,1204,79.442015194,124.516788581,1734.873081,875.930926,151.161546550,-33.928489044
25,path21847,cont25,1205,79.327715195,124.034109213,1734.549080,877.299160,151.161478745,-33.928251455
25,path21847,cont25,1206,79.085486511,123.059939850,1733.862446,880.060603,151.161335051,-33.927771941
25,path21847,cont25,1207,79.027743845,122.820756520,1733.698765,880.738607,151.161300797,-33.927654208
25,path21847,cont25,1208,78.999041845,122.668462355,1733.617405,881.170310,151.161283770,-33.927579244
25,path21847,cont25,1209,78.847573180,121.972740489,1733.188043,883.142447,151.161193916,-33.927236790
25,path21847,cont25,1210,78.688233161,121.284850289,1732.736369,885.092384,151.161099393,-33.926898190
25,path21847,cont25,1211,78.650133162,121.124724458,1732.628369,885.546287,151.161076791,-33.926819371
25,path21847,cont25,1212,78.614149829,120.890039044,1732.526368,886.211540,151.161055445,-33.926703853
25,path21847,cont25,1213,78.472756497,119.805644266,1732.125563,889.285430,151.160971567,-33.926170083
25,path21847,cont25,1214,78.411711832,119.428718854,1731.952521,890.353886,151.160935354,-33.925984549
25,path21847,cont25,1215,78.385809124,118.964401568,1731.879094,891.670066,151.160919988,-33.925755999
25,path21847,cont25,1216,78.376998499,118.206132203,1731.854113,893.819497,151.160914760,-33.925382758
25,path21847,cont25,1217,78.348042499,117.732766167,1731.772031,895.161328,151.160897583,-33.925149755
25,path21847,cont25,1218,78.374447915,117.256754298,1731.846877,896.510655,151.160913246,-33.924915449
25,path21847,cont25,1219,78.447007248,116.440091392,1732.052549,898.825609,151.160956288,-33.924513465
25,path21847,cont25,1220,78.470872664,116.036892855,1732.120196,899.968537,151.160970444,-33.924315000
25,path21847,cont25,1221,78.518624664,115.705528692,1732.255553,900.907838,151.160998771,-33.924151894
25,path21847,cont25,1222,78.762885348,114.427220792,1732.947931,904.531388,151.161143667,-33.923522678
25,path21847,cont25,1223,78.776432014,114.341046001,1732.986330,904.775663,151.161151703,-33.923480260
25,path21847,cont25,1224,78.786935973,114.278974752,1733.016105,904.951613,151.161157934,-33.923449707
25,path21847,cont25,1225,78.848827305,113.949700798,1733.191541,905.884989,151.161194648,-33.923287630
25,path21847,cont25,1226,79.034501303,112.831518729,1733.717849,909.054640,151.161304791,-33.922737231
25,path21847,cont25,1227,79.065404636,112.645172689,1733.805447,909.582866,151.161323123,-33.922645507
25,path21847,cont25,1228,79.083449219,112.409640609,1733.856595,910.250517,151.161333826,-33.922529572
25,path21847,cont25,1229,79.182845239,111.284579373,1734.138337,913.439672,151.161392788,-33.921975786
25,path21847,cont25,1230,79.207980655,110.949325836,1734.209585,914.389999,151.161407698,-33.921810766
25,path21847,cont25,1231,79.207980655,110.588963340,1734.209582,915.411502,151.161407697,-33.921633385
25,path21847,cont25,1232,79.231263988,109.637071894,1734.275575,918.109784,151.161421508,-33.921164838
25,path21847,cont25,1233,79.231348655,109.253531899,1734.275812,919.196987,151.161421557,-33.920976050
25,path21847,cont25,1234,79.202053988,108.899387112,1734.192770,920.200866,151.161404179,-33.920801730
25,path21847,cont25,1235,79.127462656,107.836661708,1733.981324,923.213328,151.161359929,-33.920278627
25,path21847,cont25,1236,79.104946614,107.557685045,1733.917498,924.004132,151.161346572,-33.920141306
25,path21847,cont25,1237,79.072606594,107.333821090,1733.825824,924.638710,151.161327387,-33.920031114
25,path21847,cont25,1238,78.872708597,105.884592358,1733.259178,928.746780,151.161208803,-33.919317763
25,path21847,cont25,1239,78.869480680,105.861838192,1733.250028,928.811280,151.161206888,-33.919306562
25,path21847,cont25,1240,78.866676097,105.845169442,1733.242078,928.858531,151.161205224,-33.919298358
25,path21847,cont25,1241,78.850086722,105.740764860,1733.195053,929.154482,151.161195383,-33.919246967
25,path21847,cont25,1242,78.625214704,104.392130710,1732.557615,932.977403,151.161061984,-33.918583130
25,path21847,cont25,1243,78.592110038,104.166070713,1732.463774,933.618206,151.161042346,-33.918471857
25,path21847,cont25,1244,78.529964705,103.844152175,1732.287613,934.530736,151.161005480,-33.918313400
25,path21847,cont25,1245,78.363425374,102.959491353,1731.815530,937.038450,151.160906686,-33.917877944
25,path21847,cont25,1246,78.267839354,102.470197401,1731.544576,938.425433,151.160849982,-33.917637100
25,path21847,cont25,1247,78.054733357,101.670520744,1730.940495,940.692249,151.160723564,-33.917243475
25,path21847,cont25,1248,78.034757315,101.594161995,1730.883870,940.908700,151.160711714,-33.917205889
25,path21847,cont25,1249,77.813610631,100.774350547,1730.256996,943.232591,151.160580526,-33.916802354
25,path21847,cont25,1250,77.684832632,100.250078679,1729.891955,944.718726,151.160504133,-33.916544292
25,path21847,cont25,1251,77.482058614,99.399019940,1729.317161,947.131191,151.160383844,-33.916125376
25,path21847,cont25,1252,77.404334615,99.078556610,1729.096840,948.039597,151.160337736,-33.915967635
25,path21847,cont25,1253,77.353365282,98.887474529,1728.952360,948.581251,151.160307500,-33.915873579
25,path21847,cont25,1254,77.163291264,98.193789955,1728.413567,950.547615,151.160194745,-33.915532127
25,path21847,cont25,1255,76.977786600,97.569214546,1727.887726,952.318077,151.160084701,-33.915224693
25,path21847,cont25,1256,76.915895267,97.382709757,1727.712286,952.846756,151.160047986,-33.915132889
25,path21847,cont25,1257,76.764259915,96.981548512,1727.282454,953.983916,151.159958033,-33.914935426
25,path21847,cont25,1258,76.521435918,96.332155187,1726.594134,955.824731,151.159813986,-33.914615775
25,path21847,cont25,1259,76.274211900,95.686915820,1725.893343,957.653772,151.159667329,-33.914298169
25,path21847,cont25,1260,76.118086569,95.041755828,1725.450781,959.482584,151.159574713,-33.913980602
25,path21847,cont25,1261,75.948671217,94.465943127,1724.970548,961.114820,151.159474213,-33.913697170
25,path21847,cont25,1262,75.823618552,93.991148341,1724.616067,962.460705,151.159400030,-33.913463462
25,path21847,cont25,1263,75.783147886,93.682802928,1724.501346,963.334759,151.159376022,-33.913311686
25,path21847,cont25,1264,75.476487869,92.295380862,1723.632070,967.267633,151.159194105,-33.912628757
25,path21847,cont25,1265,75.281418517,90.795854840,1723.079111,971.518279,151.159078386,-33.911890647
25,path21847,cont25,1266,75.225369184,90.599666300,1722.920231,972.074407,151.159045136,-33.911794078
25,path21847,cont25,1267,75.259997850,90.381834845,1723.018389,972.691883,151.159065678,-33.911686855
25,path21847,cont25,1268,75.476911202,89.751835478,1723.633252,974.477704,151.159194353,-33.911376754
25,path21847,cont25,1269,75.704241199,89.132340069,1724.277643,976.233750,151.159329206,-33.911071823
25,path21847,cont25,1270,75.814643885,88.904057572,1724.590591,976.880847,151.159394698,-33.910959457
25,path21847,cont25,1271,76.193185901,88.184840706,1725.663611,978.919563,151.159619253,-33.910605441
25,path21847,cont25,1272,76.283779233,88.018894041,1725.920408,979.389961,151.159672993,-33.910523758
25,path21847,cont25,1273,76.676545249,87.208634052,1727.033746,981.686751,151.159905986,-33.910124929
25,path21847,cont25,1274,76.818192581,86.860071973,1727.435261,982.674798,151.159990012,-33.909953358
25,path21847,cont25,1275,77.165407931,85.773957403,1728.419478,985.753543,151.160195982,-33.909418745
25,path21847,cont25,1276,77.217731930,85.565677406,1728.567796,986.343943,151.160227021,-33.909316225
25,path21847,cont25,1277,77.231622555,85.513104698,1728.607170,986.492968,151.160235261,-33.909290347
25,path21847,cont25,1278,77.254323804,85.423860741,1728.671519,986.745943,151.160248728,-33.909246419
25,path21847,cont25,1279,77.621774487,84.275807213,1729.713096,990.000262,151.160466702,-33.908681318
25,path21847,cont25,1280,77.719141153,83.817601803,1729.989090,991.299112,151.160524461,-33.908455778
25,path21847,cont25,1281,77.790938485,83.189613269,1730.192605,993.079239,151.160567051,-33.908146665
25,path21847,cont25,1282,77.850120484,82.809380565,1730.360361,994.157065,151.160602158,-33.907959504
25,path21847,cont25,1283,77.921663817,82.121993074,1730.563154,996.105568,151.160644597,-33.907621154
25,path21847,cont25,1284,77.982790504,81.301652459,1730.736420,998.430947,151.160680857,-33.907217360
25,path21847,cont25,1285,77.988875920,81.253048502,1730.753669,998.568722,151.160684467,-33.907193436
25,path21847,cont25,1286,78.043909253,80.426463720,1730.909662,1000.911802,151.160717112,-33.906786569
25,path21847,cont25,1287,78.043993920,79.612552481,1730.909896,1003.218959,151.160717161,-33.906385939
25,path21847,cont25,1288,78.040025170,79.548814356,1730.898646,1003.399634,151.160714806,-33.906354566
25,path21847,cont25,1289,78.040194503,78.730934367,1730.899120,1005.718041,151.160714906,-33.905951983
25,path21847,cont25,1290,78.005735170,77.887916315,1730.801435,1008.107707,151.160694463,-33.905537026
25,path21847,cont25,1291,78.005904503,77.878444232,1730.801915,1008.134557,151.160694563,-33.905532364
25,path21847,cont25,1292,77.974831837,77.035341513,1730.713829,1010.524463,151.160676129,-33.905117365
25,path21847,cont25,1293,77.930299817,76.268520814,1730.587592,1012.698136,151.160649711,-33.904739915
25,path21847,cont25,1294,77.925061067,76.101473483,1730.572741,1013.171658,151.160646603,-33.904657689
25,path21847,cont25,1295,77.883151067,75.339817451,1730.453937,1015.330691,151.160621741,-33.904282781
25,path21847,cont25,1296,77.823545735,74.680438751,1730.284973,1017.199804,151.160586381,-33.903958216
25,path21847,cont25,1297,77.800183027,74.280137402,1730.218746,1018.334521,151.160572521,-33.903761177
25,path21847,cont25,1298,77.746081027,73.644296035,1730.065383,1020.136913,151.160540426,-33.903448198
25,path21847,cont25,1299,77.686729695,73.122667354,1729.897140,1021.615553,151.160505218,-33.903191438
25,path21847,cont25,1300,77.627886362,72.411218655,1729.730336,1023.632266,151.160470310,-33.902841243
25,path21847,cont25,1301,77.578189675,71.948771973,1729.589462,1024.943144,151.160440829,-33.902613614
25,path21847,cont25,1302,77.532300343,71.582591290,1729.459380,1025.981142,151.160413606,-33.902433369
25,path21847,cont25,1303,77.441114344,70.527821908,1729.200894,1028.971052,151.160359512,-33.901914182
25,path21847,cont25,1304,77.409025678,70.253250557,1729.109933,1029.749368,151.160340476,-33.901779030
25,path21847,cont25,1305,77.382101678,70.038197226,1729.033612,1030.358971,151.160324504,-33.901673175
25,path21847,cont25,1306,77.230802346,68.620633827,1728.604725,1034.377279,151.160234750,-33.900975410
25,path21847,cont25,1307,77.223182347,68.557811161,1728.583125,1034.555360,151.160230229,-33.900944487
25,path21847,cont25,1308,77.214636305,68.511162475,1728.558900,1034.687593,151.160225160,-33.900921525
25,path21847,cont25,1309,77.168323639,68.200859145,1728.427619,1035.567198,151.160197686,-33.900768785
25,path21847,cont25,1310,76.956656975,67.075139097,1727.827615,1038.758233,151.160072121,-33.900214674
25,path21847,cont25,1311,76.927446975,66.862289745,1727.744814,1039.361589,151.160054793,-33.900109903
25,path21847,cont25,1312,76.885706309,66.578151061,1727.626493,1040.167025,151.160030032,-33.899970042
25,path21847,cont25,1313,76.731530957,65.606098365,1727.189457,1042.922465,151.159938572,-33.899491570
25,path21847,cont25,1314,76.668792958,65.166852996,1727.011615,1044.167576,151.159901354,-33.899275361
25,path21847,cont25,1315,76.565499626,64.560642316,1726.718813,1045.885978,151.159840078,-33.898976967
25,path21847,cont25,1316,76.486420960,64.157123634,1726.494652,1047.029817,151.159793167,-33.898778343
25,path21847,cont25,1317,76.376695607,63.471413601,1726.183617,1048.973572,151.159728076,-33.898440817
25,path21847,cont25,1318,76.252743609,62.696634235,1725.832254,1051.169809,151.159654545,-33.898059449
25,path21847,cont25,1319,76.239964234,62.537802216,1725.796028,1051.620043,151.159646964,-33.897981267
25,path21847,cont25,1320,76.133792235,61.775976851,1725.495065,1053.779559,151.159583980,-33.897606275
25,path21847,cont25,1321,76.042608882,61.212607504,1725.236590,1055.376520,151.159529889,-33.897328968
25,path21847,cont25,1322,75.955994883,60.556700137,1724.991067,1057.235794,151.159478507,-33.897006112
25,path21847,cont25,1323,75.882758218,60.080537456,1724.783465,1058.585553,151.159435062,-33.896771731
25,path21847,cont25,1324,75.842626218,59.718420773,1724.669704,1059.612030,151.159411254,-33.896593487
25,path21847,cont25,1325,75.706484866,58.610226724,1724.283786,1062.753383,151.159330492,-33.896048003
25,path21847,cont25,1326,75.681005491,58.385100706,1724.211560,1063.391538,151.159315377,-33.895937190
25,path21847,cont25,1327,75.661267575,58.205522709,1724.155609,1063.900580,151.159303668,-33.895848796
25,path21847,cont25,1328,75.535876243,56.743170644,1723.800161,1068.045848,151.159229282,-33.895128986
25,path21847,cont25,1329,75.530293535,56.689745978,1723.784336,1068.197288,151.159225970,-33.895102689
25,path21847,cont25,1330,75.525478118,56.646819978,1723.770686,1068.318969,151.159223114,-33.895081559
25,path21847,cont25,1331,75.482806118,56.265907296,1723.649724,1069.398726,151.159197800,-33.894894063
25,path21847,cont25,1332,75.332440766,55.145690580,1723.223487,1072.574159,151.159108600,-33.894342661
25,path21847,cont25,1333,75.317042016,54.994393895,1723.179836,1073.003034,151.159099465,-33.894268188
25,path21847,cont25,1334,75.289271350,54.799745231,1723.101115,1073.554797,151.159082990,-33.894172377
25,path21847,cont25,1335,75.096908686,53.687148516,1722.555831,1076.708631,151.158968877,-33.893624725
25,path21847,cont25,1336,75.045346686,53.299039166,1722.409670,1077.808789,151.158938289,-33.893433686
25,path21847,cont25,1337,74.954671333,52.767761131,1722.152635,1079.314782,151.158884499,-33.893172176
25,path21847,cont25,1338,74.850023335,52.240121117,1721.855994,1080.810464,151.158822420,-33.892912456
25,path21847,cont25,1339,74.748423336,51.603687083,1721.567991,1082.614538,151.158762148,-33.892599186
25,path21847,cont25,1340,74.653681337,50.769725719,1721.299427,1084.978534,151.158705945,-33.892188686
25,path21847,cont25,1341,74.650876754,50.745172386,1721.291477,1085.048134,151.158704281,-33.892176600
25,path21847,cont25,1342,74.555883401,49.908417021,1721.022201,1087.420050,151.158647929,-33.891764726
25,path21847,cont25,1343,74.482477402,49.219320322,1720.814117,1089.373404,151.158604383,-33.891425533
25,path21847,cont25,1344,74.441498736,48.860844305,1720.697956,1090.389561,151.158580073,-33.891249081
25,path21847,cont25,1345,74.371479403,48.213064939,1720.499473,1092.225794,151.158538536,-33.890930226
25,path21847,cont25,1346,74.311874071,47.695669591,1720.330510,1093.692434,151.158503176,-33.890675549
25,path21847,cont25,1347,74.232459384,46.955264892,1720.105394,1095.791228,151.158456066,-33.890311101
25,path21847,cont25,1348,74.182844718,46.517797522,1719.964752,1097.031299,151.158426633,-33.890095767
25,path21847,cont25,1349,74.144406052,46.168970860,1719.855790,1098.020103,151.158403830,-33.889924065
25,path21847,cont25,1350,73.995054054,45.021155458,1719.432425,1101.273769,151.158315231,-33.889359078
25,path21847,cont25,1351,73.972352804,44.822527461,1719.368074,1101.836812,151.158301764,-33.889261308
25,path21847,cont25,1352,73.968622179,44.650572109,1719.357498,1102.324246,151.158299551,-33.889176666
25,path21847,cont25,1353,73.854917493,43.184746064,1719.035178,1106.479360,151.158232098,-33.888455146
25,path21847,cont25,1354,73.853594576,43.127344711,1719.031427,1106.642073,151.158231313,-33.888426891
25,path21847,cont25,1355,73.850789993,43.074089378,1719.023477,1106.793034,151.158229649,-33.888400678
25,path21847,cont25,1356,73.797957994,42.449252032,1718.873714,1108.564234,151.158198308,-33.888093115
25,path21847,cont25,1357,73.724213328,41.506327315,1718.664669,1111.237102,151.158154560,-33.887628981
25,path21847,cont25,1358,73.717096037,41.432074649,1718.644493,1111.447583,151.158150338,-33.887592432
25,path21847,cont25,1359,73.702623328,41.336147317,1718.603468,1111.719504,151.158141752,-33.887545214
25,path21847,cont25,1360,73.513223997,40.023401250,1718.066582,1115.440693,151.158029397,-33.886899043
25,path21847,cont25,1361,73.469199977,39.736891900,1717.941789,1116.252850,151.158003281,-33.886758015
25,path21847,cont25,1362,73.418315311,39.354878550,1717.797547,1117.335727,151.157973095,-33.886569977
25,path21847,cont25,1363,73.321964646,38.520578519,1717.524423,1119.700683,151.157915937,-33.886159311
25,path21847,cont25,1364,73.255416647,38.041621838,1717.335781,1121.058363,151.157876459,-33.885923555
25,path21847,cont25,1365,73.191069981,37.431095804,1717.153378,1122.788995,151.157838287,-33.885623037
25,path21847,cont25,1366,73.160166648,36.988291788,1717.065776,1124.044193,151.157819954,-33.885405076
25,path21847,cont25,1367,73.087017294,36.346439088,1716.858420,1125.863626,151.157776560,-33.885089138
25,path21847,cont25,1368,72.911164630,35.543465723,1716.359938,1128.139785,151.157672241,-33.884693892
25,path21847,cont25,1369,72.887722547,35.430689725,1716.293488,1128.459467,151.157658335,-33.884638380
25,path21847,cont25,1370,72.720169862,34.651253693,1715.818533,1130.668905,151.157558940,-33.884254719
25,path21847,cont25,1371,72.645747863,34.115318991,1715.607571,1132.188098,151.157514791,-33.883990917
25,path21847,cont25,1372,72.502491864,33.348074959,1715.201489,1134.362975,151.157429809,-33.883613257
25,path21847,cont25,1373,72.443309865,32.956070943,1715.033727,1135.474173,151.157394701,-33.883420302
25,path21847,cont25,1374,72.433917157,32.633239593,1715.007100,1136.389289,151.157389128,-33.883261395
25,path21847,cont25,1375,72.379137824,31.528686211,1714.851813,1139.520318,151.157356631,-33.882717704
25,path21847,cont25,1376,72.371094491,31.260970215,1714.829012,1140.279201,151.157351859,-33.882585926
25,path21847,cont25,1377,72.389456574,30.983096864,1714.881059,1141.066875,151.157362751,-33.882449150
25,path21847,cont25,1378,72.363712616,29.817752816,1714.808076,1144.370223,151.157347478,-33.881875535
25,path21847,cont25,1379,72.383847407,29.565956799,1714.865149,1145.083977,151.157359422,-33.881751594
25,path21847,cont25,1380,72.399854699,29.277923448,1714.910522,1145.900451,151.157368917,-33.881609817
25,path21847,cont25,1381,72.385117407,28.143906066,1714.868739,1149.114999,151.157360173,-33.881051622
25,path21847,cont25,1382,72.402632824,27.870858716,1714.918387,1149.888993,151.157370563,-33.880917221
25,path21847,cont25,1383,72.415676782,27.567244053,1714.955359,1150.749635,151.157378300,-33.880767774
25,path21847,cont25,1384,72.431604699,26.495202671,1715.000501,1153.788500,151.157387747,-33.880240085
25,path21847,cont25,1385,72.446077407,26.175842654,1715.041524,1154.693775,151.157396332,-33.880082888
25,path21847,cont25,1386,72.451236782,25.836755304,1715.056146,1155.654970,151.157399392,-33.879915980
25,path21847,cont25,1387,72.435414699,24.803660588,1715.011289,1158.583437,151.157390005,-33.879407462
25,path21847,cont25,1388,72.440574073,24.480829238,1715.025912,1159.498552,151.157393065,-33.879248556
25,path21847,cont25,1389,72.492559406,24.100593888,1715.173268,1160.576385,151.157423903,-33.879061394
25,path21847,cont25,1390,72.589248738,23.262907190,1715.447340,1162.950933,151.157481259,-33.878649062
25,path21847,cont25,1391,72.657744071,22.785813176,1715.641495,1164.303327,151.157521890,-33.878414224
25,path21847,cont25,1392,72.719381403,22.178165808,1715.816210,1166.025795,151.157558453,-33.878115124
25,path21847,cont25,1393,72.719466070,21.698447127,1715.816446,1167.385631,151.157558503,-33.877878993
25,path21847,cont25,1394,72.796764090,21.090884426,1716.035553,1169.107858,151.157604356,-33.877579935
25,path21847,cont25,1395,72.947470755,20.254383062,1716.462744,1171.479044,151.157693756,-33.877168187
25,path21847,cont25,1396,72.947470755,20.232369729,1716.462744,1171.541444,151.157693756,-33.877157351
25,path21847,cont25,1397,73.183603439,19.395953031,1717.132085,1173.912386,151.157833831,-33.876745646
25,path21847,cont25,1398,73.286812104,18.878052329,1717.424639,1175.380452,151.157895055,-33.876490722
25,path21847,cont25,1399,73.450980769,18.054166298,1717.889990,1177.715877,151.157992440,-33.876085184
25,path21847,cont25,1400,73.521336122,17.701024281,1718.089419,1178.716909,151.158034176,-33.875911358
25,path21847,cont25,1401,73.654516787,17.552434283,1718.466935,1179.138105,151.158113180,-33.875838219
25,path21847,cont25,1402,73.802598785,17.427722931,1718.886691,1179.491613,151.158201023,-33.875776833
25,path21847,cont25,1403,73.946783471,17.556244283,1719.295401,1179.127293,151.158286556,-33.875840096
25,path21847,cont25,1404,74.103755469,17.701108948,1719.740359,1178.716645,151.158379673,-33.875911404
25,path21847,cont25,1405,74.329643487,18.230862983,1720.380671,1177.214967,151.158513674,-33.876172165
25,path21847,cont25,1406,74.465110152,18.730308998,1720.764671,1175.799204,151.158594035,-33.876418007
25,path21847,cont25,1407,74.962100833,19.396291698,1722.173458,1173.911354,151.158888856,-33.876745825
25,path21847,cont25,1408,75.233624184,19.653170361,1722.943127,1173.183180,151.159049928,-33.876872270
25,path21847,cont25,1409,75.489230202,19.894891045,1723.667676,1172.497975,151.159201556,-33.876991253
25,path21847,cont25,1410,75.802917552,20.776096409,1724.556868,1170.000050,151.159387641,-33.877425009
25,path21847,cont25,1411,75.929155550,21.091392426,1724.914707,1169.106290,151.159462527,-33.877580207
25,path21847,cont25,1412,76.421320232,21.849746458,1726.309815,1166.956598,151.159754486,-33.877953493
25,path21847,cont25,1413,76.707321582,22.315746494,1727.120525,1165.635638,151.159924146,-33.878182873
25,path21847,cont25,1414,77.000180933,22.786575176,1727.950674,1164.300989,151.160097874,-33.878414630
25,path21847,cont25,1415,77.067744932,22.895202508,1728.142194,1163.993065,151.160137954,-33.878468100
25,path21847,cont25,1416,77.175864264,23.022033173,1728.448672,1163.633540,151.160202092,-33.878530530
25,path21847,cont25,1417,77.671412966,23.983669223,1729.853374,1160.907614,151.160496059,-33.879003877
25,path21847,cont25,1418,77.912289630,24.481760571,1730.536172,1159.495688,151.160638950,-33.879249053
25,path21847,cont25,1419,78.156042314,25.191769937,1731.227125,1157.483047,151.160783548,-33.879598541
25,path21847,cont25,1420,78.334096312,25.645834619,1731.731844,1156.195923,151.160889173,-33.879822045
25,path21847,cont25,1421,78.530266330,26.176858654,1732.287917,1154.690646,151.161005544,-33.880083431
25,path21847,cont25,1422,78.599777663,26.440846671,1732.484957,1153.942328,151.161046779,-33.880213374
25,path21847,cont25,1423,78.862411013,27.178542037,1733.229429,1151.851206,151.161202577,-33.880576490
25,path21847,cont25,1424,78.994914345,27.738778717,1733.605030,1150.263123,151.161281181,-33.880852254
25,path21847,cont25,1425,79.032929678,27.872044049,1733.712791,1149.885361,151.161303732,-33.880917852
25,path21847,cont25,1426,79.115307698,28.126295400,1733.946303,1149.164643,151.161352600,-33.881043002
25,path21847,cont25,1427,79.410455694,29.016218785,1734.782943,1146.642006,151.161527687,-33.881481048
25,path21847,cont25,1428,79.585120379,29.567142132,1735.278056,1145.080321,151.161631300,-33.881752229
25,path21847,cont25,1429,79.829976376,30.289682164,1735.972136,1143.032160,151.161776553,-33.882107885
25,path21847,cont25,1430,79.986691728,30.697264847,1736.416368,1141.876798,151.161869519,-33.882308509
25,path21847,cont25,1431,80.191754392,31.262324881,1736.997648,1140.275040,151.161991165,-33.882586649
25,path21847,cont25,1432,80.294791079,31.517679545,1737.289720,1139.551193,151.162052288,-33.882712342
25,path21847,cont25,1433,80.548875742,32.186964245,1738.009959,1137.653992,151.162203015,-33.883041784
25,path21847,cont25,1434,80.778827760,32.957510277,1738.661793,1135.469752,151.162339427,-33.883421070
25,path21847,cont25,1435,80.893043092,33.303455626,1738.985553,1134.489112,151.162407181,-33.883591354
25,path21847,cont25,1436,81.156269109,34.042251659,1739.731705,1132.394870,151.162563331,-33.883955012
25,path21847,cont25,1437,81.342533128,34.652693026,1740.259698,1130.664472,151.162673826,-33.884255489
25,path21847,cont25,1438,81.514999126,35.376757059,1740.748579,1128.611994,151.162776136,-33.884611894
25,path21847,cont25,1439,81.620155124,35.729560408,1741.046660,1127.611914,151.162838516,-33.884785555
25,path21847,cont25,1440,81.782458477,36.347878421,1741.506733,1125.859190,151.162934797,-33.885089909
25,path21847,cont25,1441,81.870342475,36.714821104,1741.755854,1124.819030,151.162986931,-33.885270529
25,path21847,cont25,1442,82.235337825,37.986673172,1742.790488,1121.213755,151.163203453,-33.885896572
25,path21847,cont25,1443,82.249387200,38.043145838,1742.830313,1121.053674,151.163211787,-33.885924369
25,path21847,cont25,1444,82.255234491,38.063121879,1742.846888,1120.997048,151.163215256,-33.885934202
25,path21847,cont25,1445,82.615065174,39.356651259,1743.866882,1117.330325,151.163428713,-33.886570915
25,path21847,cont25,1446,82.729619173,39.738325941,1744.191602,1116.248405,151.163496669,-33.886758787
25,path21847,cont25,1447,83.048725190,40.555946639,1745.096154,1113.930720,151.163685967,-33.887161244
25,path21847,cont25,1448,83.066161231,40.598531326,1745.145579,1113.810006,151.163696311,-33.887182206
25,path21847,cont25,1449,83.373498582,41.433593357,1746.016771,1111.442882,151.163878628,-33.887593248
25,path21847,cont25,1450,83.515569246,41.842107373,1746.419491,1110.284880,151.163962907,-33.887794331
25,path21847,cont25,1451,83.922051262,43.048176087,1747.571724,1106.866076,151.164204038,-33.888387994
25,path21847,cont25,1452,83.941947929,43.108882086,1747.628124,1106.693995,151.164215841,-33.888417875
25,path21847,cont25,1453,83.947795220,43.128858128,1747.644699,1106.637369,151.164219310,-33.888427708
25,path21847,cont25,1454,83.960151262,43.167212127,1747.679724,1106.528648,151.164226640,-33.888446587
25,path21847,cont25,1455,84.383312610,44.360578196,1748.879236,1103.145851,151.164477666,-33.889033998
25,path21847,cont25,1456,84.519371942,44.824125544,1749.264916,1101.831849,151.164558378,-33.889262169
25,path21847,cont25,1457,84.737385960,45.643693575,1749.882910,1099.508648,151.164687708,-33.889665585
25,path21847,cont25,1458,84.749503877,45.687804908,1749.917260,1099.383607,151.164694897,-33.889687298
25,path21847,cont25,1459,84.966165874,46.519480272,1750.531421,1097.026087,151.164823424,-33.890096672
25,path21847,cont25,1460,85.092570560,47.038227641,1750.889735,1095.555612,151.164898410,-33.890352015
25,path21847,cont25,1461,85.304829891,47.909273005,1751.491417,1093.086491,151.165024326,-33.890780769
25,path21847,cont25,1462,85.379251890,48.214747689,1751.702377,1092.220573,151.165068474,-33.890931132
25,path21847,cont25,1463,85.425903222,48.398471707,1751.834618,1091.699777,151.165096149,-33.891021567
25,path21847,cont25,1464,85.608695908,49.242169738,1752.352772,1089.308177,151.165204585,-33.891436859
25,path21847,cont25,1465,85.733579239,49.784457086,1752.706773,1087.770975,151.165278668,-33.891703789
25,path21847,cont25,1466,85.759905281,49.910015105,1752.781399,1087.415061,151.165294285,-33.891765592
25,path21847,cont25,1467,85.810702634,50.113130436,1752.925392,1086.839297,151.165324419,-33.891865571
25,path21847,cont25,1468,86.074947298,51.136742485,1753.674433,1083.937700,151.165481173,-33.892369423
25,path21847,cont25,1469,86.189921984,51.605369833,1754.000347,1082.609299,151.165549378,-33.892600095
25,path21847,cont25,1470,86.416405314,52.417233198,1754.642348,1080.307938,151.165683732,-33.892999718
25,path21847,cont25,1471,86.432915314,52.472266531,1754.689148,1080.151937,151.165693526,-33.893026807
25,path21847,cont25,1472,86.650759999,53.300721916,1755.306662,1077.803543,151.165822755,-33.893434597
25,path21847,cont25,1473,86.819161996,53.779424598,1755.784022,1076.446580,151.165922654,-33.893670229
25,path21847,cont25,1474,87.145464680,54.845369980,1756.708975,1073.424980,151.166116222,-33.894194919
25,path21847,cont25,1475,87.195079346,54.996076645,1756.849615,1072.997777,151.166145654,-33.894269101
25,path21847,cont25,1476,87.219288721,55.072615311,1756.918240,1072.780815,151.166160016,-33.894306776
25,path21847,cont25,1477,87.295401407,55.349303328,1757.133993,1071.996497,151.166205167,-33.894442970
25,path21847,cont25,1478,87.613578736,56.371730044,1758.035913,1069.098258,151.166393915,-33.894946238
25,path21847,cont25,1479,87.698581423,56.691428728,1758.276866,1068.192019,151.166444340,-33.895103603
25,path21847,cont25,1480,87.838620088,57.237441408,1758.673827,1066.644257,151.166527413,-33.895372367
25,path21847,cont25,1481,87.966974753,57.711995423,1759.037668,1065.299055,151.166603556,-33.895605956
25,path21847,cont25,1482,88.133765438,58.386868123,1759.510462,1063.386017,151.166702499,-33.895938148
25,path21847,cont25,1483,88.294293436,59.078335489,1759.965503,1061.425940,151.166797727,-33.896278509
25,path21847,cont25,1484,88.383108768,59.479991505,1760.217264,1060.287381,151.166850414,-33.896476215
25,path21847,cont25,1485,88.520435454,60.082220206,1760.606538,1058.580265,151.166931878,-33.896772650
25,path21847,cont25,1486,88.610182120,60.456274889,1760.860939,1057.519946,151.166985118,-33.896956770
25,path21847,cont25,1487,88.903549470,61.698496269,1761.692534,1053.998666,151.167159149,-33.897568228
25,path21847,cont25,1488,88.922440720,61.777659601,1761.746084,1053.774264,151.167170355,-33.897607194
25,path21847,cont25,1489,88.936331345,61.823802934,1761.785459,1053.643463,151.167178595,-33.897629907
25,path21847,cont25,1490,88.982305344,61.998806286,1761.915780,1053.147387,151.167205868,-33.897716049
25,path21847,cont25,1491,89.316397361,63.137311001,1762.862813,1049.920107,151.167404057,-33.898276455
25,path21847,cont25,1492,89.398862693,63.473096351,1763.096574,1048.968268,151.167452977,-33.898441738
25,path21847,cont25,1493,89.526455358,64.020040364,1763.458255,1047.417866,151.167528667,-33.898710960
25,path21847,cont25,1494,89.645578711,64.501873067,1763.795929,1046.052032,151.167599333,-33.898948132
25,path21847,cont25,1495,89.795608042,65.168535746,1764.221210,1044.162268,151.167688333,-33.899276283
25,path21847,cont25,1496,89.956810728,65.884556445,1764.678164,1042.132590,151.167783962,-33.899628729
25,path21847,cont25,1497,90.177198058,66.863972495,1765.302887,1039.356275,151.167914699,-33.900110826
25,path21847,cont25,1498,90.273718057,67.261479844,1765.576488,1038.229475,151.167971957,-33.900306490
25,path21847,cont25,1499,90.529747408,68.419288559,1766.302243,1034.947478,151.168123838,-33.900876397
25,path21847,cont25,1500,90.562598074,68.559493911,1766.395363,1034.550043,151.168143326,-33.900945411
25,path21847,cont25,1501,90.584875991,68.644245244,1766.458513,1034.309801,151.168156541,-33.900987128
25,path21847,cont25,1502,90.669286010,68.983332594,1766.697787,1033.348602,151.168206615,-33.901154036
25,path21847,cont25,1503,90.964603340,69.958179290,1767.534907,1030.585237,151.168381802,-33.901633885
25,path21847,cont25,1504,91.042917360,70.255017973,1767.756900,1029.743799,151.168428259,-33.901779997
25,path21847,cont25,1505,91.187104691,70.775461321,1768.165621,1028.268516,151.168513794,-33.902036175
25,path21847,cont25,1506,91.337303356,71.279053356,1768.591381,1026.841001,151.168602894,-33.902284058
25,path21847,cont25,1507,91.512814708,71.950539390,1769.088895,1024.937563,151.168707010,-33.902614583
25,path21847,cont25,1508,91.699843372,72.610344069,1769.619056,1023.067237,151.168817959,-33.902939358
25,path21847,cont25,1509,91.821422058,73.108432771,1769.963689,1021.655323,151.168890081,-33.903184532
25,path21847,cont25,1510,91.964762723,73.646063452,1770.370010,1020.131320,151.168975114,-33.903449169
25,path21847,cont25,1511,92.048921389,73.955009468,1770.608570,1019.255562,151.169025038,-33.903601242
25,path21847,cont25,1512,92.356428073,75.183853516,1771.480245,1015.772201,151.169207456,-33.904206114
25,path21847,cont25,1513,92.395290072,75.302468868,1771.590405,1015.435966,151.169230510,-33.904264500
25,path21847,cont25,1514,92.406376114,75.341584868,1771.621830,1015.325085,151.169237086,-33.904283755
25,path21847,cont25,1515,92.427040072,75.412620200,1771.680405,1015.123724,151.169249345,-33.904318720
25,path21847,cont25,1516,92.797708088,76.593627581,1772.731119,1011.775961,151.169469231,-33.904900047
25,path21847,cont25,1517,92.918863440,77.037108930,1773.074552,1010.518840,151.169541102,-33.905118342
25,path21847,cont25,1518,93.154321437,77.838981628,1773.741992,1008.245799,151.169680780,-33.905513047
25,path21847,cont25,1519,93.176255396,77.908744315,1773.804167,1008.048045,151.169693791,-33.905547386
25,path21847,cont25,1520,93.404006080,78.732707075,1774.449761,1005.712386,151.169828897,-33.905952965
25,path21847,cont25,1521,93.543113412,79.235706444,1774.844082,1004.286551,151.169911418,-33.906200556
25,path21847,cont25,1522,93.770779430,80.154075182,1775.489436,1001.683284,151.170046473,-33.906652604
25,path21847,cont25,1523,93.843338762,80.428315804,1775.695116,1000.905904,151.170089517,-33.906787593
25,path21847,cont25,1524,93.887619428,80.585028510,1775.820637,1000.461676,151.170115785,-33.906864732
25,path21847,cont25,1525,94.043657447,81.177536419,1776.262950,998.782115,151.170208349,-33.907156381
25,path21847,cont25,1526,94.293678111,81.872649744,1776.971670,996.811698,151.170356665,-33.907498537
25,path21847,cont25,1527,94.372926110,82.123924532,1777.196310,996.099418,151.170403677,-33.907622222
25,path21847,cont25,1528,94.534552128,82.617107859,1777.654462,994.701407,151.170499556,-33.907864981
25,path21847,cont25,1529,94.716670126,83.143231811,1778.170702,993.210021,151.170607591,-33.908123955
25,path21847,cont25,1530,94.926302144,83.819533261,1778.764935,991.292931,151.170731948,-33.908456851
25,path21847,cont25,1531,95.131531496,84.422015962,1779.346688,989.585093,151.170853694,-33.908753411
25,path21847,cont25,1532,95.338202827,85.120436578,1779.932528,987.605303,151.170976295,-33.909097194
25,path21847,cont25,1533,95.464017492,85.515141990,1780.289169,986.486445,151.171050930,-33.909291480
25,path21847,cont25,1534,95.529885512,85.717336570,1780.475881,985.913291,151.171090004,-33.909391006
25,path21847,cont25,1535,95.731053509,86.382710729,1781.046122,984.027177,151.171209340,-33.909718523
25,path21847,cont25,1536,95.973028194,86.967757388,1781.732033,982.368762,151.171352883,-33.910006500
25,path21847,cont25,1537,96.059218859,87.210830093,1781.976353,981.679731,151.171404013,-33.910126148
25,path21847,cont25,1538,96.244720878,87.726873420,1782.502185,980.216920,151.171514055,-33.910380160
25,path21847,cont25,1539,96.427854875,88.206324872,1783.021305,978.857833,151.171622693,-33.910616160
25,path21847,cont25,1540,96.662124893,88.906518197,1783.685378,976.873018,151.171761666,-33.910960816
25,path21847,cont25,1541,96.857874224,89.469895481,1784.240258,975.276030,151.171877788,-33.911238128
25,path21847,cont25,1542,97.111786908,90.293860888,1784.960011,972.940363,151.172028413,-33.911643708
25,path21847,cont25,1543,97.263848240,90.757754840,1785.391051,971.625377,151.172118618,-33.911872050
25,path21847,cont25,1544,97.418616259,91.308670250,1785.829764,970.063716,151.172210429,-33.912143227
25,path21847,cont25,1545,97.692343589,92.022833574,1786.605683,968.039299,151.172372808,-33.912494760
25,path21847,cont25,1546,97.783950275,92.297815029,1786.865356,967.259818,151.172427151,-33.912630114
25,path21847,cont25,1547,98.004422272,92.886433563,1787.490315,965.591279,151.172557938,-33.912919849
25,path21847,cont25,1548,98.151400958,93.257352934,1787.906947,964.539845,151.172645128,-33.913102427
25,path21847,cont25,1549,98.408533621,93.993608966,1788.635827,962.452803,151.172797664,-33.913464834
25,path21847,cont25,1550,98.598861640,94.503461043,1789.175339,961.007541,151.172910569,-33.913715799
25,path21847,cont25,1551,98.921354323,95.503453739,1790.089492,958.172895,151.173101877,-33.914208025
25,path21847,cont25,1552,98.985700989,95.689297070,1790.271892,957.646091,151.173140048,-33.914299502
25,path21847,cont25,1553,99.018043655,95.777932485,1790.363572,957.394838,151.173159235,-33.914343131
25,path21847,cont25,1554,99.106266321,96.046325815,1790.613652,956.634033,151.173211570,-33.914475243
25,path21847,cont25,1555,99.535439003,96.953952470,1791.830202,954.061207,151.173466161,-33.914922004
25,path21847,cont25,1556,99.709087688,97.385064548,1792.322434,952.839147,151.173569172,-33.915134211
25,path21847,cont25,1557,100.040809038,98.141825789,1793.262745,950.693977,151.173765954,-33.915506712
25,path21847,cont25,1558,100.149690370,98.433396618,1793.571385,949.867470,151.173830545,-33.915650232
25,path21847,cont25,1559,100.408767721,99.080858485,1794.305776,948.032129,151.173984233,-33.915968932
25,path21847,cont25,1560,100.524507053,99.351606607,1794.633856,947.264647,151.174052892,-33.916102202
25,path21847,cont25,1561,100.794083070,100.070003264,1795.398008,945.228230,151.174212808,-33.916455819
25,path21847,cont25,1562,101.064847067,100.504502009,1796.165525,943.996565,151.174373429,-33.916669693
25,path21847,cont25,1563,101.202427753,100.776625964,1796.555517,943.225182,151.174455044,-33.916803641
25,path21847,cont25,1564,101.664112434,101.598210120,1797.864226,940.896256,151.174728922,-33.917208050
25,path21847,cont25,1565,101.706361101,101.693221994,1797.983985,940.626929,151.174753985,-33.917254818
25,path21847,cont25,1566,102.083379117,102.472393443,1799.052696,938.418232,151.174977637,-33.917638350
25,path21847,cont25,1567,102.224600469,102.730970731,1799.453007,937.685249,151.175061412,-33.917765630
25,path21847,cont25,1568,102.481902466,103.296041349,1800.182366,936.083459,151.175214047,-33.918043775
25,path21847,cont25,1569,102.922251148,103.725804052,1801.430592,934.865212,151.175475268,-33.918255319
25,path21847,cont25,1570,103.241526498,104.168187380,1802.335621,933.611195,151.175664666,-33.918473075
25,path21848,cont25.1,0,166.633972574,131.722345157,1982.029615,855.502090,151.213269842,-33.932036437
25,path21848,cont25.1,1,166.093801894,131.835877864,1980.498434,855.180286,151.212949407,-33.932092317
25,path21848,cont25.1,2,165.283293195,131.293429121,1978.200942,856.717974,151.212468603,-33.931825303
25,path21848,cont25.1,3,166.428486577,131.086842457,1981.447134,857.303529,151.213147945,-33.931723624
25,path21848,cont25.1,4,166.633718574,131.037894541,1982.028890,857.442271,151.213269691,-33.931699532
25,path21848,cont25.1,5,166.829465259,131.096235165,1982.583759,857.276887,151.213385810,-33.931728250
25,path21848,cont25.1,6,167.153227943,131.292741204,1983.501506,856.719847,151.213577870,-33.931824978
25,path21848,cont25.1,7,166.853171926,131.513139118,1982.650961,856.095108,151.213399874,-33.931933462
30,path21849,cont30,0,85.606288199,69.706579064,1752.346093,1031.298656,151.165203187,-33.901510002
30,path21849,cont30,1,85.735148218,70.125589100,1752.711365,1030.110903,151.165279629,-33.901716251
30,path21849,cont30,2,85.786456218,70.255129098,1752.856805,1029.743699,151.165310065,-33.901780015
30,path21849,cont30,3,85.852072884,70.502099116,1753.042806,1029.043622,151.165348990,-33.901901580
30,path21849,cont30,4,86.013701548,71.541038478,1753.500970,1026.098582,151.165444872,-33.902412976
30,path21849,cont30,5,86.161188234,71.950653160,1753.919042,1024.937460,151.165532363,-33.902614601
30,path21849,cont30,6,86.402062252,72.750406546,1754.601835,1022.670426,151.165675254,-33.903008263
30,path21849,cont30,7,86.418492877,72.829823878,1754.648410,1022.445305,151.165685001,-33.903047354
30,path21849,cont30,8,86.740649539,73.646174577,1755.561609,1020.131219,151.165876109,-33.903449187
30,path21849,cont30,9,86.957732224,73.983483926,1756.176960,1019.175055,151.166004885,-33.903615221
30,path21849,cont30,10,87.293432907,74.331715276,1757.128548,1018.187926,151.166204028,-33.903786633
30,path21849,cont30,11,87.521098925,75.112929308,1757.773901,1015.973445,151.166339083,-33.904171169
30,path21849,cont30,12,87.594335591,75.341780659,1757.981501,1015.324728,151.166382528,-33.904283817
30,path21849,cont30,13,87.718964923,75.769514008,1758.334781,1014.112247,151.166456460,-33.904494360
30,path21849,cont30,14,87.862390254,76.465468708,1758.741343,1012.139450,151.166541543,-33.904836929
30,path21849,cont30,15,88.075239606,77.037389388,1759.344696,1010.518244,151.166667808,-33.905118445
30,path21849,cont30,16,88.361918290,77.659091422,1760.157326,1008.755922,151.166837870,-33.905424466
30,path21849,cont30,17,88.790074972,78.541492702,1761.370996,1006.254602,151.167091859,-33.905858811
30,path21849,cont30,18,88.881345637,78.732998117,1761.629716,1005.711747,151.167146002,-33.905953076
30,path21849,cont30,19,88.901401054,78.812584782,1761.686566,1005.486145,151.167157900,-33.905992251
30,path21849,cont30,20,88.980649053,78.975224155,1761.911205,1005.025116,151.167204911,-33.906072307
30,path21849,cont30,21,89.264025737,80.143703516,1762.714480,1001.712869,151.167373015,-33.906647466
30,path21849,cont30,22,89.338532402,80.428606845,1762.925681,1000.905264,151.167417213,-33.906787704
30,path21849,cont30,23,89.461042422,80.911444964,1763.272954,999.536580,151.167489888,-33.907025371
30,path21849,cont30,24,89.605991753,81.495644957,1763.683835,997.880569,151.167575875,-33.907312931
30,path21849,cont30,25,89.767956438,82.124215574,1764.142949,996.098782,151.167671955,-33.907622332
30,path21849,cont30,26,89.965907103,82.829568273,1764.704070,994.099343,151.167789383,-33.907969528
30,path21849,cont30,27,90.096717101,83.245863685,1765.074870,992.919284,151.167866982,-33.908174441
30,path21849,cont30,28,90.266555786,83.819824303,1765.556303,991.292297,151.167967733,-33.908456961
30,path21849,cont30,29,90.362906452,84.126211799,1765.829423,990.423791,151.168024889,-33.908607774
30,path21849,cont30,30,90.667873135,84.885671789,1766.693895,988.270972,151.168205800,-33.908981603
30,path21849,cont30,31,90.819849800,85.362689075,1767.124695,986.918787,151.168295955,-33.909216405
30,path21849,cont30,32,90.862860466,85.515512406,1767.246615,986.485584,151.168321470,-33.909291629
30,path21849,cont30,33,90.925934486,85.774830528,1767.425408,985.750504,151.168358887,-33.909419273
30,path21849,cont30,34,91.153349150,86.723176558,1768.070050,983.062262,151.168493793,-33.909886077
30,path21849,cont30,35,91.273149836,87.211121135,1768.409643,981.679103,151.168564861,-33.910126257
30,path21849,cont30,36,91.520207166,88.050167791,1769.109964,979.300686,151.168711419,-33.910539261
30,path21849,cont30,37,91.527139250,88.074774041,1769.129614,979.230935,151.168715532,-33.910551373
30,path21849,cont30,38,91.767928601,88.906862155,1769.812168,976.872243,151.168858372,-33.910960951
30,path21849,cont30,39,91.872999933,89.391314232,1770.110009,975.498985,151.168920702,-33.911199412
30,path21849,cont30,40,92.119123284,90.365404220,1770.807683,972.737767,151.169066707,-33.911678888
30,path21849,cont30,41,92.173733283,90.602550259,1770.962484,972.065537,151.169099103,-33.911795618
30,path21849,cont30,42,92.224025283,90.734286299,1771.105043,971.692109,151.169128937,-33.911860462
30,path21849,cont30,43,92.355089281,91.122562336,1771.476564,970.591476,151.169206686,-33.912051583
30,path21849,cont30,44,92.656076631,91.995819616,1772.329756,968.116081,151.169385236,-33.912481427
30,path21849,cont30,45,92.741674630,92.298238362,1772.572396,967.258825,151.169436014,-33.912630286
30,path21849,cont30,46,92.893479316,92.839258356,1773.002709,965.725214,151.169526068,-33.912896592
30,path21849,cont30,47,93.035634647,93.310084391,1773.405670,964.390579,151.169610396,-33.913128346
30,path21849,cont30,48,93.216310666,93.994032299,1773.917823,962.451816,151.169717577,-33.913465006
30,path21849,cont30,49,93.400206664,94.639430416,1774.439104,960.622328,151.169826667,-33.913782690
30,path21849,cont30,50,93.530929349,95.175608534,1774.809658,959.102444,151.169904214,-33.914046612
30,path21849,cont30,51,93.668258681,95.689720403,1775.198938,957.645109,151.169985680,-33.914299673
30,path21849,cont30,52,93.751486013,95.982137899,1775.434859,956.816203,151.170035052,-33.914443609
30,path21849,cont30,53,94.042567364,97.154268510,1776.259974,953.493606,151.170207726,-33.915020566
30,path21849,cont30,54,94.099632696,97.328073299,1776.421734,953.000927,151.170241578,-33.915106118
30,path21849,cont30,55,94.115878113,97.385487882,1776.467784,952.838176,151.170251216,-33.915134379
30,path21849,cont30,56,94.148305446,97.491823922,1776.559704,952.536749,151.170270452,-33.915186721
30,path21849,cont30,57,94.520497462,98.600957241,1777.614736,949.392724,151.170491242,-33.915732670
30,path21849,cont30,58,94.654776148,99.081255360,1777.995369,948.031240,151.170570899,-33.915969086
30,path21849,cont30,59,94.903526811,99.911835350,1778.700490,945.676823,151.170718462,-33.916377922
30,path21849,cont30,60,94.914110144,99.957132016,1778.730490,945.548422,151.170724740,-33.916400219
30,path21849,cont30,61,95.136018829,100.777049297,1779.359524,943.224231,151.170856380,-33.916803806
30,path21849,cont30,62,95.265982161,101.243377416,1779.727924,941.902347,151.170933476,-33.917033346
30,path21849,cont30,63,95.493817512,102.235406154,1780.373759,939.090279,151.171068632,-33.917521652
30,path21849,cont30,64,95.555031511,102.472816776,1780.547280,938.417300,151.171104946,-33.917638512
30,path21849,cont30,65,95.591692178,102.611828857,1780.651200,938.023247,151.171126693,-33.917706938
30,path21849,cont30,66,95.730034863,103.238626766,1781.043354,936.246486,151.171208761,-33.918015466
30,path21849,cont30,67,95.966170194,103.931358841,1781.712714,934.282820,151.171348840,-33.918356449
30,path21849,cont30,68,96.040168859,104.168690088,1781.922474,933.610065,151.171392737,-33.918473271
30,path21849,cont30,69,96.204334878,104.645178207,1782.387826,932.259380,151.171490123,-33.918707813
30,path21849,cont30,70,96.403809542,105.187468200,1782.953266,930.722167,151.171608455,-33.918974744
30,path21849,cont30,71,96.620553560,105.864457566,1783.567659,928.803127,151.171737031,-33.919307978
30,path21849,cont30,72,96.820282225,106.464902976,1784.133819,927.101064,151.171855513,-33.919603535
30,path21849,cont30,73,97.023394910,107.164090883,1784.709572,925.119100,151.171976003,-33.919947696
30,path21849,cont30,74,97.147092908,107.560330878,1785.060212,923.995892,151.172049382,-33.920142737
30,path21849,cont30,75,97.214656907,107.764456918,1785.251733,923.417262,151.172089463,-33.920243214
30,path21849,cont30,76,97.417769592,108.505528367,1785.827486,921.316573,151.172209952,-33.920607991
30,path21849,cont30,77,97.627316944,109.045622318,1786.421478,919.785585,151.172334259,-33.920873842
30,path21849,cont30,78,97.700807609,109.256177732,1786.629798,919.188730,151.172377855,-33.920977483
30,path21849,cont30,79,97.855916941,109.696444393,1787.069478,917.940720,151.172469868,-33.921194196
30,path21849,cont30,80,98.074946959,110.291730427,1787.690350,916.253281,151.172599800,-33.921487213
30,path21849,cont30,81,98.296604289,110.952051044,1788.318670,914.381491,151.172731291,-33.921812243
30,path21849,cont30,82,98.499293641,111.561201245,1788.893223,912.654753,151.172851530,-33.922112085
30,path21849,cont30,83,98.702747638,112.243191236,1789.469943,910.721539,151.172972222,-33.922447780
30,path21849,cont30,84,98.830506991,112.647977273,1789.832096,909.574105,151.173048011,-33.922647028
30,path21849,cont30,85,98.899933657,112.854563937,1790.028896,908.988501,151.173089196,-33.922748716
30,path21849,cont30,86,99.105586342,113.526155803,1790.611849,907.084762,151.173211192,-33.923079294
30,path21849,cont30,87,99.349934339,114.098317254,1791.304488,905.462872,151.173356143,-33.923360929
30,path21849,cont30,88,99.458813025,114.343850585,1791.613120,904.766865,151.173420732,-33.923481788
30,path21849,cont30,89,99.852679707,115.094499950,1792.729589,902.639018,151.173654379,-33.923851281
30,path21849,cont30,90,99.917957706,115.223537240,1792.914629,902.273239,151.173693103,-33.923914797
30,path21849,cont30,91,100.382097721,116.039803272,1794.230297,899.959388,151.173968438,-33.924316589
30,path21849,cont30,92,100.562099052,116.272292644,1794.740535,899.300354,151.174075217,-33.924431028
30,path21849,cont30,93,100.793575070,116.508168682,1795.396685,898.631717,151.174212531,-33.924547134
30,path21849,cont30,94,101.504261770,117.021672009,1797.411218,897.176084,151.174634120,-33.924799899
30,path21849,cont30,95,102.203518469,117.456435337,1799.393352,895.943652,151.175048928,-33.925013907
30,path21849,cont30,96,102.481561153,117.635161377,1800.181500,895.437014,151.175213866,-33.925101883
30,path21849,cont30,97,102.542605819,117.674452001,1800.354539,895.325636,151.175250078,-33.925121223
30,path21849,cont30,98,102.625663818,117.735729500,1800.589978,895.151932,151.175299349,-33.925151386
30,path21849,cont30,99,103.575277202,118.332973451,1803.281779,893.458913,151.175862672,-33.925445373
30,path21849,cont30,100,104.169634549,118.902700736,1804.966564,891.843909,151.176215253,-33.925725812
30,path21849,cont30,101,104.424732566,119.175406774,1805.689673,891.070871,151.176366580,-33.925860047
30,path21849,cont30,102,104.591695231,119.431682187,1806.162951,890.344412,151.176465625,-33.925986194
30,path21849,cont30,103,105.031959246,120.261415510,1807.410940,887.992387,151.176726796,-33.926394615
30,path21849,cont30,104,105.053893204,120.320073634,1807.473115,887.826111,151.176739807,-33.926423488
30,path21849,cont30,105,105.402889200,121.127714249,1808.462394,885.536715,151.176946837,-33.926821034
30,path21849,cont30,106,105.529632552,121.457411537,1808.821666,884.602132,151.177022023,-33.926983321
30,path21849,cont30,107,105.857797902,122.399645691,1809.751898,881.931210,151.177216696,-33.927447116
30,path21849,cont30,108,105.994619234,122.686162980,1810.139737,881.119027,151.177297860,-33.927588149
30,path21849,cont30,109,106.052531233,122.823666936,1810.303897,880.729249,151.177332215,-33.927655833
30,path21849,cont30,110,106.269529251,123.237263598,1810.919008,879.556837,151.177460941,-33.927859418
30,path21849,cont30,111,106.580761268,123.793338382,1811.801238,877.980544,151.177645568,-33.928133135
30,path21849,cont30,112,106.908675264,124.519619623,1812.730756,875.921775,151.177840092,-33.928490633
30,path21849,cont30,113,107.058701950,125.009072325,1813.156029,874.534339,151.177929090,-33.928731556
30,path21849,cont30,114,107.301692634,125.970197730,1813.844823,871.809871,151.178073236,-33.929204650
30,path21849,cont30,115,107.370949967,126.215651685,1814.041143,871.114091,151.178114321,-33.929325470
30,path21849,cont30,116,107.402869300,126.359399808,1814.131624,870.706614,151.178133256,-33.929396227
30,path21849,cont30,117,107.545955965,127.016492508,1814.537226,868.843978,151.178218138,-33.929719667
30,path21849,cont30,118,107.757704649,127.698905833,1815.137458,866.909563,151.178343751,-33.930055571
30,path21849,cont30,119,107.815531982,127.911657289,1815.301379,866.306484,151.178378055,-33.930160293
30,path21849,cont30,120,107.894610648,128.261859784,1815.525540,865.313778,151.178424966,-33.930332673
30,path21849,cont30,121,108.090187999,129.060927899,1816.079934,863.048688,151.178540986,-33.930725998
30,path21849,cont30,122,108.207789998,129.607689351,1816.413295,861.498804,151.178610749,-33.930995130
30,path21849,cont30,123,108.356972663,130.422367882,1816.836178,859.189466,151.178699247,-33.931396138
30,path21849,cont30,124,108.366973913,130.478909340,1816.864528,859.029190,151.178705180,-33.931423969
30,path21849,cont30,125,108.520471931,131.303721413,1817.299643,856.691127,151.178796238,-33.931829965
30,path21849,cont30,126,108.660425930,131.880142655,1817.696364,855.057166,151.178879261,-33.932113696
30,path21849,cont30,127,108.816548615,132.580071397,1818.138918,853.073104,151.178971876,-33.932458222
30,path21849,cont30,128,108.915269947,132.999753475,1818.418759,851.883446,151.179030440,-33.932664801
30,path21849,cont30,129,108.976229946,133.259018680,1818.591560,851.148517,151.179066602,-33.932792419
30,path21849,cont30,130,109.234291297,134.453559498,1819.323076,847.762396,151.179219689,-33.933380407
30,path21849,cont30,131,109.319804630,134.695785537,1819.565475,847.075766,151.179270417,-33.933499638
30,path21849,cont30,132,109.386098629,134.848370743,1819.753395,846.643237,151.179309743,-33.933574745
30,path21849,cont30,133,109.831019311,135.792483439,1821.014585,843.966986,151.179573677,-33.934039466
30,path21849,cont30,134,110.059701329,136.391896974,1821.662817,842.267846,151.179709335,-33.934334515
30,path21849,cont30,135,110.296342013,137.021155507,1822.333609,840.484106,151.179849714,-33.934644255
30,path21849,cont30,136,110.514189344,137.677639666,1822.951129,838.623192,151.179978944,-33.934967396
30,path21849,cont30,137,110.658882029,138.088034869,1823.361282,837.459857,151.180064778,-33.935169405
30,path21849,cont30,138,110.737791362,138.273692992,1823.584961,836.933578,151.180111588,-33.935260792
30,path21849,cont30,139,110.922703359,138.740365069,1824.109121,835.610716,151.180221281,-33.935490502
30,path21849,cont30,140,111.452372728,139.252016313,1825.610538,834.160340,151.180535488,-33.935742354
30,path21849,cont30,141,111.935732076,139.784040472,1826.980684,832.652216,151.180822223,-33.936004235
30,path21849,cont30,142,112.304029425,140.092491719,1828.024671,831.777848,151.181040702,-33.936156065
30,path21849,cont30,143,112.611028109,140.361467132,1828.894899,831.015383,151.181222817,-33.936288465
30,path21849,cont30,144,113.036390791,140.211448384,1830.100642,831.440617,151.181475147,-33.936214624
30,path21849,cont30,145,114.032740174,139.783961097,1832.924915,832.652355,151.182066192,-33.936004211
30,path21849,cont30,146,114.192675506,139.676857765,1833.378271,832.955949,151.182161068,-33.935951493
30,path21849,cont30,147,114.299270838,139.562742975,1833.680428,833.279421,151.182224301,-33.935895323
30,path21849,cont30,148,114.553183522,138.342960907,1834.400167,836.737071,151.182374923,-33.935294915
30,path21849,cont30,149,114.590352188,138.087849661,1834.505524,837.460221,151.182396972,-33.935169342
30,path21849,cont30,150,114.613291563,137.772307581,1834.570546,838.354673,151.182410579,-33.935014024
30,path21849,cont30,151,114.709980895,136.804488218,1834.844618,841.098102,151.182467935,-33.934537637
30,path21849,cont30,152,114.738344228,136.391738224,1834.925014,842.268104,151.182484760,-33.934334471
30,path21849,cont30,153,114.751202978,135.937501563,1834.961461,843.555708,151.182492387,-33.934110883
30,path21849,cont30,154,114.775756311,135.174496156,1835.031055,845.718563,151.182506951,-33.933735311
30,path21849,cont30,155,114.789144227,134.695626787,1835.069001,847.075991,151.182514893,-33.933499598
30,path21849,cont30,156,114.803458186,134.188896793,1835.109572,848.512395,151.182523383,-33.933250172
30,path21849,cont30,157,114.819465477,133.522411385,1835.154942,850.401650,151.182532878,-33.932922110
30,path21849,cont30,158,114.834282144,132.999594725,1835.196938,851.883654,151.182541666,-33.932664765
30,path21849,cont30,159,114.866540143,132.429285357,1835.288373,853.500282,151.182560801,-33.932384044
30,path21849,cont30,160,114.834620810,131.841698698,1835.197890,855.165888,151.182541866,-33.932094817
30,path21849,cont30,161,114.873228810,131.303483288,1835.307325,856.691541,151.182564767,-33.931829893
30,path21849,cont30,162,115.013098141,130.585933297,1835.703797,858.725542,151.182647739,-33.931476696
30,path21849,cont30,163,115.025216058,130.337092675,1835.738145,859.430918,151.182654927,-33.931354210
30,path21849,cont30,164,115.231122743,129.607451226,1836.321808,861.499191,151.182777072,-33.930995062
30,path21849,cont30,165,115.263550076,128.880587902,1836.413722,863.559596,151.182796307,-33.930637281
30,path21849,cont30,166,115.293606742,128.607961238,1836.498920,864.332397,151.182814137,-33.930503086
30,path21849,cont30,167,115.328828075,127.911419164,1836.598754,866.306851,151.182835029,-33.930160230
30,path21849,cont30,168,115.527368760,127.449721253,1837.161539,867.615597,151.182952805,-33.929932971
30,path21849,cont30,169,115.986852108,126.764027095,1838.463997,869.559284,151.183225375,-33.929595456
30,path21849,cont30,170,116.433212123,127.462950419,1839.729265,867.578059,151.183490162,-33.929939489
30,path21849,cont30,171,116.982611471,127.911233955,1841.286609,866.307308,151.183816073,-33.930160150
30,path21849,cont30,172,117.256336155,128.332027283,1842.062519,865.114493,151.183978450,-33.930367278
30,path21849,cont30,173,117.675179504,128.527951239,1843.249784,864.559100,151.184226913,-33.930463720
30,path21849,cont30,174,117.994624187,129.286379355,1844.155295,862.409205,151.184416412,-33.930837042
30,path21849,cont30,175,118.178178872,129.607186642,1844.675606,861.499820,151.184525300,-33.930994953
30,path21849,cont30,176,118.605573554,130.368683924,1845.887115,859.341221,151.184778836,-33.931369786
30,path21849,cont30,177,118.927896904,130.865492043,1846.800785,857.932929,151.184970043,-33.931614331
30,path21849,cont30,178,119.202809568,131.303218704,1847.580062,856.692114,151.185133125,-33.931829794
30,path21849,cont30,179,119.261650254,131.405585995,1847.746854,856.401935,151.185168030,-33.931880182
30,path21849,cont30,180,119.363588920,131.564071409,1848.035813,855.952680,151.185228502,-33.931958194
30,path21849,cont30,181,119.900034267,132.460347440,1849.556441,853.412025,151.185546729,-33.932399369
30,path21849,cont30,182,120.237597617,132.999171391,1850.513310,851.884632,151.185746976,-33.932664595
30,path21849,cont30,183,120.574652967,133.478728677,1851.468739,850.525239,151.185946922,-33.932900649
30,path21849,cont30,184,121.052085649,134.240887417,1852.822087,848.364763,151.186230141,-33.933275808
30,path21849,cont30,185,121.322931666,134.423079498,1853.589835,847.848301,151.186390811,-33.933365490
30,path21849,cont30,186,121.718576348,134.695124078,1854.711341,847.077132,151.186625512,-33.933499400
30,path21849,cont30,187,122.354079049,135.083214907,1856.512755,845.977003,151.187002500,-33.933690434
30,path21849,cont30,188,122.740410398,135.334516154,1857.607862,845.264635,151.187231677,-33.933814134
30,path21849,cont30,189,123.557946429,135.516205526,1859.925271,844.749575,151.187716649,-33.933903572
30,path21849,cont30,190,123.602311762,135.525201359,1860.051030,844.724073,151.187742967,-33.933908001
30,path21849,cont30,191,124.428737793,135.718426565,1862.393639,844.176313,151.188233213,-33.934003117
30,path21849,cont30,192,125.021568494,135.795367398,1864.074092,843.958188,151.188584887,-33.934040994
30,path21849,cont30,193,125.559114508,135.830424689,1865.597834,843.858790,151.188903766,-33.934058254
30,path21849,cont30,194,126.116977876,135.895035938,1867.179167,843.675617,151.189234697,-33.934090061
30,path21849,cont30,195,126.523036559,135.982824687,1868.330192,843.426749,151.189475576,-33.934133276
30,path21849,cont30,196,127.697524606,136.282280100,1871.659427,842.577849,151.190172296,-33.934280685
30,path21849,cont30,197,127.805302626,136.307150933,1871.964937,842.507344,151.190236231,-33.934292927
30,path21849,cont30,198,127.858134625,136.337630933,1872.114697,842.420942,151.190267572,-33.934307931
30,path21849,cont30,199,127.928915958,136.390626974,1872.315335,842.270713,151.190309560,-33.934334018
30,path21849,cont30,200,129.018398673,136.867882384,1875.403614,840.917815,151.190955855,-33.934568944
30,path21849,cont30,201,129.493714688,137.157706964,1876.750958,840.096243,151.191237818,-33.934711606
30,path21849,cont30,202,129.998071369,137.579770292,1878.180623,838.899819,151.191537009,-33.934919361
30,path21849,cont30,203,130.476940738,138.086420911,1879.538042,837.463620,151.191821081,-33.935168752
30,path21849,cont30,204,130.941504086,138.328117782,1880.854906,836.778474,151.192096665,-33.935287725
30,path21849,cont30,205,131.182208771,138.438290281,1881.537214,836.466163,151.192239454,-33.935341957
30,path21849,cont30,206,131.640760786,138.546901738,1882.837038,836.158268,151.192511473,-33.935395421
30,path21849,cont30,207,132.220386133,138.739359652,1884.480060,835.612693,151.192855314,-33.935490159
30,path21849,cont30,208,132.870536166,138.859242359,1886.322992,835.272840,151.193240990,-33.935549173
30,path21849,cont30,209,133.632700198,138.851569443,1888.483441,835.294559,151.193693115,-33.935545401
30,path21849,cont30,210,133.770280884,138.878080692,1888.873431,835.219403,151.193774729,-33.935558452
30,path21849,cont30,211,134.558860916,138.872789026,1891.108759,835.234371,151.194242524,-33.935555853
30,path21849,cont30,212,135.311542281,138.841726943,1893.242328,835.322390,151.194689024,-33.935540569
30,path21849,cont30,213,135.485108946,138.850987359,1893.734325,835.296133,151.194791985,-33.935545128
30,path21849,cont30,214,136.247103645,138.824793610,1895.894294,835.370352,151.195244009,-33.935532240
30,path21849,cont30,215,137.003764343,138.845431109,1898.039143,835.311821,151.195692869,-33.935542404
30,path21849,cont30,216,137.186218362,138.837758193,1898.556332,835.333563,151.195801103,-33.935538628
30,path21849,cont30,217,137.935428394,138.861306109,1900.680061,835.266782,151.196245543,-33.935550225
30,path21849,cont30,218,138.708091093,138.861147359,1902.870270,835.267201,151.196703896,-33.935550152
30,path21849,cont30,219,138.906888424,138.805002776,1903.433785,835.426343,151.196821825,-33.935522518
30,path21849,cont30,220,139.623755790,138.804844026,1905.465835,835.426764,151.197247079,-33.935522445
30,path21849,cont30,221,140.359080489,139.041990065,1907.550207,834.754506,151.197683282,-33.935639180
30,path21849,cont30,222,140.595382506,139.780600889,1908.220039,832.660791,151.197823460,-33.936002746
30,path21849,cont30,223,139.950566473,140.108869427,1906.392230,831.730289,151.197440949,-33.936164324
30,path21849,cont30,224,139.624009790,140.232218175,1905.466565,831.380652,151.197247231,-33.936225037
30,path21849,cont30,225,139.011703110,140.396127548,1903.730907,830.916050,151.196884004,-33.936305714
30,path21849,cont30,226,138.624609760,140.473094839,1902.633643,830.697891,151.196654376,-33.936343596
30,path21849,cont30,227,137.935767061,140.695265461,1900.681034,830.068142,151.196245747,-33.936452950
30,path21849,cont30,228,137.346492360,140.885342125,1899.010663,829.529365,151.195896183,-33.936546506
30,path21849,cont30,229,136.483151662,141.477585451,1896.563420,827.850595,151.195384040,-33.936838019
30,path21849,cont30,230,136.365552310,141.596012950,1896.230071,827.514899,151.195314279,-33.936896311
30,path21849,cont30,231,136.247611645,141.694146907,1895.895754,827.236728,151.195244315,-33.936944615
30,path21849,cont30,232,135.524817612,142.447600856,1893.846909,825.100976,151.194815546,-33.937315480
30,path21849,cont30,233,134.820650246,143.174040846,1891.850864,823.041799,151.194397827,-33.937673049
30,path21849,cont30,234,134.811601496,143.427167718,1891.825216,822.324272,151.194392460,-33.937797645
30,path21849,cont30,235,134.884160828,144.544264996,1892.030903,819.157685,151.194435504,-33.938347511
30,path21849,cont30,236,134.874582912,144.870231658,1892.003755,818.233683,151.194429823,-33.938507961
30,path21849,cont30,237,134.864343537,145.176037071,1891.974733,817.366831,151.194423750,-33.938658486
30,path21849,cont30,238,134.831662204,146.293557682,1891.882101,814.199048,151.194404364,-33.939208560
30,path21849,cont30,239,134.822613454,146.566422470,1891.856453,813.425571,151.194398997,-33.939342872
30,path21849,cont30,240,134.782058121,146.789360384,1891.741496,812.793620,151.194374939,-33.939452608
30,path21849,cont30,241,134.560316124,147.578691833,1891.112946,810.556148,151.194243401,-33.939841137
30,path21849,cont30,242,134.454062105,148.155853909,1890.811760,808.920097,151.194180370,-33.940125231
30,path21849,cont30,243,134.410204772,148.262639741,1890.687442,808.617398,151.194154354,-33.940177793
30,path21849,cont30,244,134.301492773,148.522883904,1890.379286,807.879701,151.194089865,-33.940305892
30,path21849,cont30,245,134.025143423,149.421038476,1889.595945,805.333754,151.193925933,-33.940747986
30,path21849,cont30,246,133.694438073,149.958989303,1888.658524,803.808864,151.193729755,-33.941012778
30,path21849,cont30,247,133.483364075,150.572902003,1888.060212,802.068642,151.193604544,-33.941314961
30,path21849,cont30,248,132.958012707,151.569508032,1886.571046,799.243630,151.193292901,-33.941805514
30,path21849,cont30,249,132.919150707,151.655365323,1886.460887,799.000256,151.193269848,-33.941847775
30,path21849,cont30,250,132.913488624,151.696508031,1886.444837,798.883631,151.193266489,-33.941868027
30,path21849,cont30,251,132.872594625,151.867455320,1886.328919,798.399056,151.193242231,-33.941952171
30,path21849,cont30,252,132.597938607,153.075569263,1885.550381,794.974482,151.193079304,-33.942546836
30,path21849,cont30,253,132.491597275,153.351741343,1885.248945,794.191634,151.193016221,-33.942682775
30,path21849,cont30,254,132.488554567,153.737821338,1885.240323,793.097231,151.193014417,-33.942872814
30,path21849,cont30,255,132.529363900,154.702677368,1885.356009,790.362197,151.193038627,-33.943347743
30,path21849,cont30,256,132.526400566,155.048011530,1885.347612,789.383294,151.193036869,-33.943517726
30,path21849,cont30,257,132.591763232,155.330639443,1885.532892,788.582139,151.193075644,-33.943656843
30,path21849,cont30,258,132.873277250,156.393285472,1886.330887,785.569893,151.193242643,-33.944179909
30,path21849,cont30,259,132.945921249,156.671230260,1886.536807,784.782013,151.193285736,-33.944316722
30,path21849,cont30,260,132.965473957,156.744228800,1886.592232,784.575087,151.193297335,-33.944352654
30,path21849,cont30,261,133.021269289,156.892818799,1886.750392,784.153883,151.193330434,-33.944425794
30,path21849,cont30,262,133.416826659,157.894584203,1887.871656,781.314209,151.193565085,-33.944918893
30,path21849,cont30,263,133.609612657,158.440419612,1888.418136,779.766946,151.193679448,-33.945187570
30,path21849,cont30,264,133.878511341,159.127225020,1889.180367,777.820079,151.193838963,-33.945525636
30,path21849,cont30,265,134.018888673,159.590775015,1889.578288,776.506070,151.193922237,-33.945753809
30,path21849,cont30,266,134.206846024,160.136610424,1890.111080,774.958807,151.194033737,-33.946022486
30,path21849,cont30,267,134.292274690,160.408072921,1890.353240,774.189302,151.194084414,-33.946156107
30,path21849,cont30,268,134.562612707,161.493658324,1891.119555,771.112032,151.194244784,-33.946690464
30,path21849,cont30,269,134.632547373,161.762633737,1891.317795,770.349576,151.194286270,-33.946822862
30,path21849,cont30,270,134.648898623,161.832907070,1891.364146,770.150375,151.194295970,-33.946857452
30,path21849,cont30,271,134.680902623,161.951704985,1891.454866,769.813623,151.194314955,-33.946915928
30,path21849,cont30,272,134.994589973,163.095525179,1892.344060,766.571275,151.194501040,-33.947478950
30,path21849,cont30,273,135.109567305,163.529203715,1892.669980,765.341942,151.194569246,-33.947692419
30,path21849,cont30,274,135.375756656,164.345628496,1893.424533,763.027649,151.194727154,-33.948094288
30,path21849,cont30,275,135.392266655,164.392539121,1893.471333,762.894673,151.194736948,-33.948117379
30,path21849,cont30,276,135.643893340,165.225473902,1894.184606,760.533581,151.194886217,-33.948527374
30,path21849,cont30,277,135.757685338,165.721964521,1894.507167,759.126197,151.194953721,-33.948771761
30,path21849,cont30,278,135.934977336,166.603318051,1895.009730,756.627858,151.195058894,-33.949205588
30,path21849,cont30,279,136.004742668,166.921849922,1895.207491,755.724927,151.195100280,-33.949362379
30,path21849,cont30,280,136.043856022,167.130976586,1895.318364,755.132124,151.195123483,-33.949465317
30,path21849,cont30,281,136.252305353,168.366845321,1895.909248,751.628855,151.195247139,-33.950073647
30,path21849,cont30,282,136.291252019,168.579094068,1896.019649,751.027201,151.195270243,-33.950178122
30,path21849,cont30,283,136.297760769,168.618225943,1896.038099,750.916276,151.195274104,-33.950197384
30,path21849,cont30,284,136.305116186,168.671221984,1896.058949,750.766050,151.195278468,-33.950223470
30,path21849,cont30,285,136.514663537,170.051262174,1896.652947,746.854105,151.195402776,-33.950902765
30,path21849,cont30,286,136.550646870,170.314575505,1896.754948,746.107701,151.195424122,-33.951032375
30,path21849,cont30,287,136.599414869,170.662899458,1896.893190,745.120321,151.195453052,-33.951203830
30,path21849,cont30,288,136.720064868,171.541554239,1897.235194,742.629634,151.195524624,-33.951636329
30,path21849,cont30,289,136.786186888,172.010951525,1897.422628,741.299052,151.195563849,-33.951867380
30,path21849,cont30,290,136.881436887,172.642141517,1897.692631,739.509843,151.195620354,-33.952178069
30,path21849,cont30,291,136.940026219,173.017294220,1897.858712,738.446413,151.195655110,-33.952362730
30,path21849,cont30,292,137.042726885,173.707406920,1898.149835,736.490178,151.195716034,-33.952702423
30,path21849,cont30,293,137.127475571,174.525710243,1898.390071,734.170567,151.195766309,-33.953105215
30,path21849,cont30,294,137.132396821,174.590400867,1898.404022,733.987192,151.195769229,-33.953137058
30,path21849,cont30,295,137.212576153,175.403782940,1898.631306,731.681532,151.195816793,-33.953537427
30,path21849,cont30,296,137.294618152,176.054525641,1898.863869,729.836898,151.195865463,-33.953857741
30,path21849,cont30,297,137.357186818,176.512307718,1899.041231,728.539241,151.195902580,-33.954083075
30,path21849,cont30,298,137.432794150,177.100238336,1899.255553,726.872658,151.195947432,-33.954372471
30,path21849,cont30,299,137.503318837,177.541589788,1899.455467,725.621577,151.195989268,-33.954589716
30,path21849,cont30,300,137.622783502,178.475277902,1899.794111,722.974889,151.196060138,-33.955049304
30,path21849,cont30,301,137.671466835,178.796693731,1899.932113,722.063784,151.196089018,-33.955207514
30,path21849,cont30,302,137.705418168,179.035268520,1900.028354,721.387506,151.196109158,-33.955324947
30,path21849,cont30,303,137.886094186,180.435893294,1900.540512,717.417212,151.196216340,-33.956014375
30,path21849,cont30,304,137.894058145,180.493228501,1900.563088,717.254686,151.196221064,-33.956042597
30,path21849,cont30,305,137.900831478,180.535720584,1900.582288,717.134235,151.196225082,-33.956063512
30,path21849,cont30,306,137.943249477,180.846711830,1900.702529,716.252681,151.196250245,-33.956216591
30,path21849,cont30,307,138.120202808,182.012122024,1901.204134,712.949139,151.196355218,-33.956790239
30,path21849,cont30,308,138.145258850,182.189683897,1901.275159,712.445812,151.196370082,-33.956877640
30,path21849,cont30,309,138.182935516,182.430216602,1901.381960,711.763983,151.196392432,-33.956996037
30,path21849,cont30,310,138.352266201,183.475744089,1901.861957,708.800267,151.196492883,-33.957510676
30,path21849,cont30,311,138.415766201,183.886218667,1902.041958,707.636711,151.196530552,-33.957712723
30,path21849,cont30,312,138.521768866,184.466767410,1902.342440,705.991052,151.196593435,-33.957998486
30,path21849,cont30,313,138.607282198,184.916347404,1902.584842,704.716645,151.196644163,-33.958219782
30,path21849,cont30,314,138.726659551,185.582674062,1902.923236,702.827834,151.196714980,-33.958547767
30,path21849,cont30,315,138.884308882,186.334831553,1903.370118,700.695722,151.196808501,-33.958918001
30,path21849,cont30,316,138.932060882,186.575046758,1903.505479,700.014793,151.196836828,-33.959036241
30,path21849,cont30,317,139.077007567,187.279208832,1903.916354,698.018731,151.196922813,-33.959382850
30,path21849,cont30,318,139.186650899,187.727862785,1904.227154,696.746948,151.196987856,-33.959603691
30,path21849,cont30,319,139.416010250,188.757303605,1904.877309,693.828830,151.197123916,-33.960110411
30,path21849,cont30,320,139.467572250,188.975743603,1905.023470,693.209626,151.197154503,-33.960217934
30,path21849,cont30,321,139.502708916,189.107135684,1905.123070,692.837173,151.197175347,-33.960282609
30,path21849,cont30,322,139.633603581,189.646462344,1905.494111,691.308363,151.197252996,-33.960548081
30,path21849,cont30,323,139.854411599,190.450636917,1906.120025,689.028797,151.197383983,-33.960943920
30,path21849,cont30,324,139.913508932,190.672278373,1906.287545,688.400518,151.197419041,-33.961053018
30,path21849,cont30,325,140.029417597,191.069629618,1906.616106,687.274160,151.197487800,-33.961248606
30,path21849,cont30,326,140.235408949,191.764637109,1907.200019,685.304046,151.197609997,-33.961590709
30,path21849,cont30,327,140.409483613,192.368813143,1907.693459,683.591409,151.197713261,-33.961888102
30,path21849,cont30,328,140.618099631,193.077129176,1908.284813,681.583569,151.197837016,-33.962236756
30,path21849,cont30,329,140.726303630,193.465749171,1908.591533,680.481961,151.197901204,-33.962428047
30,path21849,cont30,330,140.898512982,194.065374372,1909.079686,678.782224,151.198003362,-33.962723200
30,path21849,cont30,331,140.996810981,194.393537076,1909.358326,677.851993,151.198061674,-33.962884731
30,path21849,cont30,332,141.323621664,195.514497270,1910.284720,674.674445,151.198255543,-33.963436501
30,path21849,cont30,333,141.383226997,195.702113310,1910.453680,674.142616,151.198290902,-33.963528851
30,path21849,cont30,334,141.401430330,195.761988517,1910.505280,673.972890,151.198301701,-33.963558323
30,path21849,cont30,335,141.437921663,195.876711849,1910.608720,673.647687,151.198323348,-33.963614794
30,path21849,cont30,336,141.793265012,196.987009335,1911.615993,670.500363,151.198534143,-33.964161315
30,path21849,cont30,337,141.942193677,197.458523288,1912.038153,669.163778,151.198622490,-33.964393408
30,path21849,cont30,338,142.198053695,198.277249944,1912.763426,666.842961,151.198774271,-33.964796410
30,path21849,cont30,339,142.223877028,198.362339943,1912.836626,666.601759,151.198789589,-33.964838293
30,path21849,cont30,340,142.468476379,199.155137433,1913.529979,664.354442,151.198934690,-33.965228532
30,path21849,cont30,341,142.588957044,199.581434094,1913.871500,663.146034,151.199006161,-33.965438367
30,path21849,cont30,342,142.896040394,200.733668038,1914.741974,659.879837,151.199188328,-33.966005531
30,path21849,cont30,343,142.928637060,200.851778036,1914.834374,659.545034,151.199207665,-33.966063668
30,path21849,cont30,344,142.946761019,200.918982202,1914.885749,659.354533,151.199218416,-33.966096748
30,path21849,cont30,345,143.013732351,201.174940116,1915.075590,658.628978,151.199258145,-33.966222738
30,path21849,cont30,346,143.316159035,202.244782811,1915.932864,655.596332,151.199437549,-33.966749346
30,path21849,cont30,347,143.399386367,202.548392182,1916.168784,654.735701,151.199486921,-33.966898791
30,path21849,cont30,348,143.540861719,203.077638217,1916.569817,653.235466,151.199570847,-33.967159302
30,path21849,cont30,349,143.679207051,203.576906960,1916.961978,651.820206,151.199652916,-33.967405056
30,path21849,cont30,350,143.853279070,204.245006327,1917.455412,649.926368,151.199756178,-33.967733914
30,path21849,cont30,351,144.020749734,204.930806318,1917.930133,647.982356,151.199855525,-33.968071485
30,path21849,cont30,352,144.114814400,205.350329646,1918.196774,646.793148,151.199911326,-33.968277987
30,path21849,cont30,353,144.254765752,205.941726306,1918.593488,645.116737,151.199994347,-33.968569089
30,path21849,cont30,354,144.327409751,206.319762968,1918.799409,644.045131,151.200037441,-33.968755170
30,path21849,cont30,355,144.535774415,207.469430453,1919.390053,640.786213,151.200161047,-33.969321069
30,path21849,cont30,356,144.567693748,207.638419826,1919.480533,640.307185,151.200179982,-33.969404251
30,path21849,cont30,357,144.582431040,207.760604408,1919.522309,639.960834,151.200188725,-33.969464393
30,path21849,cont30,358,144.704348392,208.863890436,1919.867907,636.833395,151.200261049,-33.970007462
30,path21849,cont30,359,144.755910392,209.283493139,1920.014069,635.643964,151.200291637,-33.970214002
30,path21849,cont30,360,144.761916433,209.335219180,1920.031094,635.497338,151.200295200,-33.970239463
30,path21849,cont30,361,144.767684350,209.398719179,1920.047444,635.317338,151.200298622,-33.970270719
30,path21849,cont30,362,144.895361681,210.840513119,1920.409372,631.230345,151.200374364,-33.970980411
30,path21849,cont30,363,144.913062306,211.031939158,1920.459548,630.687718,151.200384864,-33.971074636
30,path21849,cont30,364,144.943288306,211.271545822,1920.545229,630.008515,151.200402795,-33.971192577
30,path21849,cont30,365,145.076974325,212.355173308,1920.924186,626.936800,151.200482101,-33.971725969
30,path21849,cont30,366,145.124556991,212.728738512,1921.059068,625.877870,151.200510328,-33.971909849
30,path21849,cont30,367,145.142760324,213.168237881,1921.110671,624.632041,151.200521127,-33.972126182
30,path21849,cont30,368,145.154349074,213.974661413,1921.143526,622.346108,151.200528003,-33.972523126
30,path21849,cont30,369,145.174086990,214.425590782,1921.199479,621.067879,151.200539712,-33.972745086
30,path21849,cont30,370,145.133531658,214.855459318,1921.084523,619.849352,151.200515655,-33.972956679
30,path21849,cont30,371,144.982316993,215.844868681,1920.655893,617.044725,151.200425954,-33.973443692
30,path21849,cont30,372,144.953109639,216.122469511,1920.573103,616.257824,151.200408628,-33.973580335
30,path21849,cont30,373,144.927127556,216.344640133,1920.499455,615.628048,151.200393216,-33.973689693
30,path21849,cont30,374,144.706316892,217.730130740,1919.873550,611.700670,151.200262230,-33.974371668
30,path21849,cont30,375,144.694040226,217.807177406,1919.838750,611.482270,151.200254948,-33.974409592
30,path21849,cont30,376,144.691658976,217.819348239,1919.832001,611.447770,151.200253535,-33.974415583
30,path21849,cont30,377,144.690600642,217.835223239,1919.829001,611.402770,151.200252907,-33.974423397
30,path21849,cont30,378,144.595096644,219.404175928,1919.558294,606.955336,151.200196256,-33.975195678
30,path21849,cont30,379,144.587132685,219.516359260,1919.535720,606.637335,151.200191531,-33.975250898
30,path21849,cont30,380,144.590254769,219.633358008,1919.544571,606.305684,151.200193384,-33.975308488
30,path21849,cont30,381,144.644526101,221.150399447,1919.698420,602.005394,151.200225580,-33.976055217
30,path21849,cont30,382,144.646113601,221.213237988,1919.702921,601.827269,151.200226522,-33.976086148
30,path21849,cont30,383,144.649235685,221.271234654,1919.711771,601.662868,151.200228374,-33.976114696
30,path21849,cont30,384,144.707147684,222.061677353,1919.875935,599.422234,151.200262730,-33.976503774
30,path21849,cont30,385,144.766414350,222.850850051,1920.043940,597.185200,151.200297888,-33.976892227
30,path21849,cont30,386,144.772341016,222.910196092,1920.060740,597.016974,151.200301404,-33.976921438
30,path21849,cont30,387,144.783771016,222.986819424,1920.093140,596.799773,151.200308185,-33.976959155
30,path21849,cont30,388,144.947939681,224.365774824,1920.558507,592.890905,151.200405574,-33.977637915
30,path21849,cont30,389,144.986375701,224.607074821,1920.667460,592.206901,151.200428375,-33.977756690
30,path21849,cont30,390,145.054363034,224.955134191,1920.860181,591.220271,151.200468706,-33.977928015
30,path21849,cont30,391,145.192877699,225.816855639,1921.252824,588.777583,151.200550876,-33.978352179
30,path21849,cont30,392,145.296509697,226.303953549,1921.546586,587.396825,151.200612352,-33.978591942
30,path21849,cont30,393,145.461776383,227.060847081,1922.015060,585.251286,151.200710392,-33.978964507
30,path21849,cont30,394,145.489293049,227.216316246,1922.093061,584.810584,151.200726715,-33.979041034
30,path21849,cont30,395,145.679793047,228.000832278,1922.633062,582.586745,151.200839723,-33.979427195
30,path21849,cont30,396,145.802641733,228.598737687,1922.981296,580.891885,151.200912599,-33.979721502
30,path21849,cont30,397,145.995089063,229.293004345,1923.526817,578.923871,151.201026762,-33.980063240
30,path21849,cont30,398,146.088812416,229.697790381,1923.792491,577.776439,151.201082360,-33.980262488
30,path21849,cont30,399,146.127081749,229.970073086,1923.900972,577.004610,151.201105063,-33.980396513
30,path21849,cont30,400,146.398438413,231.168423905,1924.670175,573.607689,151.201266036,-33.980986376
30,path21849,cont30,401,146.440179079,231.352759111,1924.788495,573.085160,151.201290798,-33.981077111
30,path21849,cont30,402,146.452958454,231.394669110,1924.824720,572.966360,151.201298379,-33.981097740
30,path21849,cont30,403,146.461081162,231.457560568,1924.847745,572.788084,151.201303197,-33.981128697
30,path21849,cont30,404,146.539651827,232.950233882,1925.070474,568.556868,151.201349808,-33.981863432
30,path21849,cont30,405,146.561321202,233.091706589,1925.131900,568.155841,151.201362663,-33.981933069
30,path21849,cont30,406,146.551081827,233.244609295,1925.102876,567.722415,151.201356589,-33.982008332
30,path21849,cont30,407,146.399107808,234.152394700,1924.672093,565.149164,151.201266438,-33.982455168
30,path21849,cont30,408,146.314779809,234.703918652,1924.433059,563.585788,151.201216414,-33.982726643
30,path21849,cont30,409,146.295809185,234.788744067,1924.379285,563.345338,151.201205161,-33.982768396
30,path21849,cont30,410,146.208009852,234.980937398,1924.130408,562.800540,151.201153078,-33.982862998
30,path21849,cont30,411,145.800511837,235.884171970,1922.975311,560.240199,151.200911346,-33.983307592
30,path21849,cont30,412,145.519844486,236.486046129,1922.179728,558.534105,151.200744852,-33.983603849
30,path21849,cont30,413,145.221735802,236.999734664,1921.334706,557.077988,151.200568011,-33.983856698
30,path21849,cont30,414,144.710690455,237.987530069,1919.886091,554.277951,151.200264855,-33.984342915
30,path21849,cont30,415,144.670897122,238.143210900,1919.773293,553.836651,151.200241249,-33.984419545
30,path21849,cont30,416,144.664705872,238.183348191,1919.755743,553.722876,151.200237577,-33.984439301
30,path21849,cont30,417,144.657429830,238.236952774,1919.735119,553.570926,151.200233260,-33.984465687
30,path21849,cont30,418,144.392087146,239.560028174,1918.982981,549.820476,151.200075858,-33.985116939
30,path21849,cont30,419,144.354833813,239.880491503,1918.877384,548.912075,151.200053759,-33.985274679
30,path21849,cont30,420,144.321390480,240.272154206,1918.782588,547.801848,151.200033921,-33.985467466
30,path21849,cont30,421,144.219197815,241.083075655,1918.492916,545.503170,151.199973300,-33.985866623
30,path21849,cont30,422,144.180592461,241.577608357,1918.383487,544.101343,151.199950400,-33.986110046
30,path21849,cont30,423,144.137666462,242.154267724,1918.261812,542.466715,151.199924937,-33.986393893
30,path21849,cont30,424,144.098465796,242.658722301,1918.150697,541.036762,151.199901683,-33.986642199
30,path21849,cont30,425,144.052915130,243.274751669,1918.021582,539.290534,151.199874663,-33.986945425
30,path21849,cont30,426,143.994579797,243.995608951,1917.856229,537.247155,151.199840059,-33.987300250
30,path21849,cont30,427,143.980689172,244.237147073,1917.816856,536.562479,151.199831819,-33.987419142
30,path21849,cont30,428,143.918035840,244.971974356,1917.639262,534.479500,151.199794653,-33.987780844
30,path21849,cont30,429,143.839129153,245.791706429,1917.415597,532.155846,151.199747846,-33.988184338
30,path21849,cont30,430,143.826852487,245.861715178,1917.380798,531.957396,151.199740564,-33.988218798
30,path21849,cont30,431,143.736936488,246.669170584,1917.125925,529.668543,151.199687226,-33.988616249
30,path21849,cont30,432,143.648205822,247.296815160,1916.874412,527.889392,151.199634590,-33.988925192
30,path21849,cont30,433,143.487339158,247.900567860,1916.418419,526.177968,151.199539163,-33.989222374
30,path21849,cont30,434,143.405130471,248.366472646,1916.185392,524.857293,151.199490397,-33.989451705
30,path21849,cont30,435,143.337735805,248.681855976,1915.994356,523.963293,151.199450418,-33.989606945
30,path21849,cont30,436,143.023879122,249.414725341,1915.104695,521.885875,151.199264236,-33.989967681
30,path21849,cont30,437,142.593775106,248.798616599,1913.885507,523.632347,151.199009092,-33.989664412
30,path21849,cont30,438,142.010085759,248.366737230,1912.230964,524.856600,151.198662840,-33.989451825
30,path21849,cont30,439,141.633660410,248.066011817,1911.163937,525.709068,151.198439540,-33.989303797
30,path21849,cont30,440,141.334197060,247.970841193,1910.315070,525.978856,151.198261895,-33.989256950
30,path21849,cont30,441,140.964883710,247.040619121,1909.268199,528.615729,151.198042812,-33.988799066
30,path21849,cont30,442,140.790557692,246.669779126,1908.774047,529.666939,151.197939399,-33.988616527
30,path21849,cont30,443,140.426663009,245.884072469,1907.742537,531.894161,151.197723532,-33.988229778
30,path21849,cont30,444,140.253181011,245.584352473,1907.250778,532.743770,151.197620620,-33.988082247
30,path21849,cont30,445,139.921205661,244.972821022,1906.309748,534.477264,151.197423687,-33.987781232
30,path21849,cont30,446,139.826378995,244.789861650,1906.040949,534.995894,151.197367435,-33.987691174
30,path21849,cont30,447,139.644178977,244.532051653,1905.524478,535.726704,151.197259351,-33.987564271
30,path21849,cont30,448,139.295185627,243.626277081,1904.535207,538.294276,151.197052323,-33.987118422
30,path21849,cont30,449,139.157686962,243.275862919,1904.145447,539.287584,151.196970757,-33.986945937
30,path21849,cont30,450,138.831214945,242.459491054,1903.220016,541.601730,151.196777088,-33.986544094
30,path21849,cont30,451,138.813090987,242.413268346,1903.168641,541.732756,151.196766337,-33.986521342
30,path21849,cont30,452,138.470786304,241.578798982,1902.198330,544.098202,151.196563277,-33.986110591
30,path21849,cont30,453,138.320079639,241.211345653,1901.771130,545.139811,151.196473875,-33.985929719
30,path21849,cont30,454,137.954152956,240.414632330,1900.733860,547.398233,151.196256802,-33.985537553
30,path21849,cont30,455,137.785414938,240.051253584,1900.255548,548.428293,151.196156704,-33.985358686
30,path21849,cont30,456,137.712686272,239.881840878,1900.049388,548.908522,151.196113560,-33.985275296
30,path21849,cont30,457,137.523625608,239.449538175,1899.513469,550.133958,151.196001407,-33.985062504
30,path21849,cont30,458,137.266072257,238.875762766,1898.783398,551.760424,151.195848622,-33.984780074
30,path21849,cont30,459,136.976176240,238.184882774,1897.961647,553.718841,151.195676651,-33.984440002
30,path21849,cont30,460,136.761546242,237.685428822,1897.353248,555.134629,151.195549330,-33.984194155
30,path21849,cont30,461,136.292328873,236.516208629,1896.023184,558.448983,151.195270983,-33.983618630
30,path21849,cont30,462,136.275818873,236.476150713,1895.976384,558.562534,151.195261189,-33.983598912
30,path21849,cont30,463,136.264124290,236.445511963,1895.943234,558.649385,151.195254251,-33.983583831
30,path21849,cont30,464,135.684752943,235.372785310,1894.300926,561.690218,151.194910560,-33.983055801
30,path21849,cont30,465,135.396973593,234.791045942,1893.485176,563.339260,151.194739845,-33.982769451
30,path21849,cont30,466,135.125196242,234.237828658,1892.714785,564.907450,151.194578623,-33.982497141
30,path21849,cont30,467,134.669268894,233.189417212,1891.422394,567.879353,151.194308160,-33.981981081
30,path21849,cont30,468,134.625834894,233.094087839,1891.299275,568.149580,151.194282394,-33.981934157
30,path21849,cont30,469,134.609404269,233.058845339,1891.252700,568.249481,151.194272647,-33.981916809
30,path21849,cont30,470,134.574352270,232.972829298,1891.153340,568.493308,151.194251854,-33.981874469
30,path21849,cont30,471,133.969244902,232.004930561,1889.438081,571.236991,151.193892896,-33.981398039
30,path21849,cont30,472,133.350167535,230.929769741,1887.683221,574.284726,151.193525650,-33.980868811
30,path21849,cont30,473,132.884672854,230.050506419,1886.363712,576.777152,151.193249512,-33.980436010
30,path21849,cont30,474,132.739638855,229.845957046,1885.952594,577.356985,151.193163476,-33.980335324
30,path21849,cont30,475,132.645915502,229.700330381,1885.686922,577.769790,151.193107878,-33.980263642
30,path21849,cont30,476,132.219113487,229.031966431,1884.477094,579.664388,151.192854693,-33.979934652
30,path21849,cont30,477,132.077974155,228.813605809,1884.077015,580.283371,151.192770967,-33.979827168
30,path21849,cont30,478,131.582253474,228.003531028,1882.671827,582.579673,151.192476899,-33.979428423
30,path21849,cont30,479,131.436460122,227.761119781,1882.258556,583.266831,151.192390412,-33.979309101
30,path21849,cont30,480,131.195075458,227.336966244,1881.574318,584.469169,151.192247219,-33.979100319
30,path21849,cont30,481,130.766413422,226.737261669,1880.359218,586.169142,151.191992931,-33.978805125
30,path21849,cont30,482,130.485912759,226.306731674,1879.564101,587.389557,151.191826534,-33.978593204
30,path21849,cont30,483,130.093739410,225.715943557,1878.452432,589.064253,151.191593891,-33.978302400
30,path21849,cont30,484,129.505565375,224.773100860,1876.785173,591.736910,151.191244978,-33.977838302
30,path21849,cont30,485,129.429788710,224.685973570,1876.570374,591.983889,151.191200027,-33.977795415
30,path21849,cont30,486,129.371453377,224.609852945,1876.405014,592.199667,151.191165421,-33.977757946
30,path21849,cont30,487,128.737644010,223.838645455,1874.608397,594.385799,151.190789437,-33.977378332
30,path21849,cont30,488,128.667963344,223.754402123,1874.410878,594.624603,151.190748102,-33.977336865
30,path21849,cont30,489,128.017897977,222.913159425,1872.568181,597.009261,151.190362474,-33.976922778
30,path21849,cont30,490,127.920531312,222.808331510,1872.292182,597.306416,151.190304715,-33.976871178
30,path21849,cont30,491,127.816137313,222.697682761,1871.996263,597.620072,151.190242787,-33.976816713
30,path21849,cont30,492,127.172675946,222.266808808,1870.172289,598.841477,151.189861078,-33.976604620
30,path21849,cont30,493,126.927991929,222.108561519,1869.478700,599.290063,151.189715928,-33.976526725
30,path21849,cont30,494,126.126881230,221.494066735,1867.207848,601.031976,151.189240699,-33.976224248
30,path21849,cont30,495,125.893034546,221.451389444,1866.544980,601.152961,151.189101978,-33.976203239
30,path21849,cont30,496,125.282336533,221.216518822,1864.813878,601.818763,151.188739705,-33.976087625
30,path21849,cont30,497,124.640399166,221.013001324,1862.994225,602.395691,151.188358900,-33.975987444
30,path21849,cont30,498,124.437709814,220.884651951,1862.419676,602.759525,151.188238662,-33.975924265
30,path21849,cont30,499,124.188535817,220.966249450,1861.713362,602.528235,151.188090849,-33.975964428
30,path21849,cont30,500,123.874763800,221.216704030,1860.823938,601.818296,151.187904716,-33.976087706
30,path21849,cont30,501,123.301575766,221.772117356,1859.199169,600.243914,151.187564695,-33.976361092
30,path21849,cont30,502,122.829223084,222.832964218,1857.860234,597.236800,151.187284492,-33.976883267
30,path21849,cont30,503,122.783333752,222.913741509,1857.730155,597.007826,151.187257270,-33.976923027
30,path21849,cont30,504,122.773676460,222.938612342,1857.702781,596.937326,151.187251541,-33.976935269
30,path21849,cont30,505,122.748858544,223.125725673,1857.632433,596.406926,151.187236819,-33.977027371
30,path21849,cont30,506,122.667155212,224.528387738,1857.400844,592.430867,151.187188354,-33.977717799
30,path21849,cont30,507,122.669801045,224.610593779,1857.408345,592.197842,151.187189923,-33.977758263
30,path21849,cont30,508,122.675886461,224.684095028,1857.425595,591.989491,151.187193533,-33.977794443
30,path21849,cont30,509,122.666652503,226.224499175,1857.399431,587.622978,151.187188058,-33.978552672
30,path21849,cont30,510,122.672499795,226.307551882,1857.416007,587.387552,151.187191527,-33.978593553
30,path21849,cont30,511,122.679775836,226.377322507,1857.436632,587.189776,151.187195843,-33.978627896
30,path21849,cont30,512,122.740058502,227.995037903,1857.607522,582.604110,151.187231606,-33.979424180
30,path21849,cont30,513,122.741646002,228.012235819,1857.612022,582.555360,151.187232548,-33.979432645
30,path21849,cont30,514,122.749345377,228.125768526,1857.633848,582.233534,151.187237115,-33.979488529
30,path21849,cont30,515,122.910889375,229.539278508,1858.091775,578.226715,151.187332947,-33.980184299
30,path21849,cont30,516,122.914620000,229.701494548,1858.102351,577.766889,151.187335160,-33.980264146
30,path21849,cont30,517,122.924436042,229.877257254,1858.130177,577.268662,151.187340984,-33.980350661
30,path21849,cont30,518,123.073870061,231.072750572,1858.553775,573.879846,151.187429631,-33.980939117
30,path21849,cont30,519,123.089692144,231.398452652,1858.598627,572.956593,151.187439018,-33.981099436
30,path21849,cont30,520,123.122373477,231.772917439,1858.691269,571.895113,151.187458405,-33.981283758
30,path21849,cont30,521,123.242600142,232.600375345,1859.032072,569.549551,151.187529726,-33.981691057
30,path21849,cont30,522,123.280700141,233.095490130,1859.140075,568.146071,151.187552328,-33.981934766
30,path21849,cont30,523,123.339710161,233.688156789,1859.307350,566.466063,151.187587335,-33.982226493
30,path21849,cont30,524,123.402956161,234.136387409,1859.486632,565.195482,151.187624854,-33.982447125
30,path21849,cont30,525,123.462561493,234.792554067,1859.655595,563.335474,151.187660213,-33.982770109
30,path21849,cont30,526,123.543248825,235.589426140,1859.884319,561.076614,151.187708079,-33.983162351
30,path21849,cont30,527,123.554837575,235.681104264,1859.917170,560.816738,151.187714954,-33.983207478
30,path21849,cont30,528,123.632138241,236.489591546,1860.136294,558.524953,151.187760811,-33.983605438
30,path21849,cont30,529,123.704694928,237.227805495,1860.341970,556.432369,151.187803853,-33.983968808
30,path21849,cont30,530,123.725861594,237.469687575,1860.401971,555.746716,151.187816410,-33.984087869
30,path21849,cont30,531,123.794864926,238.186629024,1860.597575,553.714432,151.187857345,-33.984440768
30,path21849,cont30,532,123.850406259,238.778528392,1860.755018,552.036600,151.187890293,-33.984732117
30,path21849,cont30,533,123.915599592,239.357225051,1860.939821,550.396192,151.187928967,-33.985016968
30,path21849,cont30,534,123.966738258,239.883772336,1861.084784,548.903611,151.187959304,-33.985276149
30,path21849,cont30,535,124.002806257,240.322689623,1861.187026,547.659431,151.187980701,-33.985492197
30,path21849,cont30,536,124.125316276,241.264844402,1861.534303,544.988743,151.188053377,-33.985955952
30,path21849,cont30,537,124.153764276,241.580809815,1861.614944,544.093089,151.188070253,-33.986111479
30,path21849,cont30,538,124.171385526,241.850658353,1861.664896,543.328161,151.188080706,-33.986244306
30,path21849,cont30,539,124.349354857,243.186857086,1862.169382,539.540492,151.188186282,-33.986902021
30,path21849,cont30,540,124.356207565,243.277953127,1862.188807,539.282266,151.188190347,-33.986946861
30,path21849,cont30,541,124.359435482,243.358968543,1862.197958,539.052616,151.188192262,-33.986986739
30,path21849,cont30,542,124.440207481,243.992539785,1862.426920,537.256657,151.188240178,-33.987298600
30,path21849,cont30,543,124.528342834,244.886593315,1862.676757,534.722321,151.188292462,-33.987738679
30,path21849,cont30,544,124.537576792,244.975069981,1862.702933,534.471520,151.188297940,-33.987782229
30,path21849,cont30,545,124.548080750,245.083284563,1862.732708,534.164768,151.188304171,-33.987835496
30,path21849,cont30,546,124.651120082,246.460546629,1863.024796,530.260703,151.188365297,-33.988513422
30,path21849,cont30,547,124.672551332,246.672213293,1863.085547,529.660700,151.188378011,-33.988617611
30,path21849,cont30,548,124.694141332,246.927059956,1863.146748,528.938297,151.188390819,-33.988743053
30,path21849,cont30,549,124.746126664,248.062519317,1863.294115,525.719660,151.188421659,-33.989301958
30,path21849,cont30,550,124.774489997,248.369330146,1863.374517,524.849957,151.188438485,-33.989452979
30,path21849,cont30,551,124.798117289,248.728396183,1863.441494,523.832128,151.188452501,-33.989629721
30,path21849,cont30,552,124.810393955,249.695289504,1863.476301,521.091319,151.188459785,-33.990105653
30,path21849,cont30,553,124.837653976,250.066552833,1863.553575,520.038915,151.188475957,-33.990288399
30,path21849,cont30,554,124.855777934,250.483456786,1863.604953,518.857136,151.188486709,-33.990493610
30,path21849,cont30,555,124.830377934,251.372615525,1863.532960,516.336679,151.188471642,-33.990931279
30,path21849,cont30,556,124.850195226,251.763775520,1863.589137,515.227875,151.188483399,-33.991123818
30,path21849,cont30,557,124.856703976,252.181340931,1863.607590,514.044221,151.188487261,-33.991329356
30,path21849,cont30,558,124.785332622,253.115293628,1863.405285,511.396792,151.188444924,-33.991789072
30,path21849,cont30,559,124.791841372,253.460998207,1863.423738,510.416838,151.188448785,-33.991959237
30,path21849,cont30,560,124.782263456,253.803554244,1863.396590,509.445811,151.188443104,-33.992127853
30,path21849,cont30,561,124.624529458,254.974309021,1862.949482,506.127133,151.188349536,-33.992704129
30,path21849,cont30,562,124.618179458,255.158300269,1862.931483,505.605581,151.188345769,-33.992794695
30,path21849,cont30,563,124.603098208,255.320754434,1862.888735,505.145081,151.188336823,-33.992874659
30,path21849,cont30,564,124.441472189,256.006898383,1862.430591,503.200106,151.188240946,-33.993212397
30,path21849,cont30,565,123.867688842,255.734774428,1860.804128,503.971507,151.187900571,-33.993078446
30,path21849,cont30,566,123.325742807,255.734774428,1859.267915,503.971529,151.187579082,-33.993078442
30,path21849,cont30,567,122.751959460,255.594836305,1857.641453,504.368229,151.187238707,-33.993009556
30,path21849,cont30,568,122.623096795,255.287840267,1857.276174,505.238462,151.187162263,-33.992858444
30,path21849,cont30,569,122.559514775,255.158379644,1857.095942,505.605441,151.187124546,-33.992794719
30,path21849,cont30,570,122.385524778,254.790423607,1856.602743,506.648476,151.187021332,-33.992613600
30,path21849,cont30,571,122.095290094,254.120789657,1855.780031,508.546668,151.186849161,-33.992283986
30,path21849,cont30,572,121.733173411,253.461236332,1854.753562,510.416289,151.186634348,-33.991959333
30,path21849,cont30,573,121.500932747,253.020652171,1854.095244,511.665202,151.186496579,-33.991742464
30,path21849,cont30,574,121.062280044,252.395626970,1852.851823,513.436950,151.186236365,-33.991434806
30,path21849,cont30,575,120.891168713,251.935992810,1852.366784,514.739861,151.186134859,-33.991208560
30,path21849,cont30,576,120.827160714,251.764119478,1852.185344,515.227065,151.186096888,-33.991123959
30,path21849,cont30,577,120.681452028,251.381664275,1851.772312,516.311199,151.186010451,-33.990935703
30,path21849,cont30,578,120.427282698,250.704674908,1851.051832,518.230240,151.185859674,-33.990602469
30,path21849,cont30,579,120.179974014,250.066976166,1850.350800,520.037906,151.185712967,-33.990288574
30,path21849,cont30,580,119.955609996,249.481347424,1849.714808,521.697970,151.185579871,-33.990000310
30,path21849,cont30,581,119.561743313,248.559830144,1848.598337,524.310169,151.185346223,-33.989546711
30,path21849,cont30,582,119.484103981,248.369859313,1848.378258,524.848674,151.185300166,-33.989453202
30,path21849,cont30,583,119.451676648,248.290352022,1848.286338,525.074051,151.185280930,-33.989414066
30,path21849,cont30,584,119.372513316,248.122288691,1848.061938,525.550455,151.185233969,-33.989331340
30,path21849,cont30,585,118.972127300,247.074882662,1846.926987,528.519505,151.184996454,-33.988815775
30,path21849,cont30,586,118.835477947,246.672636626,1846.539634,529.659739,151.184915391,-33.988617778
30,path21849,cont30,587,118.537874618,245.834277886,1845.696034,532.036209,151.184738848,-33.988205112
30,path21849,cont30,588,118.532371284,245.819461220,1845.680434,532.078209,151.184735584,-33.988197819
30,path21849,cont30,589,118.246115934,244.975599147,1844.869002,534.470278,151.184565772,-33.987782445
30,path21849,cont30,590,118.101761915,244.554911653,1844.459810,535.662787,151.184480139,-33.987575370
30,path21849,cont30,591,117.682833899,243.278561669,1843.272297,539.280815,151.184231624,-33.986947113
30,path21849,cont30,592,117.182202551,242.084258975,1841.853186,542.666271,151.183934642,-33.986359241
30,path21849,cont30,593,117.007027220,241.581418357,1841.356626,544.091657,151.183830725,-33.986111728
30,path21849,cont30,594,116.732794536,240.838653574,1840.579274,546.197149,151.183668046,-33.985746116
30,path21849,cont30,595,116.642370537,240.536393578,1840.322954,547.053956,151.183614405,-33.985597335
30,path21849,cont30,596,116.425203186,239.884380878,1839.707361,548.902195,151.183485578,-33.985276395
30,path21849,cont30,597,116.309717854,239.566536924,1839.380002,549.803177,151.183417070,-33.985119943
30,path21849,cont30,598,115.993236504,238.542520062,1838.482888,552.705924,151.183229328,-33.984615891
30,path21849,cont30,599,115.868607172,238.312464856,1838.129609,553.358056,151.183155397,-33.984502651
30,path21849,cont30,600,115.812221819,238.187343399,1837.969777,553.712734,151.183121948,-33.984441062
30,path21849,cont30,601,115.639671154,237.832166737,1837.480658,554.719544,151.183019588,-33.984266233
30,path21849,cont30,602,115.304986471,237.181662162,1836.531948,556.563513,151.182821049,-33.983946035
30,path21849,cont30,603,115.004761121,236.490279462,1835.680917,558.523357,151.182642950,-33.983605715
30,path21849,cont30,604,114.786490457,236.005483427,1835.062198,559.897595,151.182513469,-33.983367084
30,path21849,cont30,605,114.357913087,234.847587400,1833.847334,563.179847,151.182259230,-33.982797133
30,path21849,cont30,606,114.335979129,234.793241984,1833.785159,563.333898,151.182246219,-33.982770382
30,path21849,cont30,607,114.326507046,234.770487817,1833.758309,563.398399,151.182240600,-33.982759182
30,path21849,cont30,608,114.303805796,234.701563860,1833.693959,563.593775,151.182227133,-33.982725256
30,path21849,cont30,609,113.703521783,233.699295748,1831.992372,566.434883,151.181871036,-33.982231907
30,path21849,cont30,610,113.394152433,233.096310339,1831.115422,568.144151,151.181687514,-33.981935099
30,path21849,cont30,611,113.136937748,232.571456387,1830.386311,569.631941,151.181534930,-33.981676750
30,path21849,cont30,612,112.696843066,231.482060984,1829.138800,572.720018,151.181273859,-33.981140517
30,path21849,cont30,613,112.660775067,231.399272860,1829.036560,572.954695,151.181252463,-33.981099766
30,path21849,cont30,614,112.645958400,231.367602235,1828.994560,573.044471,151.181243674,-33.981084177
30,path21849,cont30,615,112.614462401,231.282247653,1828.905280,573.286423,151.181224990,-33.981042162
30,path21849,cont30,616,112.058207699,230.261008916,1827.328499,576.181304,151.180895011,-33.980539477
30,path21849,cont30,617,111.785157703,229.702288298,1826.554501,577.765095,151.180733034,-33.980264457
30,path21849,cont30,618,111.481630352,229.143250180,1825.694111,579.349787,151.180552977,-33.979989281
30,path21849,cont30,619,110.925121651,228.005330194,1824.116610,582.575420,151.180222848,-33.979429162
30,path21849,cont30,620,110.394772304,226.841190001,1822.613260,585.875376,151.179908237,-33.978856136
30,path21849,cont30,621,110.164989619,226.308372091,1821.961909,587.385740,151.179771927,-33.978593867
30,path21849,cont30,622,109.865780269,225.675568140,1821.113758,589.179533,151.179594431,-33.978282382
30,path21849,cont30,623,109.529738273,224.906556692,1820.161199,591.359428,151.179395086,-33.977903851
30,path21849,cont30,624,109.396814254,224.611413987,1819.784408,592.196061,151.179316233,-33.977758573
30,path21849,cont30,625,109.344913588,224.501929405,1819.637288,592.506414,151.179285445,-33.977704681
30,path21849,cont30,626,109.235947589,224.247770658,1819.328408,593.226870,151.179220805,-33.977579576
30,path21849,cont30,627,108.871544906,223.280454004,1818.295457,595.968894,151.179004636,-33.977103434
30,path21849,cont30,628,108.740398887,222.914455884,1817.923704,597.006377,151.178926838,-33.976923279
30,path21849,cont30,629,108.410114224,222.084881311,1816.987465,599.357947,151.178730908,-33.976514937
30,path21849,cont30,630,108.399186933,222.058052561,1816.956490,599.433998,151.178724426,-33.976501731
30,path21849,cont30,631,108.073220270,221.217577155,1816.032491,601.816469,151.178531057,-33.976088024
30,path21849,cont30,632,107.918706251,220.843932576,1815.594499,602.875628,151.178439397,-33.975904104
30,path21849,cont30,633,107.546768235,219.860026547,1814.540188,605.664676,151.178218758,-33.975419796
30,path21849,cont30,634,107.463625570,219.604095092,1814.304507,606.390157,151.178169436,-33.975293819
30,path21849,cont30,635,107.437802237,219.520619051,1814.231307,606.626784,151.178154117,-33.975252730
30,path21849,cont30,636,107.377858237,219.350941762,1814.061387,607.107763,151.178118557,-33.975169210
30,path21849,cont30,637,107.014048221,218.358913024,1813.030116,609.919836,151.177902740,-33.974680903
30,path21849,cont30,638,106.832779536,217.823740323,1812.516283,611.436873,151.177795208,-33.974417475
30,path21849,cont30,639,106.571498206,217.106534290,1811.775643,613.469914,151.177640212,-33.974064445
30,path21849,cont30,640,106.441791520,216.713760337,1811.407971,614.583298,151.177563268,-33.973871110
30,path21849,cont30,641,106.238506856,216.126861594,1810.831731,616.246961,151.177442676,-33.973582221
30,path21849,cont30,642,106.146476836,215.836693056,1810.570858,617.069493,151.177388083,-33.973439391
30,path21849,cont30,643,105.857678840,214.867868277,1809.752217,619.815787,151.177216763,-33.972962507
30,path21849,cont30,644,105.763193487,214.524888906,1809.484384,620.788019,151.177160712,-33.972793683
30,path21849,cont30,645,105.738058071,214.429982865,1809.413134,621.057046,151.177145802,-33.972746967
30,path21849,cont30,646,105.704106738,214.275704326,1809.316894,621.494374,151.177125661,-33.972671027
30,path21849,cont30,647,105.447482074,213.145245590,1808.589451,624.698844,151.176973427,-33.972114582
30,path21849,cont30,648,105.358330721,212.733104137,1808.336738,625.867126,151.176920540,-33.971911714
30,path21849,cont30,649,105.212450056,212.084901437,1807.923216,627.704562,151.176834001,-33.971592650
30,path21849,cont30,650,105.138959391,211.758352691,1807.714895,628.630218,151.176790405,-33.971431914
30,path21849,cont30,651,104.976486705,211.036304783,1807.254341,630.676981,151.176694024,-33.971076501
30,path21849,cont30,652,104.809270041,210.392679375,1806.780340,632.501443,151.176594828,-33.970759689
30,path21849,cont30,653,104.665424022,209.838536048,1806.372587,634.072253,151.176509496,-33.970486924
30,path21849,cont30,654,104.535799357,209.339426055,1806.005146,635.487063,151.176432600,-33.970241247
30,path21849,cont30,655,104.445544691,209.061296058,1805.749306,636.275469,151.176379060,-33.970104343
30,path21849,cont30,656,104.168687340,208.251803360,1804.964513,638.570112,151.176214824,-33.969705887
30,path21849,cont30,657,104.012646676,207.799445241,1804.522193,639.852397,151.176122258,-33.969483223
30,path21849,cont30,658,103.957613343,207.642626701,1804.366193,640.296926,151.176089611,-33.969406032
30,path21849,cont30,659,103.784218658,207.256387956,1803.874682,641.391786,151.175986751,-33.969215914
30,path21849,cont30,660,103.491105307,206.626573797,1803.043811,643.177103,151.175812872,-33.968905900
30,path21849,cont30,661,103.203577311,205.945853806,1802.228772,645.106721,151.175642306,-33.968570829
30,path21849,cont30,662,102.965073960,205.458332562,1801.552701,646.488685,151.175500822,-33.968330856
30,path21849,cont30,663,102.522269944,204.291731743,1800.297510,649.795613,151.175238144,-33.967756620
30,path21849,cont30,664,102.504331195,204.249054452,1800.246660,649.916589,151.175227502,-33.967735613
30,path21849,cont30,665,102.497399111,204.231327369,1800.227010,649.966839,151.175223390,-33.967726887
30,path21849,cont30,666,102.479883695,204.166239870,1800.177360,650.151340,151.175213000,-33.967694849
30,path21849,cont30,667,102.127588345,202.906055927,1799.178726,653.723540,151.175004012,-33.967074549
30,path21849,cont30,668,102.046480325,202.552228640,1798.948812,654.726522,151.174955897,-33.966900385
30,path21849,cont30,669,101.902123661,201.971759272,1798.539611,656.371957,151.174870262,-33.966614661
30,path21849,cont30,670,101.792141662,201.546415111,1798.227850,657.577666,151.174805019,-33.966405294
30,path21849,cont30,671,101.624588977,200.855455745,1797.752896,659.536303,151.174705624,-33.966065184
30,path21849,cont30,672,101.411821646,200.231806378,1797.149777,661.304142,151.174579407,-33.965758205
30,path21849,cont30,673,101.215143628,199.584873677,1796.592264,663.137981,151.174462734,-33.965439766
30,path21849,cont30,674,101.077644963,199.158735766,1796.202503,664.345940,151.174381168,-33.965230008
30,path21849,cont30,675,101.014652963,198.934130977,1796.023943,664.982619,151.174343800,-33.965119451
30,path21849,cont30,676,100.791050945,197.999993072,1795.390109,667.630586,151.174211155,-33.964659641
30,path21849,cont30,677,100.677004947,197.576580369,1795.066828,668.830819,151.174143501,-33.964451225
30,path21849,cont30,678,100.649488281,197.462042246,1794.988828,669.155497,151.174127178,-33.964394846
30,path21849,cont30,679,100.612658281,197.282707665,1794.884427,669.663850,151.174105329,-33.964306572
30,path21849,cont30,680,100.375594263,196.182808304,1794.212432,672.781693,151.173964699,-33.963765170
30,path21849,cont30,681,100.291943598,195.765322267,1793.975311,673.965125,151.173915076,-33.963559672
30,path21849,cont30,682,100.178238912,195.149557483,1793.652996,675.710610,151.173847624,-33.963256574
30,path21849,cont30,683,100.104917579,194.758053530,1793.445155,676.820391,151.173804128,-33.963063865
30,path21849,cont30,684,99.978425581,194.068628747,1793.086593,678.774677,151.173729091,-33.962724510
30,path21849,cont30,685,99.844059582,193.323562090,1792.705710,680.886689,151.173649382,-33.962357767
30,path21849,cont30,686,99.798511562,193.071334801,1792.576597,681.601668,151.173622362,-33.962233614
30,path21849,cont30,687,99.672358230,192.371988143,1792.218995,683.584079,151.173547525,-33.961889375
30,path21849,cont30,688,99.578632232,191.893542108,1791.953313,684.940312,151.173491925,-33.961653870
30,path21849,cont30,689,99.402443546,190.976707953,1791.453878,687.539227,151.173387407,-33.961202578
30,path21849,cont30,690,99.343769547,190.675373998,1791.287557,688.393407,151.173352600,-33.961054253
30,path21849,cont30,691,99.302706214,190.474211292,1791.171156,688.963635,151.173328241,-33.960955235
30,path21849,cont30,692,99.102554217,189.455830055,1790.603793,691.850402,151.173209507,-33.960453958
30,path21849,cont30,693,99.018313530,189.063320685,1790.365000,692.963034,151.173159533,-33.960260754
30,path21849,cont30,694,99.000612906,188.978654019,1790.314825,693.203035,151.173149033,-33.960219078
30,path21849,cont30,695,98.968693573,188.844219229,1790.224344,693.584113,151.173130098,-33.960152906
30,path21849,cont30,696,98.688280222,187.698255911,1789.429469,696.832534,151.172963752,-33.959588829
30,path21849,cont30,697,98.591506223,187.282039874,1789.155149,698.012366,151.172906344,-33.959383956
30,path21849,cont30,698,98.424204892,186.600473216,1788.680907,699.944379,151.172807098,-33.959048469
30,path21849,cont30,699,98.356979559,186.334619886,1788.490347,700.697984,151.172767218,-33.958917608
30,path21849,cont30,700,98.176557541,185.585505104,1787.978913,702.821472,151.172660189,-33.958548872
30,path21849,cont30,701,98.023310876,184.973285737,1787.544512,704.556909,151.172569280,-33.958247519
30,path21849,cont30,702,97.871929524,184.348948453,1787.115398,706.326695,151.172479478,-33.957940202
30,path21849,cont30,703,97.758222192,183.888864500,1786.793077,707.630879,151.172412025,-33.957713736
30,path21849,cont30,704,97.689726860,183.611845754,1786.598916,708.416134,151.172371392,-33.957577379
30,path21849,cont30,705,97.414054842,182.421538269,1785.817481,711.790255,151.172207859,-33.956991475
30,path21849,cont30,706,97.368334843,182.238234938,1785.687881,712.309858,151.172180737,-33.956901248
30,path21849,cont30,707,97.357407551,182.192250355,1785.656906,712.440209,151.172174255,-33.956878613
30,path21849,cont30,708,97.338357551,182.116235564,1785.602906,712.655686,151.172162954,-33.956841196
30,path21849,cont30,709,97.022045535,180.889653705,1784.706271,716.132634,151.171975312,-33.956237437
30,path21849,cont30,710,96.925356202,180.495715585,1784.432190,717.249316,151.171917954,-33.956043529
30,path21849,cont30,711,96.765254184,179.843782259,1783.978356,719.097328,151.171822979,-33.955722628
30,path21849,cont30,712,96.686090851,179.530700805,1783.753956,719.984809,151.171776018,-33.955568521
30,path21849,cont30,713,96.509984187,178.799180814,1783.254754,722.058422,151.171671548,-33.955208445
30,path21849,cont30,714,96.350728835,178.171218739,1782.803321,723.838484,151.171577075,-33.954899344
30,path21849,cont30,715,96.204001503,177.583208746,1782.387400,725.505295,151.171490034,-33.954609908
30,path21849,cont30,716,96.082930817,177.102646044,1782.044206,726.867529,151.171418213,-33.954373361
30,path21849,cont30,717,96.010710152,176.816287506,1781.839486,727.679259,151.171375370,-33.954232407
30,path21849,cont30,718,95.725724801,175.667122729,1781.031651,730.936756,151.171206312,-33.953666755
30,path21849,cont30,719,95.671030135,175.461223981,1780.876611,731.520410,151.171173866,-33.953565405
30,path21849,cont30,720,95.657324718,175.406111274,1780.837761,731.676636,151.171165736,-33.953538277
30,path21849,cont30,721,95.634544094,175.314486067,1780.773185,731.936362,151.171152222,-33.953493177
30,path21849,cont30,722,95.328561410,174.108832748,1779.905831,735.353985,151.170970707,-33.952899719
30,path21849,cont30,723,95.230517411,173.709655878,1779.627910,736.485517,151.170912546,-33.952703233
30,path21849,cont30,724,95.077016747,173.057722553,1779.192789,738.333529,151.170821487,-33.952382332
30,path21849,cont30,725,95.000308748,172.742154016,1778.975348,739.228060,151.170775982,-33.952227000
30,path21849,cont30,726,94.831994062,172.013200483,1778.498234,741.294398,151.170676135,-33.951868188
30,path21849,cont30,727,94.684081397,171.363463200,1778.078952,743.136184,151.170588390,-33.951548368
30,path21849,cont30,728,94.566905378,170.848689873,1777.746799,744.595393,151.170518879,-33.951294982
30,path21849,cont30,729,94.445832046,170.316745088,1777.403597,746.103278,151.170447056,-33.951033143
30,path21849,cont30,730,94.368954714,169.983661134,1777.185677,747.047459,151.170401451,-33.950869190
30,path21849,cont30,731,94.066104697,168.648891150,1776.327201,750.831082,151.170221795,-33.950212177
30,path21849,cont30,732,94.059490114,168.620210318,1776.308451,750.912383,151.170217871,-33.950198060
30,path21849,cont30,733,94.037556156,168.528505735,1776.246276,751.172335,151.170204860,-33.950152920
30,path21849,cont30,734,93.710237472,167.252764293,1775.318441,754.788634,151.170010689,-33.949524963
30,path21849,cont30,735,93.630058140,166.923834297,1775.091160,755.721040,151.169963125,-33.949363054
30,path21849,cont30,736,93.495522808,166.379083679,1774.709799,757.265225,151.169883316,-33.949094912
30,path21849,cont30,737,93.373436122,165.894790352,1774.363726,758.638034,151.169810892,-33.948856529
30,path21849,cont30,738,93.210706791,165.227378902,1773.902445,760.529921,151.169714358,-33.948528009
30,path21849,cont30,739,93.066860772,164.506521619,1773.494690,762.573308,151.169629026,-33.948173182
30,path21849,cont30,740,93.016738106,164.201483498,1773.352609,763.437988,151.169599292,-33.948023034
30,path21849,cont30,741,92.890584774,163.531002882,1772.995007,765.338573,151.169524456,-33.947693004
30,path21849,cont30,742,92.798467442,163.079808929,1772.733885,766.617556,151.169469810,-33.947470914
30,path21849,cont30,743,92.564112757,162.050182900,1772.069570,769.536199,151.169330786,-33.946964102
30,path21849,cont30,744,92.518392758,161.834547486,1771.939970,770.147453,151.169303664,-33.946857960
30,path21849,cont30,745,92.486812092,161.696726030,1771.850450,770.538130,151.169284930,-33.946790120
30,path21849,cont30,746,92.349570073,161.127766037,1771.461416,772.150941,151.169203516,-33.946510061
30,path21849,cont30,747,92.142898742,160.345869380,1770.875575,774.367356,151.169080915,-33.946125189
30,path21849,cont30,748,92.088881409,160.138171466,1770.722454,774.956110,151.169048871,-33.946022954
30,path21849,cont30,749,91.927509390,159.714097305,1770.265022,776.158220,151.168953142,-33.945814212
30,path21849,cont30,750,91.704666727,159.089918771,1769.633342,777.927559,151.168820949,-33.945506973
30,path21849,cont30,751,91.438562042,158.441821904,1768.879031,779.764700,151.168663091,-33.945187960
30,path21849,cont30,752,91.118948026,157.982081910,1767.973042,781.067917,151.168473492,-33.944961661
30,path21849,cont30,753,90.661412011,157.457915875,1766.676095,782.553766,151.168202075,-33.944703649
30,path21849,cont30,754,90.307677328,157.100781296,1765.673388,783.566133,151.167992235,-33.944527855
30,path21849,cont30,755,89.914911312,156.745366509,1764.560041,784.573627,151.167759241,-33.944352907
30,path21849,cont30,756,89.198382612,156.518883178,1762.528949,785.215658,151.167334188,-33.944241421
30,path21849,cont30,757,88.973002594,156.483243804,1761.890081,785.316693,151.167200490,-33.944223876
30,path21849,cont30,758,88.728146597,156.499383387,1761.196006,785.270953,151.167055238,-33.944231819
30,path21849,cont30,759,87.632567882,156.395560888,1758.090451,785.565299,151.166405328,-33.944180707
30,path21849,cont30,760,87.284505866,156.412494221,1757.103826,785.517313,151.166198854,-33.944189039
30,path21849,cont30,761,87.049389181,156.508934845,1756.437359,785.243947,151.166059380,-33.944236508
30,path21849,cont30,762,85.728851135,156.611646094,1752.694130,784.952850,151.165276022,-33.944287056
30,path21849,cont30,763,85.596011783,156.645327552,1752.317580,784.857380,151.165197220,-33.944303634
30,path21849,cont30,764,85.536745117,156.685385468,1752.149582,784.743832,151.165162062,-33.944323352
30,path21849,cont30,765,85.187836434,156.744916717,1751.160557,784.575096,151.164955086,-33.944352652
30,path21849,cont30,766,84.374025736,157.213440878,1748.853713,783.247025,151.164472324,-33.944583267
30,path21849,cont30,767,83.907515054,157.321390877,1747.531331,782.941044,151.164195585,-33.944636399
30,path21849,cont30,768,83.241701687,157.413518792,1745.644000,782.679920,151.163800617,-33.944681742
30,path21849,cont30,769,82.944016337,157.473023583,1744.800174,782.511257,151.163624027,-33.944711030
30,path21849,cont30,770,82.219020971,157.560071499,1742.745085,782.264536,151.163193951,-33.944753872
30,path21849,cont30,771,81.460582272,157.678842955,1740.595197,781.927891,151.162744037,-33.944812329
30,path21849,cont30,772,81.289216941,157.678842955,1740.109440,781.927898,151.162642381,-33.944812328
30,path21849,cont30,773,80.530439576,157.769012954,1737.958592,781.672328,151.162192265,-33.944856707
30,path21849,cont30,774,79.995351541,157.903315453,1736.441819,781.291649,151.161874845,-33.944922811
30,path21849,cont30,775,79.238690842,158.042248159,1734.296971,780.897854,151.161425985,-33.944991192
30,path21849,cont30,776,78.841945493,158.131650866,1733.172347,780.644445,151.161190632,-33.945035195
30,path21849,cont30,777,78.534523476,158.131650866,1732.300921,780.644457,151.161008265,-33.945035193
30,path21849,cont30,778,77.480174781,158.440340237,1729.312241,779.769473,151.160382814,-33.945187131
30,path21849,cont30,779,77.244973430,158.532282945,1728.645534,779.508857,151.160243290,-33.945232386
30,path21849,cont30,780,77.153364097,158.552920444,1728.385856,779.450360,151.160188946,-33.945242544
30,path21849,cont30,781,76.991484079,158.602873777,1727.926987,779.308767,151.160092917,-33.945267131
30,path21849,cont30,782,76.006985383,158.984799814,1725.136305,778.226179,151.159508902,-33.945455118
30,path21849,cont30,783,75.464785348,159.117964604,1723.599373,777.848725,151.159187262,-33.945520662
30,path21849,cont30,784,74.635141983,159.273327935,1721.247646,777.408358,151.158695109,-33.945597130
30,path21849,cont30,785,74.610509275,159.278090435,1721.177822,777.394859,151.158680496,-33.945599474
30,path21849,cont30,786,73.776209244,159.433797725,1718.812895,776.953516,151.158185580,-33.945676112
30,path21849,cont30,787,73.133001877,159.489862933,1716.989644,776.794617,151.157804022,-33.945703704
30,path21849,cont30,788,72.573614509,159.647766264,1715.403992,776.347039,151.157472187,-33.945781424
30,path21849,cont30,789,72.087715161,159.708541055,1714.026650,776.174783,151.157183946,-33.945811336
30,path21849,cont30,790,71.692239812,159.738518346,1712.905626,776.089824,151.156949346,-33.945826089
30,path21849,cont30,791,71.100171111,160.135605008,1711.227336,774.964245,151.156598124,-33.946021541
30,path21849,cont30,792,70.589633763,160.327031047,1709.780156,774.421640,151.156295268,-33.946115763
30,path21849,cont30,793,70.399049099,160.373095005,1709.239920,774.291072,151.156182211,-33.946138435
30,path21849,cont30,794,70.110169082,160.425667712,1708.421054,774.142059,151.156010844,-33.946164311
30,path21849,cont30,795,69.169953698,160.596853127,1705.755897,773.656846,151.155453097,-33.946248566
30,path21849,cont30,796,68.710470350,160.680514376,1704.453435,773.419714,151.155180527,-33.946289744
30,path21849,cont30,797,68.081402316,160.766953750,1702.670264,773.174714,151.154807356,-33.946332287
30,path21849,cont30,798,67.660442300,160.776478750,1701.477000,773.147731,151.154557638,-33.946336972
30,path21849,cont30,799,67.021973621,160.891202082,1699.667182,772.822556,151.154178891,-33.946393438
30,path21849,cont30,800,66.255240235,160.904960415,1697.493781,772.783588,151.153724056,-33.946400205
30,path21849,cont30,801,66.012585571,160.816907083,1696.805945,773.033198,151.153580110,-33.946356861
30,path21849,cont30,802,65.333394871,160.844582499,1694.880694,772.954776,151.153177207,-33.946370478
30,path21849,cont30,803,64.753179504,160.717344375,1693.236001,773.315476,151.152833016,-33.946307844
30,path21849,cont30,804,64.489358174,160.134229174,1692.488162,774.968416,151.152676513,-33.946020817
30,path21849,cont30,805,65.116142853,159.915895011,1694.264860,775.587293,151.153048329,-33.945913351
30,path21849,cont30,806,65.333648871,159.845013136,1694.881407,775.788209,151.153177356,-33.945878463
30,path21849,cont30,807,65.741654887,159.724707096,1696.037950,776.129219,151.153419389,-33.945819248
30,path21849,cont30,808,66.438032920,159.547753765,1698.011920,776.630791,151.153832489,-33.945732152
30,path21849,cont30,809,67.022312288,159.354290434,1699.668131,777.179169,151.154179090,-33.945636928
30,path21849,cont30,810,67.765849653,159.185645020,1701.775779,777.657190,151.154620164,-33.945553921
30,path21849,cont30,811,68.326340334,158.825123774,1703.364557,778.679120,151.154952654,-33.945376467
30,path21849,cont30,812,68.710893683,158.648699610,1704.454621,779.179206,151.155180775,-33.945289629
30,path21849,cont30,813,68.869728348,158.598481694,1704.904857,779.321550,151.155274997,-33.945264911
30,path21849,cont30,814,68.896819035,158.438964404,1704.981648,779.773725,151.155291068,-33.945186393
30,path21849,cont30,815,69.955909063,157.993458993,1707.983767,781.036535,151.155919331,-33.944967110
30,path21849,cont30,816,70.399557099,157.858256911,1709.241342,781.419768,151.156182508,-33.944900563
30,path21849,cont30,817,71.165615798,157.669873580,1711.412830,781.953738,151.156636943,-33.944807841
30,path21849,cont30,818,71.294647796,157.642251081,1711.778587,782.032033,151.156713486,-33.944794246
30,path21849,cont30,819,72.088138495,157.430002334,1714.027834,782.633652,151.157184194,-33.944689777
30,path21849,cont30,820,72.642276529,157.300039002,1715.598606,783.002031,151.157512915,-33.944625809
30,path21849,cont30,821,73.731420578,156.789181508,1718.685917,784.450090,151.158159007,-33.944374359
30,path21849,cont30,822,73.776717244,156.773571092,1718.814316,784.494339,151.158185877,-33.944366675
30,path21849,cont30,823,73.801852660,156.768808592,1718.885566,784.507838,151.158200788,-33.944364331
30,path21849,cont30,824,73.819897244,156.743673175,1718.936715,784.579087,151.158211492,-33.944351959
30,path21849,cont30,825,74.947310625,156.223475890,1722.132505,786.053620,151.158880286,-33.944095912
30,path21849,cont30,826,75.465298640,156.062450476,1723.600806,786.510050,151.159187562,-33.944016654
30,path21849,cont30,827,76.253540005,155.839618395,1725.835173,787.141670,151.159655156,-33.943906976
30,path21849,cont30,828,76.401704024,155.803449854,1726.255162,787.244189,151.159743049,-33.943889174
30,path21849,cont30,829,77.153877389,155.603133815,1728.387290,787.811985,151.160189246,-33.943790578
30,path21849,cont30,830,77.587198738,155.483409858,1729.615592,788.151343,151.160446297,-33.943731650
30,path21849,cont30,831,78.764819452,155.126116529,1732.953703,789.164098,151.161144875,-33.943555788
30,path21849,cont30,832,78.842374118,155.103891529,1733.173541,789.227095,151.161190881,-33.943544849
30,path21849,cont30,833,78.895460117,155.101245696,1733.324020,789.234593,151.161222373,-33.943543547
30,path21849,cont30,834,78.976652804,155.047985072,1733.554170,789.385565,151.161270537,-33.943517331
30,path21849,cont30,835,79.971480833,154.486142371,1736.374130,790.978154,151.161860680,-33.943240784
30,path21849,cont30,836,80.530952867,154.262542998,1737.960022,791.611958,151.162192565,-33.943130726
30,path21849,cont30,837,81.094576214,153.918214253,1739.557680,792.587987,151.162526912,-33.942961242
30,path21849,cont30,838,81.984499599,153.588278840,1742.080277,793.523204,151.163054824,-33.942798846
30,path21849,cont30,839,82.219534263,153.481916342,1742.746511,793.824695,151.163194250,-33.942746493
30,path21849,cont30,840,82.289045595,153.422067592,1742.943549,793.994343,151.163235484,-33.942717034
30,path21849,cont30,841,82.736588298,153.352296968,1744.212164,794.192100,151.163500972,-33.942682694
30,path21849,cont30,842,83.515516330,152.958094265,1746.420130,795.309496,151.163963040,-33.942488662
30,path21849,cont30,843,83.908028346,152.822045517,1747.532754,795.695131,151.164195883,-33.942421698
30,path21849,cont30,844,84.673071044,152.584052811,1749.701361,796.369727,151.164649715,-33.942304557
30,path21849,cont30,845,84.789318376,152.541613645,1750.030878,796.490022,151.164718674,-33.942283668
30,path21849,cont30,846,85.596525074,152.326666148,1752.319005,797.099291,151.165197518,-33.942177871
30,path21849,cont30,847,86.055413110,152.117460109,1753.619779,797.692299,151.165469735,-33.942074897
30,path21849,cont30,848,87.168771825,151.773369488,1756.775730,798.667631,151.166130192,-33.941905534
30,path21849,cont30,849,87.285019157,151.730004280,1757.105248,798.790552,151.166199151,-33.941884190
30,path21849,cont30,850,87.325574490,151.697328239,1757.220207,798.883176,151.166223209,-33.941868106
30,path21849,cont30,851,87.448002489,151.656608865,1757.567244,798.998596,151.166295835,-33.941848064
30,path21849,cont30,852,87.960484524,150.978190748,1759.019933,800.921655,151.166599844,-33.941514131
30,path21849,cont30,853,88.101285189,150.780414709,1759.419049,801.482276,151.166683369,-33.941416781
30,path21849,cont30,854,88.748471889,150.186636800,1761.253576,803.165405,151.167067286,-33.941124512
30,path21849,cont30,855,88.973600553,149.976848677,1761.891730,803.760072,151.167200835,-33.941021250
30,path21849,cont30,856,88.981802636,149.968646594,1761.914980,803.783322,151.167205700,-33.941017213
30,path21849,cont30,857,88.995428677,149.960444511,1761.953604,803.806572,151.167213784,-33.941013176
30,path21849,cont30,858,89.010165969,149.923773261,1761.995379,803.910521,151.167222526,-33.940995126
30,path21849,cont30,859,89.475996671,148.768840568,1763.315826,807.184337,151.167498860,-33.940426639
30,path21849,cont30,860,89.677249335,148.264333074,1763.886298,808.614433,151.167618245,-33.940178308
30,path21849,cont30,861,89.710438668,147.524346417,1763.980372,810.712038,151.167637932,-33.939814067
30,path21849,cont30,862,89.718402627,147.316066419,1764.002945,811.302439,151.167642656,-33.939711546
30,path21849,cont30,863,89.752353960,146.568115804,1764.099179,813.422619,151.167662795,-33.939343384
30,path21849,cont30,864,89.702739293,145.836013730,1763.958535,815.497877,151.167633362,-33.938983023
30,path21849,cont30,865,89.688610544,145.589739566,1763.918484,816.195980,151.167624981,-33.938861800
30,path21849,cont30,866,89.640858544,144.871845617,1763.783120,818.230963,151.167596653,-33.938508433
30,path21849,cont30,867,89.579221212,144.264018333,1763.608397,819.953945,151.167560088,-33.938209243
30,path21849,cont30,868,89.540782546,143.744852923,1763.499434,821.425601,151.167537285,-33.937953696
30,path21849,cont30,869,89.485918546,143.175654805,1763.343911,823.039083,151.167504738,-33.937673520
30,path21849,cont30,870,89.416322547,142.731657519,1763.146629,824.297665,151.167463452,-33.937454972
30,path21849,cont30,871,89.273746528,141.780268781,1762.742473,826.994529,151.167378873,-33.936986672
30,path21849,cont30,872,89.227179862,141.479516909,1762.610472,827.847058,151.167351248,-33.936838633
30,path21849,cont30,873,89.186031862,141.266924204,1762.493831,828.449686,151.167326839,-33.936733989
30,path21849,cont30,874,88.974621844,139.965094845,1761.894554,832.139931,151.167201426,-33.936093191
30,path21849,cont30,875,88.947443845,139.810578180,1761.817513,832.577933,151.167185303,-33.936017134
30,path21849,cont30,876,88.943131136,139.783326097,1761.805288,832.655184,151.167182745,-33.936003719
30,path21849,cont30,877,88.933817803,139.742262765,1761.778888,832.771584,151.167177220,-33.935983507
30,path21849,cont30,878,88.628681786,138.434850698,1760.913933,836.477658,151.166996208,-33.935339961
30,path21849,cont30,879,88.550111120,138.087135286,1760.691212,837.463314,151.166949598,-33.935168805
30,path21849,cont30,880,88.409818456,137.519445293,1760.293531,839.072525,151.166866374,-33.934889371
30,path21849,cont30,881,88.296280457,137.072749257,1759.971690,840.338758,151.166799022,-33.934669495
30,path21849,cont30,882,88.130844438,136.391023849,1759.502736,842.271220,151.166700882,-33.934333930
30,path21849,cont30,883,87.950843107,135.723771149,1758.992495,844.162658,151.166594102,-33.934005488
30,path21849,cont30,884,87.831889088,135.242441155,1758.655302,845.527067,151.166523537,-33.933768564
30,path21849,cont30,885,87.689310423,134.694806578,1758.251141,847.079428,151.166438956,-33.933499002
30,path21849,cont30,886,87.596600424,134.383656582,1757.988340,847.961434,151.166383959,-33.933345845
30,path21849,cont30,887,87.287061741,133.149481181,1757.110906,851.459907,151.166200336,-33.932738347
30,path21849,cont30,888,87.253957074,133.031979724,1757.017066,851.792984,151.166180697,-33.932680510
30,path21849,cont30,889,87.245649158,132.998695141,1756.993515,851.887335,151.166175769,-33.932664126
30,path21849,cont30,890,87.230329783,132.941730350,1756.950090,852.048811,151.166166681,-33.932636086
30,path21849,cont30,891,86.874901767,131.716841824,1755.942577,855.520961,151.165955835,-33.932033160
30,path21849,cont30,892,86.770002414,131.302583704,1755.645223,856.695244,151.165893607,-33.931829250
30,path21849,cont30,893,86.622089749,130.634325588,1755.225942,858.589530,151.165805863,-33.931500314
30,path21849,cont30,894,86.552324416,130.344924341,1755.028181,859.409886,151.165764477,-33.931357863
30,path21849,cont30,895,86.396963731,129.606551642,1754.587787,861.502923,151.165672314,-33.930994414
30,path21849,cont30,896,86.305777732,128.896701026,1754.329303,863.515108,151.165618220,-33.930645006
30,path21849,cont30,897,86.274620399,128.588858322,1754.240982,864.387737,151.165599737,-33.930493477
30,path21849,cont30,898,86.191647067,127.910440205,1754.005779,866.310821,151.165550515,-33.930159540
30,path21849,cont30,899,86.155240401,127.352063546,1753.902576,867.893627,151.165528917,-33.929884692
30,path21849,cont30,900,86.101561735,126.718756887,1753.750412,869.688835,151.165497074,-33.929572960
30,path21849,cont30,901,86.067525735,126.214408143,1753.653929,871.118490,151.165476882,-33.929324706
30,path21849,cont30,902,86.005806382,125.806394190,1753.478975,872.275071,151.165440269,-33.929123870
30,path21849,cont30,903,85.840960384,124.760681495,1753.011691,875.239312,151.165342479,-33.928609140
30,path21849,cont30,904,85.803876384,124.518376081,1752.906570,875.926165,151.165320480,-33.928489871
30,path21849,cont30,905,85.811496384,124.305783376,1752.928169,876.528792,151.165325000,-33.928385227
30,path21849,cont30,906,85.765183718,122.988370059,1752.796880,880.263204,151.165297525,-33.927736759
30,path21849,cont30,907,85.772036426,122.822423395,1752.816304,880.733606,151.165301590,-33.927655076
30,path21849,cont30,908,85.858481092,122.562761314,1753.061340,881.469654,151.165352869,-33.927527264
30,path21849,cont30,909,86.085300443,121.613912576,1753.704281,884.159303,151.165487420,-33.927060216
30,path21849,cont30,910,86.301200440,121.126470708,1754.316273,885.541023,151.165615493,-33.926820285
30,path21849,cont30,911,86.609215124,120.444163216,1755.189375,887.475116,151.165798210,-33.926484437
30,path21849,cont30,912,87.039657806,119.680549267,1756.409513,889.639680,151.166053553,-33.926108569
30,path21849,cont30,913,87.171481159,119.430703229,1756.783181,890.347902,151.166131751,-33.925985588
30,path21849,cont30,914,87.202299825,119.343999272,1756.870539,890.593676,151.166150033,-33.925942911
30,path21849,cont30,915,87.288490491,119.109816566,1757.114856,891.257499,151.166201162,-33.925827640
30,path21849,cont30,916,87.645273174,118.093075746,1758.126194,894.139593,151.166412808,-33.925327175
30,path21849,cont30,917,87.740861839,117.734750542,1758.397149,895.155317,151.166469512,-33.925150798
30,path21849,cont30,918,87.764224547,117.257071798,1758.463370,896.509370,151.166483370,-33.924915672
30,path21849,cont30,919,87.827385880,116.580003056,1758.642404,898.428623,151.166520837,-33.924582400
30,path21849,cont30,920,87.851595254,116.038903688,1758.711025,899.962452,151.166535198,-33.924316057
30,path21849,cont30,921,87.815273255,115.510080987,1758.608062,901.461483,151.166513650,-33.924055755
30,path21849,cont30,922,87.783353922,114.839679745,1758.517578,903.361840,151.166494715,-33.923725765
30,path21849,cont30,923,87.750587922,114.342951001,1758.424695,904.769895,151.166475277,-33.923481262
30,path21849,cont30,924,87.706561256,113.923507048,1758.299893,905.958876,151.166449159,-33.923274800
30,path21849,cont30,925,87.636457257,112.996010185,1758.101168,908.588011,151.166407571,-33.922818260
30,path21849,cont30,926,87.601828591,112.647104148,1758.003006,909.577041,151.166387028,-33.922646518
30,path21849,cont30,927,87.573380591,112.361592276,1757.922364,910.386369,151.166370152,-33.922505981
30,path21849,cont30,928,87.486430571,111.149192083,1757.675885,913.823108,151.166318571,-33.921909204
30,path21849,cont30,929,87.467724530,110.951230836,1757.622859,914.384260,151.166307474,-33.921811762
30,path21849,cont30,930,87.452749113,110.787056879,1757.580408,914.849637,151.166298590,-33.921730951
30,path21849,cont30,931,87.340396448,109.306342731,1757.261920,919.046954,151.166231939,-33.921002102
30,path21849,cont30,932,87.335819157,109.255357524,1757.248945,919.191480,151.166229223,-33.920977006
30,path21849,cont30,933,87.332776448,109.211939399,1757.240320,919.314555,151.166227418,-33.920955634
30,path21849,cont30,934,87.289681116,108.286294619,1757.118154,921.938440,151.166201852,-33.920500006
30,path21849,cont30,935,87.250988449,107.598457336,1757.008470,923.888222,151.166178898,-33.920161434
30,path21849,cont30,936,87.248871783,107.559510670,1757.002470,923.998623,151.166177643,-33.920142263
30,path21849,cont30,937,87.245141158,107.514637337,1756.991894,924.125823,151.166175430,-33.920120175
30,path21849,cont30,938,87.135923805,106.018418606,1756.682294,928.367090,151.166110638,-33.919383695
30,path21849,cont30,939,87.122535888,105.863637358,1756.644343,928.805842,151.166102696,-33.919307507
30,path21849,cont30,940,87.107454639,105.680254652,1756.601592,929.325669,151.166093750,-33.919217241
30,path21849,cont30,941,87.015337306,104.443883209,1756.340465,932.830358,151.166039103,-33.918608664
30,path21849,cont30,942,86.992212723,104.167869880,1756.274913,933.612762,151.166025385,-33.918472803
30,path21849,cont30,943,86.958854057,103.835050509,1756.180352,934.556191,151.166005595,-33.918308980
30,path21849,cont30,944,86.846670725,102.917687187,1755.862348,937.156603,151.165939045,-33.917857428
30,path21849,cont30,945,86.804168059,102.471996568,1755.741865,938.419983,151.165913832,-33.917638046
30,path21849,cont30,946,86.742956706,101.922113033,1755.568350,939.978716,151.165877520,-33.917367378
30,path21849,cont30,947,86.667264707,101.402259706,1755.353788,941.452323,151.165832618,-33.917111491
30,path21849,cont30,948,86.602748708,100.776229089,1755.170905,943.226906,151.165794345,-33.916803341
30,path21849,cont30,949,86.520114042,100.002217015,1754.936661,945.420966,151.165745324,-33.916422351
30,path21849,cont30,950,86.497941959,99.876751600,1754.873811,945.776618,151.165732171,-33.916360593
30,path21849,cont30,951,86.425297960,99.080461610,1754.667887,948.033827,151.165689077,-33.915968637
30,path21849,cont30,952,86.335045940,98.344867036,1754.412051,950.118987,151.165635537,-33.915606557
30,path21849,cont30,953,86.317609899,98.102826206,1754.362624,950.805090,151.165625193,-33.915487417
30,path21849,cont30,954,86.237176566,97.384667673,1754.134621,952.840824,151.165577478,-33.915133919
30,path21849,cont30,955,86.169951234,96.815125597,1753.944058,954.455282,151.165537599,-33.914853575
30,path21849,cont30,956,86.130835234,96.219257480,1753.833175,956.144363,151.165514394,-33.914560272
30,path21849,cont30,957,86.074023902,95.688979570,1753.672132,957.647520,151.165480692,-33.914299254
30,path21849,cont30,958,86.031267236,95.258978742,1753.550930,958.866425,151.165455327,-33.914087596
30,path21849,cont30,959,85.961589216,94.353204170,1753.353413,961.433986,151.165413992,-33.913641748
30,path21849,cont30,960,85.927299216,93.993291466,1753.256211,962.454215,151.165393650,-33.913464589
30,path21849,cont30,961,85.893601883,93.701694178,1753.160690,963.280794,151.165373660,-33.913321057
30,path21849,cont30,962,85.793102551,92.488023985,1752.875803,966.721133,151.165314041,-33.912723654
30,path21849,cont30,963,85.772359218,92.297523987,1752.817002,967.261136,151.165301736,-33.912629885
30,path21849,cont30,964,85.759659218,92.140705448,1752.781001,967.705663,151.165294202,-33.912552694
30,path21849,cont30,965,85.603705866,90.678961924,1752.338922,971.849206,151.165201686,-33.911833183
30,path21849,cont30,966,85.594127949,90.611466717,1752.311771,972.040532,151.165196004,-33.911799960
30,path21849,cont30,967,85.592011283,90.590035467,1752.305771,972.101282,151.165194749,-33.911789411
30,path21849,cont30,968,85.385170619,89.125725486,1751.719445,976.252103,151.165072046,-33.911068636
30,path21849,cont30,969,85.364083327,88.906121322,1751.659669,976.874606,151.165059537,-33.910960541
30,path21849,cont30,970,85.340958744,88.641961325,1751.594118,977.623409,151.165045818,-33.910830514
30,path21849,cont30,971,85.225222058,87.590983422,1751.266040,980.602573,151.164977161,-33.910313193
30,path21849,cont30,972,85.193472059,87.210433218,1751.176038,981.681302,151.164958325,-33.910125875
30,path21849,cont30,973,85.138100059,86.742305932,1751.019076,983.008283,151.164925477,-33.909895450
30,path21849,cont30,974,85.052163394,86.069285316,1750.775473,984.916067,151.164874498,-33.909564170
30,path21849,cont30,975,84.988070728,85.514718656,1750.593790,986.488075,151.164836477,-33.909291197
30,path21849,cont30,976,84.925248062,84.832569915,1750.415707,988.421733,151.164799208,-33.908955424
30,path21849,cont30,977,84.902123479,84.524647835,1750.350155,989.294586,151.164785490,-33.908803856
30,path21849,cont30,978,84.834644146,83.819136386,1750.158872,991.294470,151.164745460,-33.908456584
30,path21849,cont30,979,84.760645481,82.971358480,1749.949107,993.697630,151.164701561,-33.908039284
30,path21849,cont30,980,84.684868815,82.123527657,1749.734303,996.100940,151.164656609,-33.907621957
30,path21849,cont30,981,84.609092149,81.428149749,1749.519499,998.072099,151.164611656,-33.907279673
30,path21849,cont30,982,84.510204130,81.023866421,1749.239186,999.218107,151.164552994,-33.907080673
30,path21849,cont30,983,84.426976797,80.427918929,1749.003263,1000.907415,151.164503622,-33.906787331
30,path21849,cont30,984,84.411154714,79.931692893,1748.958410,1002.314045,151.164494235,-33.906543074
30,path21849,cont30,985,84.275942049,79.092725612,1748.575127,1004.692233,151.164414024,-33.906130111
30,path21849,cont30,986,84.261125383,78.732389575,1748.533125,1005.713661,151.164405234,-33.905952743
30,path21849,cont30,987,84.254854758,78.393220204,1748.515348,1006.675089,151.164401514,-33.905785795
30,path21849,cont30,988,84.142504739,77.262922864,1748.196869,1009.879096,151.164334865,-33.905229431
30,path21849,cont30,989,84.137583489,77.036780846,1748.182918,1010.520130,151.164331945,-33.905118118
30,path21849,cont30,990,84.147664113,76.805643495,1748.211491,1011.175324,151.164337925,-33.905004345
30,path21849,cont30,991,84.069178114,75.493487449,1747.989003,1014.894836,151.164291364,-33.904358466
30,path21849,cont30,992,84.077380198,75.341256784,1748.012252,1015.326357,151.164296229,-33.904283534
30,path21849,cont30,993,84.103706239,75.154400099,1748.086875,1015.856030,151.164311846,-33.904191558
30,path21849,cont30,994,83.917862908,73.645735368,1747.560068,1020.132580,151.164201599,-33.903448951
30,path21849,cont30,995,83.892118950,71.976373306,1747.487082,1024.864645,151.164186325,-33.902627245
30,path21849,cont30,996,83.889234992,71.950206015,1747.478907,1024.938821,151.164184614,-33.902614364
30,path21849,cont30,997,83.885927700,71.917948015,1747.469532,1025.030261,151.164182652,-33.902598486
30,path21849,cont30,998,83.886181700,70.287024619,1747.470240,1029.653365,151.164182801,-33.901795701
30,path21849,cont30,999,83.882027742,70.254766619,1747.458465,1029.744805,151.164180336,-33.901779823
30,path21849,cont30,1000,83.881498575,70.217767286,1747.456965,1029.849685,151.164180022,-33.901761610
30,path21849,cont30,1001,83.918413241,69.830927937,1747.561601,1030.946240,151.164201920,-33.901571198
30,path21849,cont30,1002,84.199673259,69.972236602,1748.358869,1030.545667,151.164368767,-33.901640756
30,path21849,cont30,1003,84.987237290,69.633233919,1750.591315,1031.506590,151.164835959,-33.901473895
30,path21850,cont30.1,0,61.956218851,162.021158109,1685.307676,769.619730,151.151173828,-33.946949597
30,path21850,cont30.1,1,61.747600187,162.039414359,1684.716320,769.567988,151.151050073,-33.946958582
30,path21850,cont30.1,2,60.586320139,161.829520403,1681.424526,770.163012,151.150361188,-33.946855258
30,path21850,cont30.1,3,61.742774187,161.615234364,1684.702638,770.770392,151.151047210,-33.946749789
30,path21850,cont30.1,4,61.956303518,161.540383740,1685.307913,770.982559,151.151173878,-33.946712947
30,path21850,cont30.1,5,62.285654201,161.499161657,1686.241498,771.099395,151.151369252,-33.946692658
30,path21850,cont30.1,6,62.937412902,161.830128945,1688.088992,770.161191,151.151755884,-33.946855574
30,path21850,cont30.1,7,62.110055537,161.984381026,1685.743745,769.723974,151.151265086,-33.946931495
35,path21852,cont35,0,91.952491348,100.776758256,1770.335418,943.225186,151.168967874,-33.916803640
35,path21852,cont35,1,92.255680032,100.875897629,1771.194845,942.944148,151.169147730,-33.916852441
35,path21852,cont35,2,92.354401364,100.873251796,1771.474683,942.951644,151.169206292,-33.916851140
35,path21852,cont35,3,92.683921381,102.141452613,1772.408757,939.356720,151.169401769,-33.917475385
35,path21852,cont35,4,92.765114067,102.472658026,1772.638911,938.417864,151.169449934,-33.917638414
35,path21852,cont35,5,92.856384733,102.977112603,1772.897632,936.987906,151.169504078,-33.917886721
35,path21852,cont35,6,92.936818065,103.583061345,1773.125635,935.270248,151.169551793,-33.918184986
35,path21852,cont35,7,93.056028730,104.168451963,1773.463557,933.610863,151.169622511,-33.918473132
35,path21852,cont35,8,93.252706749,104.961434661,1774.021071,931.363023,151.169739184,-33.918863462
35,path21852,cont35,9,93.303252748,105.122116118,1774.164351,930.907545,151.169769168,-33.918942554
35,path21852,cont35,10,93.508312766,105.864298816,1774.745624,928.803705,151.169890813,-33.919307878
35,path21852,cont35,11,93.578162765,106.330230061,1774.943626,927.482948,151.169932250,-33.919537223
35,path21852,cont35,12,94.041879447,107.467038796,1776.258097,924.260470,151.170207334,-33.920096794
35,path21852,cont35,13,94.062543405,107.539428795,1776.316672,924.055268,151.170219592,-33.920132427
35,path21852,cont35,14,94.067623405,107.560066295,1776.331072,923.996768,151.170222605,-33.920142585
35,path21852,cont35,15,94.077862780,107.596208378,1776.360097,923.894317,151.170228680,-33.920160375
35,path21852,cont35,16,94.459452796,108.836231071,1777.441770,920.379266,151.170455045,-33.920770751
35,path21852,cont35,17,94.569180795,109.255913149,1777.752811,919.189608,151.170520138,-33.920977331
35,path21852,cont35,18,94.805821479,110.023575222,1778.423604,917.013542,151.170660517,-33.921355197
35,path21852,cont35,19,94.847392812,110.142293763,1778.541444,916.677014,151.170685178,-33.921413634
35,path21852,cont35,20,95.067946830,110.951786461,1779.166638,914.382374,151.170816014,-33.921812090
35,path21852,cont35,21,95.157100829,111.526911245,1779.419360,912.752090,151.170868902,-33.922095183
35,path21852,cont35,22,95.325418160,112.241577278,1779.896481,910.726252,151.170968751,-33.922446962
35,path21852,cont35,23,95.397805513,112.647633314,1780.101675,909.575221,151.171011692,-33.922646834
35,path21852,cont35,24,95.455294179,112.923223311,1780.264636,908.794016,151.171045796,-33.922782488
35,path21852,cont35,25,95.729444843,113.824420591,1781.041757,906.239422,151.171208426,-33.923226084
35,path21852,cont35,26,95.856696195,114.215739336,1781.402469,905.130164,151.171283914,-33.923418702
35,path21852,cont35,27,95.889208195,114.343586001,1781.494629,904.767762,151.171303201,-33.923481632
35,path21852,cont35,28,95.953978194,114.569222665,1781.678230,904.128157,151.171341623,-33.923592697
35,path21852,cont35,29,96.265379544,115.500979320,1782.560942,901.486936,151.171526352,-33.924051336
35,path21852,cont35,30,96.400846209,116.039538688,1782.944943,899.960301,151.171606713,-33.924316430
35,path21852,cont35,31,96.613864894,116.846729511,1783.548777,897.672186,151.171733079,-33.924713753
35,path21852,cont35,32,96.634449477,116.948858677,1783.607127,897.382684,151.171745290,-33.924764024
35,path21852,cont35,33,96.822240141,117.735491375,1784.139449,895.152845,151.171856691,-33.925151228
35,path21852,cont35,34,96.955164160,118.199782203,1784.516242,893.836736,151.171935544,-33.925379765
35,path21852,cont35,35,97.167338824,119.180301565,1785.117685,891.057294,151.172061410,-33.925862405
35,path21852,cont35,36,97.231767511,119.431417604,1785.300318,890.345464,151.172099630,-33.925986012
35,path21852,cont35,37,97.271645511,119.577732185,1785.413358,889.930711,151.172123286,-33.926058032
35,path21852,cont35,38,97.417187509,120.042472805,1785.825918,888.613326,151.172209624,-33.926286791
35,path21852,cont35,39,98.044816209,120.496868215,1787.605013,887.325247,151.172581942,-33.926510462
35,path21852,cont35,40,98.594384890,120.614131547,1789.162835,886.992823,151.172907952,-33.926568186
35,path21852,cont35,41,99.105342925,120.815373628,1790.611211,886.422351,151.173211059,-33.926667246
35,path21852,cont35,42,99.361120922,120.870406961,1791.336246,886.266340,151.173362789,-33.926694337
35,path21852,cont35,43,100.543313636,121.127449666,1794.687320,885.537664,151.174064080,-33.926820869
35,path21852,cont35,44,100.760142321,121.160892999,1795.301948,885.442855,151.174192706,-33.926837332
35,path21852,cont35,45,100.793416320,121.183911748,1795.396268,885.377603,151.174212444,-33.926848663
35,path21852,cont35,46,101.608666352,122.004596321,1797.707202,883.051213,151.174696061,-33.927252632
35,path21852,cont35,47,102.070435700,122.823561103,1799.016150,880.729712,151.174969989,-33.927655752
35,path21852,cont35,48,102.192437719,123.113967766,1799.361982,879.906505,151.175042363,-33.927798699
35,path21852,cont35,49,102.481487070,123.901526506,1800.181334,877.674036,151.175213831,-33.928186359
35,path21852,cont35,50,102.683417067,124.316737126,1800.753733,876.497050,151.175333619,-33.928390739
35,path21852,cont35,51,102.772994400,124.519593165,1801.007653,875.922019,151.175386758,-33.928490591
35,path21852,cont35,52,102.929625085,124.969755242,1801.451645,874.645959,151.175479674,-33.928712174
35,path21852,cont35,53,103.154076416,125.539905860,1802.087884,873.029770,151.175612822,-33.928992819
35,path21852,cont35,54,103.357866434,126.215545852,1802.665557,871.114556,151.175733713,-33.929325389
35,path21852,cont35,55,103.468949099,126.919469801,1802.980440,869.119171,151.175799610,-33.929671880
35,path21852,cont35,56,103.517463099,127.256416672,1803.117962,868.164041,151.175828389,-33.929837735
35,path21852,cont35,57,103.618383118,127.911577914,1803.404037,866.306881,151.175888257,-33.930160224
35,path21852,cont35,58,103.667066451,128.416429366,1803.542039,864.875800,151.175917138,-33.930408726
35,path21852,cont35,59,103.745129117,129.181233939,1803.763323,862.707840,151.175963446,-33.930785185
35,path21852,cont35,60,103.786700449,129.607609976,1803.881165,861.499210,151.175988108,-33.930995059
35,path21852,cont35,61,103.812444407,129.966411430,1803.954142,860.482131,151.176003380,-33.931171671
35,path21852,cont35,62,103.892369740,131.025247458,1804.180708,857.480694,151.176050794,-33.931692860
35,path21852,cont35,63,103.912530989,131.303721413,1804.237860,856.691316,151.176062754,-33.931829932
35,path21852,cont35,64,103.940299010,131.534014743,1804.316573,856.038513,151.176079227,-33.931943289
35,path21852,cont35,65,104.109801674,132.939640142,1804.797060,852.054044,151.176179780,-33.932635178
35,path21852,cont35,66,104.116998341,132.999753475,1804.817460,851.883643,151.176184049,-33.932664767
35,path21852,cont35,67,104.127078966,133.042430766,1804.846035,851.762667,151.176190029,-33.932685774
35,path21852,cont35,68,104.169581632,133.227586180,1804.966515,851.237814,151.176215243,-33.932776913
35,path21852,cont35,69,104.496476982,134.367358249,1805.893149,848.006941,151.176409162,-33.933337942
35,path21852,cont35,70,104.567596981,134.695864912,1806.094750,847.075736,151.176451352,-33.933499643
35,path21852,cont35,71,104.666572313,135.195133655,1806.375311,845.660477,151.176510066,-33.933745397
35,path21852,cont35,72,104.793823666,135.764781565,1806.736025,844.045717,151.176585554,-33.934025795
35,path21852,cont35,73,104.910578998,136.391976349,1807.066987,842.267832,151.176654815,-33.934334518
35,path21852,cont35,74,105.052056996,137.201389672,1807.468030,839.973420,151.176738743,-33.934732934
35,path21852,cont35,75,105.072191787,137.298756337,1807.525105,839.697418,151.176750687,-33.934780861
35,path21852,cont35,76,105.217903119,138.088008411,1807.938148,837.460156,151.176837126,-33.935169353
35,path21852,cont35,77,105.354809117,138.593389029,1808.326229,836.027571,151.176918341,-33.935418117
35,path21852,cont35,78,105.513133136,139.437939019,1808.775024,833.633557,151.177012262,-33.935833828
35,path21852,cont35,79,105.595259802,139.784225681,1809.007825,832.651951,151.177060981,-33.936004281
35,path21852,cont35,80,105.641233801,140.001713178,1809.138145,832.035447,151.177088254,-33.936111334
35,path21852,cont35,81,105.857808486,140.950244416,1809.752060,829.346680,151.177216730,-33.936578229
35,path21852,cont35,82,105.989465151,141.348071911,1810.125260,828.218972,151.177294831,-33.936774051
35,path21852,cont35,83,106.028327150,141.480337118,1810.235420,827.844044,151.177317884,-33.936839156
35,path21852,cont35,84,106.105204483,141.728833781,1810.453340,827.139639,151.177363489,-33.936961474
35,path21852,cont35,85,106.405175833,142.626538562,1811.303653,824.594944,151.177541437,-33.937403351
35,path21852,cont35,86,106.563245852,143.176527930,1811.751726,823.035908,151.177635207,-33.937674072
35,path21852,cont35,87,106.809033182,143.917017295,1812.448446,820.936867,151.177781012,-33.938038563
35,path21852,cont35,88,106.943142535,144.266849374,1812.828598,819.945208,151.177860567,-33.938210760
35,path21852,cont35,89,107.160481865,144.872639367,1813.444678,818.227994,151.177989497,-33.938508948
35,path21852,cont35,90,107.312794551,145.107166030,1813.876429,817.563186,151.178079851,-33.938624390
35,path21852,cont35,91,107.546135881,145.361933319,1814.537866,816.840999,151.178218272,-33.938749795
35,path21852,cont35,92,108.337594580,145.667738732,1816.781356,815.974114,151.178687775,-33.938900326
35,path21852,cont35,93,108.405497245,145.705494773,1816.973835,815.867086,151.178728055,-33.938918912
35,path21852,cont35,94,109.234545297,145.887872062,1819.323877,815.350076,151.179219857,-33.939008689
35,path21852,cont35,95,110.026511996,145.773148730,1821.568804,815.675244,151.179689660,-33.938952224
35,path21852,cont35,96,110.104320661,145.746399356,1821.789363,815.751066,151.179735817,-33.938939058
35,path21852,cont35,97,110.922872693,145.672395398,1824.109650,815.960808,151.180221392,-33.938902637
35,path21852,cont35,98,111.479889394,145.432127276,1825.688581,816.641862,151.180551820,-33.938784374
35,path21852,cont35,99,112.084660741,145.401541443,1827.402881,816.728538,151.180910577,-33.938769324
35,path21852,cont35,100,112.611197442,145.269646653,1828.895414,817.102392,151.181222925,-33.938704405
35,path21852,cont35,101,112.913116126,145.175825405,1829.751240,817.368331,151.181402026,-33.938658226
35,path21852,cont35,102,114.141960173,145.030807281,1833.234550,817.779357,151.182130991,-33.938586853
35,path21852,cont35,103,114.299609504,144.994321240,1833.681427,817.882775,151.182224510,-33.938568894
35,path21852,cont35,104,114.437528857,145.010989990,1834.072377,817.835520,151.182306326,-33.938577100
35,path21852,cont35,105,114.775430873,144.872480617,1835.030201,818.228132,151.182506773,-33.938508925
35,path21852,cont35,106,115.485866219,144.368026040,1837.044015,819.658057,151.182928211,-33.938260623
35,path21852,cont35,107,115.987934254,144.165011251,1838.467188,820.233513,151.183226043,-33.938160697
35,path21852,cont35,108,116.634358954,143.825656672,1840.299557,821.195439,151.183609509,-33.937993662
35,path21852,cont35,109,117.210089634,143.644390632,1841.931536,821.709242,151.183951039,-33.937904442
35,path21852,cont35,110,117.676176983,143.458811885,1843.252718,822.235275,151.184227527,-33.937813099
35,path21852,cont35,111,117.865404335,143.366181261,1843.789106,822.497843,151.184339779,-33.937767505
35,path21852,cont35,112,118.779206365,143.176025221,1846.379390,823.036832,151.184881856,-33.937673911
35,path21852,cont35,113,119.054285715,142.864266684,1847.159135,823.920548,151.185045036,-33.937520457
35,path21852,cont35,114,119.364501732,142.641434603,1848.038479,824.552187,151.185229060,-33.937410775
35,path21852,cont35,115,119.969950412,142.567615854,1849.754698,824.761413,151.185588219,-33.937374444
35,path21852,cont35,116,120.327579762,142.447309814,1850.768443,825.102424,151.185800368,-33.937315229
35,path21852,cont35,117,121.052829128,142.393440648,1852.824252,825.255095,151.186230595,-33.937288718
35,path21852,cont35,118,121.703148494,142.133011276,1854.667662,825.993296,151.186616371,-33.937160532
35,path21852,cont35,119,122.116149843,142.107346693,1855.838365,826.066029,151.186861368,-33.937147902
35,path21852,cont35,120,122.741069211,141.954258778,1857.609776,826.499955,151.187232078,-33.937072553
35,path21852,cont35,121,123.018349895,141.758017323,1858.395761,827.056220,151.187396563,-33.936975959
35,path21852,cont35,122,124.136703943,141.479278784,1861.565873,827.846301,151.188059984,-33.936838764
35,path21852,cont35,123,124.313064607,141.362438786,1862.065789,828.177495,151.188164603,-33.936781254
35,path21852,cont35,124,124.429311939,141.321216703,1862.395306,828.294341,151.188233562,-33.936760964
35,path21852,cont35,125,124.891332642,141.015067332,1863.704959,829.162149,151.188507637,-33.936610272
35,path21852,cont35,126,125.327193990,140.685211294,1864.940460,830.097159,151.188766195,-33.936447911
35,path21852,cont35,127,126.117552022,140.387528590,1867.180827,830.940954,151.189235044,-33.936301389
35,path21852,cont35,128,126.661194036,140.329002757,1868.721847,831.106832,151.189557539,-33.936272585
35,path21852,cont35,129,127.281033403,140.309952758,1870.478859,831.160807,151.189925235,-33.936263212
35,path21852,cont35,130,127.805879418,140.260846091,1871.966601,831.299986,151.190236579,-33.936239045
35,path21852,cont35,131,128.639245470,140.641502128,1874.328883,830.220924,151.190730942,-33.936426420
35,path21852,cont35,132,128.745925468,140.726830252,1874.631282,829.979044,151.190794226,-33.936468421
35,path21852,cont35,133,129.494288834,141.279280245,1876.752615,828.413008,151.191238165,-33.936740358
35,path21852,cont35,134,129.672766165,141.299123995,1877.258531,828.356751,151.191344040,-33.936750127
35,path21852,cont35,135,131.048080898,141.343071286,1881.157033,828.232119,151.192159893,-33.936771768
35,path21852,cont35,136,131.182613583,141.356035869,1881.538383,828.195363,151.192239699,-33.936778151
35,path21852,cont35,137,131.285229582,141.375085869,1881.829261,828.141359,151.192300572,-33.936787529
35,path21852,cont35,138,131.550741600,141.478114618,1882.581888,827.849297,151.192458077,-33.936838244
35,path21852,cont35,139,131.615934932,141.913380654,1882.766690,826.615466,151.192496751,-33.937052494
35,path21852,cont35,140,131.908204262,142.445510647,1883.595168,825.107050,151.192670129,-33.937314425
35,path21852,cont35,141,131.947402282,143.174226055,1883.706285,823.041392,151.192693383,-33.937673119
35,path21852,cont35,142,132.308079632,143.740063964,1884.728673,821.437422,151.192907342,-33.937951643
35,path21852,cont35,143,132.488673629,144.485792080,1885.240595,819.323534,151.193014474,-33.938318712
35,path21852,cont35,144,132.638194961,144.870337492,1885.664435,818.233474,151.193103172,-33.938507997
35,path21852,cont35,145,132.638279628,145.104626030,1885.664676,817.569347,151.193103222,-33.938623320
35,path21852,cont35,146,132.659287544,146.353009556,1885.724235,814.030611,151.193115686,-33.939237809
35,path21852,cont35,147,132.659287544,146.566554762,1885.724236,813.425284,151.193115687,-33.939342922
35,path21852,cont35,148,132.473277525,146.966922257,1885.196970,812.290389,151.193005344,-33.939539992
35,path21852,cont35,149,132.241547508,147.629438915,1884.540108,810.412393,151.192867880,-33.939866099
35,path21852,cont35,150,131.785027492,148.262824949,1883.246049,808.616981,151.192597068,-33.940177866
35,path21852,cont35,151,131.555496162,148.636469528,1882.595417,807.557837,151.192460908,-33.940361782
35,path21852,cont35,152,131.183727479,149.013738898,1881.541594,806.488424,151.192240371,-33.940547482
35,path21852,cont35,153,130.741603443,149.514965558,1880.288342,805.067638,151.191978099,-33.940794196
35,path21852,cont35,154,129.967670745,149.959359719,1878.094537,803.807966,151.191518993,-33.941012934
35,path21852,cont35,155,129.745082081,150.210158258,1877.463583,803.097048,151.191386952,-33.941136382
35,path21852,cont35,156,129.495572063,150.405394297,1876.756317,802.543632,151.191238940,-33.941232481
35,path21852,cont35,157,128.999174048,150.458125755,1875.349215,802.394177,151.190944471,-33.941258433
35,path21852,cont35,158,128.297208016,150.451775755,1873.359405,802.412206,151.190528056,-33.941255303
35,path21852,cont35,159,127.807162647,150.519085754,1871.970311,802.221425,151.190237356,-33.941288431
35,path21852,cont35,160,127.410586631,150.357954506,1870.846166,802.678193,151.190002102,-33.941209115
35,path21852,cont35,161,127.035177281,149.959597844,1869.782018,803.807412,151.189779404,-33.941013030
35,path21852,cont35,162,126.411948602,149.665037223,1868.015396,804.642415,151.189409697,-33.940868035
35,path21852,cont35,163,126.118581251,149.227231187,1867.183807,805.883455,151.189235668,-33.940652533
35,path21852,cont35,164,125.533285884,148.851496400,1865.524712,806.948557,151.188888463,-33.940467582
35,path21852,cont35,165,125.142551868,148.263645157,1864.417123,808.614928,151.188656674,-33.940178222
35,path21852,cont35,166,124.778741852,147.913389745,1863.385856,809.607796,151.188440858,-33.940005814
35,path21852,cont35,167,124.429917835,147.037698298,1862.397064,812.090093,151.188233930,-33.939574773
35,path21852,cont35,168,124.089811839,146.909243091,1861.432991,812.454233,151.188032175,-33.939511541
35,path21852,cont35,169,123.628637804,146.567533720,1860.125733,813.422880,151.187758600,-33.939343339
35,path21852,cont35,170,122.876549105,146.431987680,1857.993843,813.807137,151.187312453,-33.939276614
35,path21852,cont35,171,122.741505773,146.435691847,1857.611045,813.796642,151.187232343,-33.939278437
35,path21852,cont35,172,122.653283108,146.479189346,1857.360968,813.673345,151.187180009,-33.939299847
35,path21852,cont35,173,122.153416405,146.567851220,1855.944034,813.422040,151.186883482,-33.939343485
35,path21852,cont35,174,121.738044390,147.255847253,1854.766615,811.471826,151.186637080,-33.939682132
35,path21852,cont35,175,121.390998373,147.924872662,1853.782874,809.575385,151.186431209,-33.940011443
35,path21852,cont35,176,121.206848376,148.264121407,1853.260880,808.613740,151.186321969,-33.940178429
35,path21852,cont35,177,121.224972334,148.436603280,1853.312256,808.124813,151.186332721,-33.940263329
35,path21852,cont35,178,121.254267000,149.758646805,1853.395305,804.377275,151.186350101,-33.940914075
35,path21852,cont35,179,121.280010958,149.960418053,1853.468281,803.805323,151.186365373,-33.941013393
35,path21852,cont35,180,121.625024975,150.534458045,1854.446270,802.178104,151.186570040,-33.941295954
35,path21852,cont35,181,121.826531639,150.879977416,1855.017469,801.198668,151.186689577,-33.941466029
35,path21852,cont35,182,122.336812341,151.656529490,1856.463928,798.997390,151.186992282,-33.941848273
35,path21852,cont35,183,122.468299672,151.931616778,1856.836648,798.217607,151.187070282,-33.941983679
35,path21852,cont35,184,122.742109023,152.211598858,1857.612796,797.423944,151.187232710,-33.942121496
35,path21852,cont35,185,123.081704373,153.011619473,1858.575427,795.156148,151.187434163,-33.942515291
35,path21852,cont35,186,123.161460372,153.352720302,1858.801508,794.189242,151.187481475,-33.942683190
35,path21852,cont35,187,123.383030390,153.996345710,1859.429581,792.364778,151.187612914,-33.943000002
35,path21852,cont35,188,123.499362389,154.288366331,1859.759340,791.536995,151.187681924,-33.943143743
35,path21852,cont35,189,123.720932407,155.048937572,1860.387414,789.381030,151.187813363,-33.943518119
35,path21852,cont35,190,123.934038404,155.548021107,1860.991493,787.966292,151.187939781,-33.943763783
35,path21852,cont35,191,124.231639088,156.544891720,1861.835086,785.140497,151.188116323,-33.944254472
35,path21852,cont35,192,124.302928420,156.745128384,1862.037166,784.572892,151.188158613,-33.944353035
35,path21852,cont35,193,124.324095086,156.852655049,1862.097166,784.268090,151.188171169,-33.944405962
35,path21852,cont35,194,124.431029085,157.221299003,1862.400287,783.223108,151.188234604,-33.944587420
35,path21852,cont35,195,124.851986455,158.018594409,1863.593548,780.963034,151.188484322,-33.944979873
35,path21852,cont35,196,125.038422452,158.441398571,1864.122028,779.764523,151.188594919,-33.945187991
35,path21852,cont35,197,125.440671135,159.123573771,1865.262257,777.830775,151.188833538,-33.945523779
35,path21852,cont35,198,125.662325820,159.677955222,1865.890568,776.259287,151.188965027,-33.945796662
35,path21852,cont35,199,125.875347150,160.137615841,1866.494407,774.956299,151.189091395,-33.946022921
35,path21852,cont35,200,125.970933170,160.287211256,1866.765359,774.532244,151.189148098,-33.946096557
35,path21852,cont35,201,126.119946501,160.606325210,1867.187758,773.627660,151.189236495,-33.946253634
35,path21852,cont35,202,126.797867201,161.152848537,1869.109413,772.078428,151.189638646,-33.946522653
35,path21852,cont35,203,127.411274548,161.434603325,1870.848194,771.279725,151.190002527,-33.946661345
35,path21852,cont35,204,127.808609918,161.651958530,1871.974492,770.663582,151.190238231,-33.946768336
35,path21852,cont35,205,127.919353916,161.722469988,1872.288411,770.463702,151.190303926,-33.946803044
35,path21852,cont35,206,128.106636580,161.833647903,1872.819287,770.148543,151.190415024,-33.946857770
35,path21852,cont35,207,129.129994630,162.202450607,1875.720126,769.103073,151.191022092,-33.947039312
35,path21852,cont35,208,129.497191313,162.537227894,1876.760993,768.154081,151.191239918,-33.947204102
35,path21852,cont35,209,129.931782662,163.093302679,1877.992901,766.577783,151.191497724,-33.947477820
35,path21852,cont35,210,130.138705347,163.529759340,1878.579452,765.340571,151.191620473,-33.947692657
35,path21852,cont35,211,130.423013364,164.296230789,1879.385364,763.167878,151.191789129,-33.948069938
35,path21852,cont35,212,130.494980030,164.531868702,1879.589364,762.499923,151.191831821,-33.948185926
35,path21852,cont35,213,130.728914027,165.226029527,1880.252484,760.532208,151.191970595,-33.948527612
35,path21852,cont35,214,130.868018712,165.545752023,1880.646796,759.625899,151.192053114,-33.948684989
35,path21852,cont35,215,131.186362729,166.591967426,1881.549189,756.660227,151.192241960,-33.949199967
35,path21852,cont35,216,131.279496061,166.828848882,1881.813189,755.988747,151.192297209,-33.949316568
35,path21852,cont35,217,131.308113394,166.922326172,1881.894309,755.723770,151.192314185,-33.949362580
35,path21852,cont35,218,131.343758061,167.080388254,1881.995349,755.275717,151.192335330,-33.949440383
35,path21852,cont35,219,131.619684078,168.183594906,1882.777504,752.148496,151.192499014,-33.949983413
35,path21852,cont35,220,131.711462743,168.618702193,1883.037665,750.915114,151.192553459,-33.950197586
35,path21852,cont35,221,131.801548076,169.236345518,1883.293028,749.164305,151.192606899,-33.950501607
35,path21852,cont35,222,131.862169408,169.636554263,1883.464869,748.029849,151.192642861,-33.950698601
35,path21852,cont35,223,131.959872094,170.315078213,1883.741825,746.106464,151.192700821,-33.951032590
35,path21852,cont35,224,132.067737426,171.126661119,1884.047588,743.805903,151.192764809,-33.951432074
35,path21852,cont35,225,132.077976801,171.210242993,1884.076613,743.568977,151.192770883,-33.951473216
35,path21852,cont35,226,132.182540133,172.011507150,1884.373017,741.297666,151.192832912,-33.951867620
35,path21852,cont35,227,132.262973466,172.627219017,1884.601020,739.552333,151.192880627,-33.952170691
35,path21852,cont35,228,132.329772819,173.159349010,1884.790375,738.043926,151.192920254,-33.952432621
35,path21852,cont35,229,132.400892818,173.707962545,1884.991977,736.488793,151.192962444,-33.952702664
35,path21852,cont35,230,132.475484150,174.110393790,1885.203418,735.348037,151.193006693,-33.952900752
35,path21852,cont35,231,132.639822148,175.166848568,1885.669262,732.353346,151.193104182,-33.953420769
35,path21852,cont35,232,132.681644835,175.404338565,1885.787816,731.680142,151.193128992,-33.953537668
35,path21852,cont35,233,132.713818168,175.567586480,1885.879016,731.217390,151.193148078,-33.953618024
35,path21852,cont35,234,132.876462833,176.535300009,1886.340060,728.474250,151.193244562,-33.954094360
35,path21852,cont35,235,132.971035498,177.005808545,1886.608141,727.140517,151.193300665,-33.954325958
35,path21852,cont35,236,132.987545498,177.100793961,1886.654941,726.871266,151.193310459,-33.954372712
35,path21852,cont35,237,133.013527581,177.238456667,1886.728592,726.481038,151.193325872,-33.954440474
35,path21852,cont35,238,133.270064932,178.402120611,1887.455787,723.182443,151.193478054,-33.955013263
35,path21852,cont35,239,133.339322265,178.797249356,1887.652108,722.062387,151.193519139,-33.955207757
35,path21852,cont35,240,133.448878284,179.371871432,1887.962663,720.433528,151.193584130,-33.955490602
35,path21852,cont35,241,133.546583616,179.821028093,1888.239624,719.160320,151.193642091,-33.955711690
35,path21852,cont35,242,133.666471615,180.493704751,1888.579466,717.253509,151.193713210,-33.956042801
35,path21852,cont35,243,133.818530300,181.244512867,1889.010501,715.125222,151.193803415,-33.956412370
35,path21852,cont35,244,133.858238966,181.479304114,1889.123062,714.459668,151.193826971,-33.956527941
35,path21852,cont35,245,133.994467631,182.190239522,1889.509224,712.444407,151.193907784,-33.956877884
35,path21852,cont35,246,134.090564297,182.667918266,1889.781625,711.090349,151.193964790,-33.957113011
35,path21852,cont35,247,134.239828982,183.558876171,1890.204741,708.564785,151.194053337,-33.957551566
35,path21852,cont35,248,134.302228315,183.886694917,1890.381622,707.635530,151.194090354,-33.957712928
35,path21852,cont35,249,134.346000981,184.108098247,1890.505703,707.007926,151.194116321,-33.957821909
35,path21852,cont35,250,134.566554999,185.438873022,1891.130900,703.235631,151.194247158,-33.958476955
35,path21852,cont35,251,134.590949582,185.558755729,1891.200050,702.895804,151.194261629,-33.958535964
35,path21852,cont35,252,134.595341665,185.583097395,1891.212500,702.826804,151.194264235,-33.958547946
35,path21852,cont35,253,134.602802915,185.619504062,1891.233650,702.723603,151.194268661,-33.958565866
35,path21852,cont35,254,134.899387599,186.945542795,1892.074366,698.964730,151.194444600,-33.959218581
35,path21852,cont35,255,134.965004265,187.279632166,1892.260367,698.017699,151.194483525,-33.959383029
35,path21852,cont35,256,135.082521597,187.797554034,1892.593488,696.549565,151.194553239,-33.959637966
35,path21852,cont35,257,135.211130262,188.329075486,1892.958049,695.042881,151.194629532,-33.959899596
35,path21852,cont35,258,135.352182281,188.976193394,1893.357884,693.208519,151.194713206,-33.960218126
35,path21852,cont35,259,135.533030279,189.702527552,1893.870525,691.149606,151.194820488,-33.960575649
35,path21852,cont35,260,135.603980944,190.017646298,1894.071646,690.256350,151.194862578,-33.960730759
35,path21852,cont35,261,135.761034963,190.672728165,1894.516840,688.399413,151.194955745,-33.961053210
35,path21852,cont35,262,135.860772295,191.070132326,1894.799560,687.272906,151.195014911,-33.961248824
35,path21852,cont35,263,136.120442313,192.232605645,1895.535636,683.977686,151.195168952,-33.961821027
35,path21852,cont35,264,136.153208312,192.369262935,1895.628516,683.590308,151.195188389,-33.961888293
35,path21852,cont35,265,136.173448937,192.452738976,1895.685891,683.353682,151.195200396,-33.961929383
35,path21852,cont35,266,136.256591603,192.834506262,1895.921572,682.271500,151.195249718,-33.962117300
35,path21852,cont35,267,136.518378287,193.803066459,1896.663646,679.525956,151.195405014,-33.962594053
35,path21852,cont35,268,136.582978953,194.065877080,1896.846767,678.780976,151.195443337,-33.962723416
35,path21852,cont35,269,136.688727618,194.499634991,1897.146527,677.551418,151.195506069,-33.962936925
35,path21852,cont35,270,136.856110970,195.160617066,1897.621001,675.677756,151.195605363,-33.963262279
35,path21852,cont35,271,136.999112968,195.762491226,1898.026362,673.971645,151.195690195,-33.963558539
35,path21852,cont35,272,137.184191654,196.527957258,1898.550996,671.801806,151.195799987,-33.963935324
35,path21852,cont35,273,137.234060320,196.743698505,1898.692357,671.190252,151.195829570,-33.964041518
35,path21852,cont35,274,137.404155651,197.459052454,1899.174518,669.162464,151.195930473,-33.964393636
35,path21852,cont35,275,137.505078316,197.902441199,1899.460599,667.905606,151.195990342,-33.964611885
35,path21852,cont35,276,137.733845001,198.941962644,1900.109075,664.958913,151.196126051,-33.965123568
35,path21852,cont35,277,137.781851000,199.155745974,1900.245155,664.352910,151.196154529,-33.965228798
35,path21852,cont35,278,137.815209667,199.287746598,1900.339715,663.978732,151.196174318,-33.965293772
35,path21852,cont35,279,137.946694352,199.870068049,1900.712429,662.328047,151.196252317,-33.965580408
35,path21852,cont35,280,138.160816350,200.637412622,1901.319390,660.152882,151.196379338,-33.965958117
35,path21852,cont35,281,138.310081035,201.217114699,1901.742504,658.509621,151.196467884,-33.966243464
35,path21852,cont35,282,138.515397699,201.978188647,1902.324505,656.352231,151.196589682,-33.966618087
35,path21852,cont35,283,138.657550385,202.549000723,1902.727458,654.734170,151.196674009,-33.966899057
35,path21852,cont35,284,138.885642382,203.303116131,1903.374019,652.596505,151.196809317,-33.967270255
35,path21852,cont35,285,138.952529048,203.558650711,1903.563619,651.872150,151.196848995,-33.967396036
35,path21852,cont35,286,139.147598400,204.245694244,1904.116573,649.924611,151.196964714,-33.967734219
35,path21852,cont35,287,139.264946398,204.618915489,1904.449213,648.866653,151.197034327,-33.967917930
35,path21852,cont35,288,139.580496415,205.885766931,1905.343688,645.275555,151.197221516,-33.968541511
35,path21852,cont35,289,139.596583082,205.942334847,1905.389288,645.115203,151.197231059,-33.968569356
35,path21852,cont35,290,139.605817040,205.973476305,1905.415463,645.026928,151.197236537,-33.968584684
35,path21852,cont35,291,139.636889706,206.120981512,1905.503543,644.608800,151.197254970,-33.968657291
35,path21852,cont35,292,139.956080390,207.318565038,1906.408338,641.214052,151.197444319,-33.969246776
35,path21852,cont35,293,140.026946389,207.639028368,1906.609218,640.305647,151.197486358,-33.969404518
35,path21852,cont35,294,140.099082388,208.103081070,1906.813700,638.990215,151.197529151,-33.969632938
35,path21852,cont35,295,140.216089074,208.754432312,1907.145375,637.143855,151.197598562,-33.969953551
35,path21852,cont35,296,140.301517739,209.335827721,1907.387537,635.495796,151.197649240,-33.970239731
35,path21852,cont35,297,140.313212323,210.014510421,1907.420692,633.571965,151.197656178,-33.970573797
35,path21852,cont35,298,140.318874406,210.348176458,1907.436744,632.626137,151.197659537,-33.970738037
35,path21852,cont35,299,140.330727739,211.032627075,1907.470349,630.685956,151.197666570,-33.971074942
35,path21852,cont35,300,140.352238364,211.750256441,1907.531328,628.651724,151.197679331,-33.971428179
35,path21852,cont35,301,140.351180030,212.013067063,1907.528330,627.906747,151.197678704,-33.971557542
35,path21852,cont35,302,140.374198780,212.729426428,1907.593585,625.876115,151.197692360,-33.971910153
35,path21852,cont35,303,140.151694783,213.245284547,1906.962873,624.413845,151.197560369,-33.972164071
35,path21852,cont35,304,139.638366081,213.914918497,1905.507784,622.515685,151.197255857,-33.972493680
35,path21852,cont35,305,139.420688084,214.207679952,1904.890750,621.685817,151.197126729,-33.972637784
35,path21852,cont35,306,139.003114735,214.426543282,1903.707088,621.065432,151.196879020,-33.972745511
35,path21852,cont35,307,138.547782699,215.027597233,1902.416397,619.361671,151.196608912,-33.973041363
35,path21852,cont35,308,137.949784686,215.925302013,1900.721303,616.817013,151.196254174,-33.973483234
35,path21852,cont35,309,137.894243353,216.067806595,1900.563865,616.413064,151.196221227,-33.973553378
35,path21852,cont35,310,137.887734603,216.123686594,1900.545416,616.254663,151.196217366,-33.973580884
35,path21852,cont35,311,137.893079186,216.180651385,1900.560566,616.093188,151.196220536,-33.973608923
35,path21852,cont35,312,137.854304499,217.724283449,1900.450665,611.717526,151.196197537,-33.974368741
35,path21852,cont35,313,137.861501166,217.820565323,1900.471066,611.444600,151.196201806,-33.974416134
35,path21852,cont35,314,137.864623249,217.906501988,1900.479917,611.200999,151.196203658,-33.974458434
35,path21852,cont35,315,137.938619269,219.505590718,1900.689679,606.668133,151.196247556,-33.975245550
35,path21852,cont35,316,137.939148436,219.517496968,1900.691179,606.634383,151.196247870,-33.975251410
35,path21852,cont35,317,137.939063769,219.528874051,1900.690939,606.602133,151.196247820,-33.975257010
35,path21852,cont35,318,137.950493769,219.638676133,1900.723340,606.290881,151.196254600,-33.975311058
35,path21852,cont35,319,138.168679766,220.995353616,1901.341825,602.445161,151.196384033,-33.975978853
35,path21852,cont35,320,138.185613099,221.214296322,1901.389826,601.824534,151.196394078,-33.976086623
35,path21852,cont35,321,138.221850432,221.486605485,1901.492547,601.052630,151.196415575,-33.976220661
35,path21852,cont35,322,138.420983784,222.438999639,1902.057022,598.352914,151.196533705,-33.976689457
35,path21852,cont35,323,138.473731117,222.911175050,1902.206544,597.014458,151.196564996,-33.976921875
35,path21852,cont35,324,138.531050449,223.493681710,1902.369027,595.363250,151.196598999,-33.977208602
35,path21852,cont35,325,138.595058448,223.961306287,1902.550469,594.037694,151.196636970,-33.977438780
35,path21852,cont35,326,138.653475802,224.608053779,1902.716065,592.204386,151.196671625,-33.977757127
35,path21852,cont35,327,138.682177801,225.342113770,1902.797430,590.123579,151.196688652,-33.978118452
35,path21852,cont35,328,138.681119468,225.571983767,1902.794431,589.471977,151.196688025,-33.978231600
35,path21852,cont35,329,138.712446134,226.305038341,1902.883236,587.394020,151.196706609,-33.978592430
35,path21852,cont35,330,138.709138843,227.066006456,1902.873866,585.236938,151.196704648,-33.978966999
35,path21852,cont35,331,138.678574176,227.271825829,1902.787229,584.653513,151.196686517,-33.979068309
35,path21852,cont35,332,138.674340843,228.002075819,1902.775234,582.583507,151.196684007,-33.979427758
35,path21852,cont35,333,138.616431490,228.669566644,1902.611087,580.691404,151.196649656,-33.979756314
35,path21852,cont35,334,138.382497493,229.266731220,1901.947976,578.998658,151.196510884,-33.980050254
35,path21852,cont35,335,138.315441494,229.699113298,1901.757901,577.773007,151.196471107,-33.980263083
35,path21852,cont35,336,138.224681474,229.972851211,1901.500632,576.997059,151.196417267,-33.980397824
35,path21852,cont35,337,137.952308811,230.198302667,1900.728560,576.357993,151.196255693,-33.980508795
35,path21852,cont35,338,137.826666125,229.825346005,1900.372407,577.415201,151.196181160,-33.980325215
35,path21852,cont35,339,137.776204792,229.699192673,1900.229367,577.772805,151.196151225,-33.980263119
35,path21852,cont35,340,137.675197460,229.420983302,1899.943047,578.561436,151.196091306,-33.980126176
35,path21852,cont35,341,137.416543442,228.540132479,1899.209854,581.058354,151.195937868,-33.979692595
35,path21852,cont35,342,137.173126779,228.002313944,1898.519855,582.582893,151.195793470,-33.979427864
35,path21852,cont35,343,136.913202761,227.348713744,1897.783064,584.435635,151.195639279,-33.979106142
35,path21852,cont35,344,136.262460061,226.504084380,1895.938446,586.829893,151.195253249,-33.978690388
35,path21852,cont35,345,136.204209395,226.364040423,1895.773326,587.226872,151.195218694,-33.978621454
35,path21852,cont35,346,136.183968770,226.305541049,1895.715951,587.392698,151.195206687,-33.978592659
35,path21852,cont35,347,136.138926104,226.181504384,1895.588271,587.744301,151.195179967,-33.978531604
35,path21852,cont35,348,135.729057422,225.144258355,1894.426440,590.684552,151.194936827,-33.978021041
35,path21852,cont35,349,135.552868737,224.608662320,1893.927008,592.202788,151.194832309,-33.977757404
35,path21852,cont35,350,135.311653406,223.866479622,1893.243247,594.306629,151.194689216,-33.977392080
35,path21852,cont35,351,135.227497387,223.569537750,1893.004694,595.148360,151.194639293,-33.977245916
35,path21852,cont35,352,135.026752722,222.911783592,1892.435654,597.012874,151.194520208,-33.976922150
35,path21852,cont35,353,134.931502724,222.551262346,1892.165653,598.034831,151.194463704,-33.976744691
35,path21852,cont35,354,134.572434041,221.481842985,1891.147821,601.066280,151.194250699,-33.976218291
35,path21852,cont35,355,134.484806688,221.302958195,1890.899429,601.573360,151.194198717,-33.976130239
35,path21852,cont35,356,134.449924021,221.214984238,1890.800549,601.822737,151.194178024,-33.976086935
35,path21852,cont35,357,134.348239356,220.989770908,1890.512310,602.461143,151.194117703,-33.975976078
35,path21852,cont35,358,133.933798674,220.159455502,1889.337520,604.814817,151.193871851,-33.975567371
35,path21852,cont35,359,133.690892656,219.518184885,1888.648968,606.632607,151.193727755,-33.975251719
35,path21852,cont35,360,133.441803326,218.956765517,1887.942889,608.224047,151.193579992,-33.974975371
35,path21852,cont35,361,133.195087308,218.134996152,1887.243536,610.553489,151.193433636,-33.974570872
35,path21852,cont35,362,133.081125976,217.821306156,1886.920496,611.442696,151.193366032,-33.974416464
35,path21852,cont35,363,133.023216623,217.680256783,1886.756344,611.842525,151.193331679,-33.974347035
35,path21852,cont35,364,132.882669958,217.267004080,1886.357944,613.013959,151.193248305,-33.974143620
35,path21852,cont35,365,132.270027257,216.739954086,1884.621328,614.507989,151.192884877,-33.973884187
35,path21852,cont35,366,131.193495896,216.124771386,1881.569761,616.251863,151.192246266,-33.973581370
35,path21852,cont35,367,129.765603164,215.862489931,1877.522219,616.995399,151.191399223,-33.973452258
35,path21852,cont35,368,129.504409146,215.712444724,1876.781831,617.420736,151.191244279,-33.973378399
35,path21852,cont35,369,128.834531780,215.101072024,1874.882976,619.153793,151.190846899,-33.973077460
35,path21852,cont35,370,128.422885097,214.428236615,1873.716107,621.061066,151.190602705,-33.972746269
35,path21852,cont35,371,128.233993766,214.007522662,1873.180668,622.253652,151.190490651,-33.972539181
35,path21852,cont35,372,127.814981084,212.834995177,1871.992916,625.577379,151.190242086,-33.971962028
35,path21852,cont35,373,127.780355064,212.766256428,1871.894764,625.772231,151.190221546,-33.971928193
35,path21852,cont35,374,127.765035689,212.731543095,1871.851339,625.870632,151.190212458,-33.971911106
35,path21852,cont35,375,127.728798356,212.644918513,1871.748619,626.116184,151.190190962,-33.971868466
35,path21852,cont35,376,127.243576341,211.608677901,1870.373189,629.053588,151.189903121,-33.971358397
35,path21852,cont35,377,127.041733656,211.034743742,1869.801037,630.680501,151.189783384,-33.971075889
35,path21852,cont35,378,126.851910992,210.305181667,1869.262956,632.748565,151.189670778,-33.970716778
35,path21852,cont35,379,126.786802326,210.002233755,1869.078395,633.607320,151.189632155,-33.970567658
35,path21852,cont35,380,126.626022974,209.338023763,1868.622641,635.490132,151.189536777,-33.970240714
35,path21852,cont35,381,126.556172975,208.905377102,1868.424639,636.716538,151.189495341,-33.970027753
35,path21852,cont35,382,126.402248977,207.919354406,1867.988316,639.511578,151.189404030,-33.969542405
35,path21852,cont35,383,126.357798978,207.641250868,1867.862314,640.299907,151.189377661,-33.969405514
35,path21852,cont35,384,126.325964311,207.439638370,1867.772074,640.871410,151.189358776,-33.969306275
35,path21852,cont35,385,126.125137626,206.050522971,1867.202796,644.809080,151.189239642,-33.968622513
35,path21852,cont35,386,126.107357627,205.962390264,1867.152395,645.058906,151.189229094,-33.968579131
35,path21852,cont35,387,126.104050335,205.944398597,1867.143020,645.109907,151.189227132,-33.968570275
35,path21852,cont35,388,126.098282418,205.917384639,1867.126670,645.186482,151.189223711,-33.968556978
35,path21852,cont35,389,125.794839735,204.579413198,1866.266515,648.979181,151.189043703,-33.967898390
35,path21852,cont35,390,125.725751735,204.247678619,1866.070674,649.919536,151.189002719,-33.967735101
35,path21852,cont35,391,125.610266404,203.730709250,1865.743312,651.384971,151.188934211,-33.967480633
35,path21852,cont35,392,125.481406384,203.197309257,1865.378039,652.896980,151.188857768,-33.967218078
35,path21852,cont35,393,125.343738386,202.550985098,1864.987797,654.729091,151.188776101,-33.966899939
35,path21852,cont35,394,125.174915701,201.808458441,1864.509243,656.833904,151.188675953,-33.966534446
35,path21852,cont35,395,125.125301035,201.546997194,1864.368602,657.575059,151.188646520,-33.966405747
35,path21852,cont35,396,124.977219037,200.854265120,1863.948840,659.538721,151.188558675,-33.966064764
35,path21852,cont35,397,124.877481704,200.410373667,1863.666119,660.797003,151.188499509,-33.965846268
35,path21852,cont35,398,124.717803019,199.441284304,1863.213483,663.544043,151.188404785,-33.965369255
35,path21852,cont35,399,124.660060353,199.157571599,1863.049802,664.348273,151.188370530,-33.965229603
35,path21852,cont35,400,124.620775020,198.971384310,1862.938442,664.876051,151.188347226,-33.965137956
35,path21852,cont35,401,124.435357668,197.769382242,1862.412845,668.283319,151.188237232,-33.964546297
35,path21852,cont35,402,124.371773003,197.524774953,1862.232604,668.976698,151.188199513,-33.964425894
35,path21852,cont35,403,124.359655086,197.460930996,1862.198254,669.157674,151.188192324,-33.964394468
35,path21852,cont35,404,124.336874461,197.362056205,1862.133679,669.437951,151.188178810,-33.964345799
35,path21852,cont35,405,124.010571778,196.190772262,1861.208725,672.758149,151.187985242,-33.963769259
35,path21852,cont35,406,123.923957779,195.764316851,1860.963204,673.967006,151.187933861,-33.963559345
35,path21852,cont35,407,123.779431781,195.105689567,1860.553522,675.833993,151.187848125,-33.963235149
35,path21852,cont35,408,123.701033094,194.804964154,1860.331289,676.686448,151.187801618,-33.963087124
35,path21852,cont35,409,123.555491096,194.067702705,1859.918727,678.776336,151.187715280,-33.962724222
35,path21852,cont35,410,123.428237098,193.382246672,1859.558005,680.719372,151.187639790,-33.962386821
35,path21852,cont35,411,123.377183098,193.005215427,1859.413283,681.788127,151.187609504,-33.962201236
35,path21852,cont35,412,123.269066412,192.370982727,1859.106808,683.585962,151.187545367,-33.961889048
35,path21852,cont35,413,123.176610413,191.938336065,1858.844727,684.812369,151.187490520,-33.961676087
35,path21852,cont35,414,123.031491749,190.961467953,1858.433363,687.581458,151.187404432,-33.961195245
35,path21852,cont35,415,122.976458416,190.674447956,1858.277362,688.395063,151.187371786,-33.961053965
35,path21852,cont35,416,122.937937729,190.481328584,1858.168169,688.942491,151.187348934,-33.960958906
35,path21852,cont35,417,122.745659731,189.390557348,1857.623125,692.034458,151.187234871,-33.960421998
35,path21852,cont35,418,122.644906399,189.078904643,1857.337525,692.917890,151.187175103,-33.960268593
35,path21852,cont35,419,122.624004316,188.977833811,1857.278275,693.204391,151.187162703,-33.960218843
35,path21852,cont35,420,122.576678296,188.808156522,1857.144122,693.685370,151.187134629,-33.960135323
35,path21852,cont35,421,122.231492300,187.797659868,1856.165642,696.549792,151.186929859,-33.959637926
35,path21852,cont35,422,122.110675614,187.281272582,1855.823169,698.013577,151.186858188,-33.959383745
35,path21852,cont35,423,121.883176284,186.450877801,1855.178288,700.367468,151.186723232,-33.958975001
35,path21852,cont35,424,121.874974201,186.406930510,1855.155037,700.492044,151.186718366,-33.958953369
35,path21852,cont35,425,121.678634849,185.584737812,1854.598483,702.822683,151.186601894,-33.958548661
35,path21852,cont35,426,121.552481517,185.086474485,1854.240882,704.235093,151.186527058,-33.958303402
35,path21852,cont35,427,121.390686165,184.224065121,1853.782247,706.679732,151.186431078,-33.957878899
35,path21852,cont35,428,121.314062833,183.888203042,1853.565046,707.631788,151.186385623,-33.957713578
35,path21852,cont35,429,121.262162167,183.681457628,1853.417926,708.217841,151.186354835,-33.957611812
35,path21852,cont35,430,121.056255482,182.658181599,1852.834250,711.118483,151.186232687,-33.957108126
35,path21852,cont35,431,120.924090817,182.324515562,1852.459611,712.064317,151.186154285,-33.956943885
35,path21852,cont35,432,120.887345484,182.191668272,1852.355451,712.440894,151.186132487,-33.956878494
35,path21852,cont35,433,120.810214152,181.944520983,1852.136811,713.141474,151.186086731,-33.956756841
35,path21852,cont35,434,120.491531468,181.062400161,1851.233458,715.641995,151.185897684,-33.956322635
35,path21852,cont35,435,120.338033449,180.495212876,1850.798345,717.249781,151.185806626,-33.956043448
35,path21852,cont35,436,120.130684785,179.728318094,1850.210584,719.423671,151.185683623,-33.955665960
35,path21852,cont35,437,120.087589452,179.522313514,1850.088423,720.007624,151.185658058,-33.955564559
35,path21852,cont35,438,119.910046100,178.798678106,1849.585150,722.058888,151.185552737,-33.955208364
35,path21852,cont35,439,119.788210769,178.375768111,1849.239789,723.257696,151.185480462,-33.955000196
35,path21852,cont35,440,119.566640751,177.302618125,1848.611714,726.299714,151.185349022,-33.954471960
35,path21852,cont35,441,119.515756085,177.102222711,1848.467473,726.867768,151.185318837,-33.954373320
35,path21852,cont35,442,119.482143418,176.986652712,1848.372193,727.195370,151.185298897,-33.954316433
35,path21852,cont35,443,119.367081420,176.477223969,1848.046032,728.639429,151.185230640,-33.954065677
35,path21852,cont35,444,119.030703403,175.743666686,1847.092521,730.718824,151.185031096,-33.953704598
35,path21852,cont35,445,118.931220071,175.405767315,1846.810521,731.676656,151.184972081,-33.953538274
35,path21852,cont35,446,118.668163387,174.703801283,1846.064849,733.666498,151.184816031,-33.953192745
35,path21852,cont35,447,118.578162721,174.501791910,1845.809729,734.239128,151.184762642,-33.953093310
35,path21852,cont35,448,118.342114703,173.709311920,1845.140616,736.485545,151.184622614,-33.952703228
35,path21852,cont35,449,118.174474706,173.210704635,1844.665416,737.898931,151.184523167,-33.952457798
35,path21852,cont35,450,118.011070687,172.347369229,1844.202221,740.346195,151.184426233,-33.952032840
35,path21852,cont35,451,117.920985355,172.012935900,1843.946860,741.294201,151.184372793,-33.951868222
35,path21852,cont35,452,117.871878689,171.818202569,1843.807660,741.846205,151.184343662,-33.951772369
35,path21852,cont35,453,117.677994670,170.393606545,1843.258062,745.884450,151.184228645,-33.951071142
35,path21852,cont35,454,117.658362587,170.336218421,1843.202412,746.047126,151.184216999,-33.951042894
35,path21852,cont35,455,117.655478629,170.316374671,1843.194236,746.103376,151.184215288,-33.951033126
35,path21852,cont35,456,117.654684879,170.293091338,1843.191986,746.169376,151.184214817,-33.951021666
35,path21852,cont35,457,117.492209548,168.806265315,1842.731419,750.384020,151.184118433,-33.950289808
35,path21852,cont35,458,117.487976214,168.619919276,1842.719418,750.912247,151.184115921,-33.950198083
35,path21852,cont35,459,117.504565589,168.445823445,1842.766441,751.405748,151.184125762,-33.950112389
35,path21852,cont35,460,117.598630255,167.002785963,1843.033069,755.496256,151.184181560,-33.949402087
35,path21852,cont35,461,117.605826921,166.923463881,1843.053468,755.721106,151.184185829,-33.949363042
35,path21852,cont35,462,117.612335671,166.857926590,1843.071918,755.906882,151.184189690,-33.949330783
35,path21852,cont35,463,117.677613670,166.244939931,1843.256952,757.644484,151.184228413,-33.949029055
35,path21852,cont35,464,117.728159670,165.277967235,1843.400224,760.385515,151.184258396,-33.948553085
35,path21852,cont35,465,117.736044253,165.227087860,1843.422574,760.529740,151.184263073,-33.948528041
35,path21852,cont35,466,117.933992271,164.969357239,1843.983680,761.260309,151.184380498,-33.948401180
35,path21852,cont35,467,118.411932953,164.268581831,1845.338458,763.246746,151.184664017,-33.948056242
35,path21852,cont35,468,118.939993654,163.958543085,1846.835309,764.125577,151.184977268,-33.947903637
35,path21852,cont35,469,119.365949003,163.661786422,1848.042731,764.966762,151.185229949,-33.947757568
35,path21852,cont35,470,119.439863002,163.604795172,1848.252249,765.128309,151.185273796,-33.947729516
35,path21852,cont35,471,119.654236354,163.530553090,1848.859916,765.338751,151.185400965,-33.947692973
35,path21852,cont35,472,120.336816366,162.809537057,1850.794770,767.382554,151.185805878,-33.947338074
35,path21852,cont35,473,120.806033735,162.083520400,1852.124820,769.440541,151.186084222,-33.946980712
35,path21852,cont35,474,120.978923066,161.834097695,1852.614894,770.147561,151.186186782,-33.946857941
35,path21852,cont35,475,120.988395149,161.767793112,1852.641743,770.335511,151.186192400,-33.946825304
35,path21852,cont35,476,121.000592441,160.191564382,1852.676307,774.803574,151.186199634,-33.946049441
35,path21852,cont35,477,121.006598482,160.137721674,1852.693332,774.956199,151.186203196,-33.946022938
35,path21852,cont35,478,121.007656816,160.091075633,1852.696331,775.088424,151.186203824,-33.945999978
35,path21852,cont35,479,120.919688150,158.576230236,1852.446962,779.382490,151.186151638,-33.945254329
35,path21852,cont35,480,120.922492733,158.441425029,1852.454911,779.764616,151.186153301,-33.945187974
35,path21852,cont35,481,120.917148150,158.304026906,1852.439760,780.154093,151.186150131,-33.945120343
35,path21852,cont35,482,120.775839485,157.024290255,1852.039194,783.781709,151.186066303,-33.944490421
35,path21852,cont35,483,120.766526152,156.745075467,1852.012792,784.573187,151.186060778,-33.944352983
35,path21852,cont35,484,120.741549486,156.431464846,1851.941991,785.462166,151.186045961,-33.944198616
35,path21852,cont35,485,120.614382800,155.490050900,1851.581514,788.130754,151.185970523,-33.943735225
35,path21852,cont35,486,120.583310134,155.048858197,1851.493432,789.381384,151.185952089,-33.943518058
35,path21852,cont35,487,120.552322134,154.545276745,1851.405589,790.808864,151.185933706,-33.943270181
35,path21852,cont35,488,120.513798801,153.894798628,1851.296385,792.652746,151.185910853,-33.942949997
35,path21852,cont35,489,120.480270802,153.352588010,1851.201342,794.189727,151.185890963,-33.942683106
35,path21852,cont35,490,120.472306843,152.768731976,1851.178763,795.844757,151.185886237,-33.942395716
35,path21852,cont35,491,120.521667509,152.190458650,1851.318678,797.483960,151.185915518,-33.942111075
35,path21852,cont35,492,120.512618759,151.656291365,1851.293024,798.998140,151.185910149,-33.941848143
35,path21852,cont35,493,120.546739426,151.147444704,1851.389740,800.440543,151.185930389,-33.941597675
35,path21852,cont35,494,120.863644109,150.150441800,1852.288039,803.266688,151.186118379,-33.941106925
35,path21852,cont35,495,120.884308067,149.960021178,1852.346612,803.806464,151.186130637,-33.941013195
35,path21852,cont35,496,120.835878735,149.741739930,1852.209331,804.425218,151.186101908,-33.940905750
35,path21852,cont35,497,120.866528068,148.451102447,1852.296201,808.083727,151.186120088,-33.940270464
35,path21852,cont35,498,120.786433402,148.263803907,1852.069162,808.614657,151.186072574,-33.940178269
35,path21852,cont35,499,119.879153351,147.746940372,1849.497360,810.079824,151.185534364,-33.939923849
35,path21852,cont35,500,119.364552003,147.728154956,1848.038658,810.133095,151.185229097,-33.939914598
35,path21852,cont35,501,118.826077302,147.722863289,1846.512284,810.148117,151.184909668,-33.939911990
35,path21852,cont35,502,118.402492619,147.534136000,1845.311579,810.683111,151.184658392,-33.939819090
35,path21852,cont35,503,117.676227254,147.531490167,1843.252889,810.690641,151.184227563,-33.939817782
35,path21852,cont35,504,117.094400573,147.679550998,1841.603630,810.270963,151.183882417,-33.939890658
35,path21852,cont35,505,116.590469871,147.658648915,1840.175175,810.330234,151.183583479,-33.939880366
35,path21852,cont35,506,115.987815191,147.753554955,1838.466876,810.061233,151.183225978,-33.939927077
35,path21852,cont35,507,115.638313842,147.912992870,1837.476172,809.609296,151.183018649,-33.940005554
35,path21852,cont35,508,114.565341126,147.996971619,1834.434698,809.371289,151.182382150,-33.940046883
35,path21852,cont35,509,114.299490442,148.068435576,1833.681111,809.168725,151.182224444,-33.940082058
35,path21852,cont35,510,114.082659111,148.046475160,1833.066476,809.230984,151.182095817,-33.940071247
35,path21852,cont35,511,112.896233064,148.264333074,1829.703404,808.613481,151.181392016,-33.940178474
35,path21852,cont35,512,112.723515712,148.377257239,1829.213816,808.293387,151.181289558,-33.940234057
35,path21852,cont35,513,112.611078380,148.421389739,1828.895099,808.168291,151.181222859,-33.940255779
35,path21852,cont35,514,112.239140364,148.637951194,1827.840796,807.554429,151.181002221,-33.940362374
35,path21852,cont35,515,111.665613663,149.010749106,1826.215066,806.497700,151.180661999,-33.940545871
35,path21852,cont35,516,110.922668964,149.323909936,1824.109098,805.610028,151.180221276,-33.940700012
35,path21852,cont35,517,110.554286947,149.590451182,1823.064875,804.854491,151.180002748,-33.940831209
35,path21852,cont35,518,109.367606900,149.960603261,1819.701085,803.805286,151.179298796,-33.941013399
35,path21852,cont35,519,109.330776900,150.057546593,1819.596687,803.530487,151.179276948,-33.941061117
35,path21852,cont35,520,109.234341568,150.283685965,1819.323330,802.889464,151.179219742,-33.941172428
35,path21852,cont35,521,108.899910885,151.320931994,1818.375352,799.949244,151.179021356,-33.941682987
35,path21852,cont35,522,108.785864886,151.656899906,1818.052077,798.996896,151.178953703,-33.941848359
35,path21852,cont35,523,108.828198219,152.064993234,1818.172079,797.840091,151.178978816,-33.942049234
35,path21852,cont35,524,108.906091552,153.023314056,1818.392884,795.123579,151.179025025,-33.942520946
35,path21852,cont35,525,108.938942218,153.353170093,1818.486006,794.188550,151.179044513,-33.942683311
35,path21852,cont35,526,108.987117551,153.601587382,1818.622567,793.484371,151.179073091,-33.942805589
35,path21852,cont35,527,109.234426235,155.049387363,1819.323604,789.380349,151.179219800,-33.943518237
35,path21852,cont35,528,109.615169584,156.363228805,1820.402878,785.656047,151.179445663,-33.944164949
35,path21852,cont35,529,109.708048916,156.745657550,1820.666159,784.571990,151.179500761,-33.944353191
35,path21852,cont35,530,109.879075581,157.393278167,1821.150960,782.736203,151.179602217,-33.944671969
35,path21852,cont35,531,109.967549601,157.705512955,1821.401753,781.851122,151.179654701,-33.944825660
35,path21852,cont35,532,110.151953598,158.442033571,1821.924474,779.763333,151.179764093,-33.945188197
35,path21852,cont35,533,110.319421617,159.048326271,1822.399188,778.044696,151.179863437,-33.945486632
35,path21852,cont35,534,110.484775615,159.698063555,1822.867909,776.202909,151.179961528,-33.945806452
35,path21852,cont35,535,110.602292947,160.138303758,1823.201029,774.954975,151.180031242,-33.946023151
35,path21852,cont35,536,110.667314300,160.395187713,1823.385342,774.226796,151.180069813,-33.946149597
35,path21852,cont35,537,110.923092297,161.617165822,1824.110386,770.762900,151.180221546,-33.946751090
35,path21852,cont35,538,110.976347630,161.781101654,1824.261346,770.298196,151.180253138,-33.946831784
35,path21852,cont35,539,110.994630338,161.834600403,1824.313171,770.146545,151.180263983,-33.946858117
35,path21852,cont35,540,111.021808337,161.933819152,1824.390211,769.865293,151.180280106,-33.946906956
35,path21852,cont35,541,111.352090354,163.100023095,1825.326445,766.559495,151.180476035,-33.947480996
35,path21852,cont35,542,111.467403707,163.530976423,1825.653318,765.337887,151.180544440,-33.947693123
35,path21852,cont35,543,111.756794370,164.368409121,1826.473638,762.964043,151.180716112,-33.948105333
35,path21852,cont35,544,111.762879786,164.383754954,1826.490888,762.920542,151.180719721,-33.948112887
35,path21852,cont35,545,112.006209137,165.227352444,1827.180641,760.529225,151.180864069,-33.948528130
35,path21852,cont35,546,112.127959803,165.713339104,1827.525762,759.151616,151.180936293,-33.948767347
35,path21852,cont35,547,112.315070488,166.625622426,1828.056157,756.565601,151.181047291,-33.949216399
35,path21852,cont35,548,112.384497154,166.923728464,1828.252958,755.720571,151.181088476,-33.949363135
35,path21852,cont35,549,112.429963153,167.106449712,1828.381838,755.202617,151.181115447,-33.949453076
35,path21852,cont35,550,112.611824505,168.111257824,1828.897354,752.354326,151.181223331,-33.949947672
35,path21852,cont35,551,112.750000503,168.481330528,1829.289034,751.305293,151.181305299,-33.950129832
35,path21852,cont35,552,112.790640503,168.620104484,1829.404234,750.911915,151.181329407,-33.950198141
35,path21852,cont35,553,112.883265835,168.892731147,1829.666794,750.139109,151.181384354,-33.950332336
35,path21852,cont35,554,113.223707851,169.701959262,1830.631825,747.845213,151.181586310,-33.950730663
35,path21852,cont35,555,113.386519203,170.316559879,1831.093338,746.103026,151.181682892,-33.951033187
35,path21852,cont35,556,113.565250535,171.055197162,1831.599980,744.009238,151.181788919,-33.951396766
35,path21852,cont35,557,113.610970534,171.320177367,1831.729581,743.258109,151.181816041,-33.951527197
35,path21852,cont35,558,113.760827886,172.012935900,1832.154375,741.294372,151.181904939,-33.951868192
35,path21852,cont35,559,113.861581218,172.454049228,1832.439976,740.043964,151.181964708,-33.952085321
35,path21852,cont35,560,113.989597217,173.396865466,1832.802860,737.371401,151.182040650,-33.952549402
35,path21852,cont35,561,114.050977903,173.709391295,1832.976854,736.485496,151.182077062,-33.952703236
35,path21852,cont35,562,114.095089236,173.915977959,1833.101894,735.899892,151.182103229,-33.952804924
35,path21852,cont35,563,114.288044567,175.393040857,1833.648861,731.712922,151.182217695,-33.953531976
35,path21852,cont35,564,114.290425817,175.405740857,1833.655611,731.676922,151.182219108,-33.953538228
35,path21852,cont35,565,114.292277900,175.414207524,1833.660861,731.652921,151.182220206,-33.953542395
35,path21852,cont35,566,114.300744567,175.476358148,1833.684861,731.476746,151.182225229,-33.953572988
35,path21852,cont35,567,114.649145250,176.752258340,1834.672455,727.859996,151.182431906,-33.954201023
35,path21852,cont35,568,114.697151249,177.102196252,1834.808537,726.868041,151.182460384,-33.954373272
35,path21852,cont35,569,114.783339269,177.586807080,1835.052851,725.494333,151.182511513,-33.954611812
35,path21852,cont35,570,114.931844601,178.164842281,1835.473812,723.855797,151.182599609,-33.954896338
35,path21852,cont35,571,115.024639266,178.798651648,1835.736854,722.059163,151.182654657,-33.955208317
35,path21852,cont35,572,115.169416618,179.622696429,1836.147250,719.723275,151.182740541,-33.955613935
35,path21852,cont35,573,115.173491202,179.675189762,1836.158800,719.574475,151.182742959,-33.955639774
35,path21852,cont35,574,115.295072534,180.495186418,1836.503443,717.250063,151.182815083,-33.956043399
35,path21852,cont35,575,115.399720532,181.087932452,1836.800085,715.569829,151.182877162,-33.956335166
35,path21852,cont35,576,115.451367198,181.650701195,1836.946488,713.974572,151.182907801,-33.956612177
35,path21852,cont35,577,115.533999218,182.191721188,1837.180723,712.440964,151.182956820,-33.956878482
35,path21852,cont35,578,115.603849217,182.579494517,1837.378724,711.341758,151.182998256,-33.957069355
35,path21852,cont35,579,115.716625216,183.613777212,1837.698409,708.409919,151.183065158,-33.957578458
35,path21852,cont35,580,115.760482549,183.888255959,1837.822730,707.631865,151.183091175,-33.957713564
35,path21852,cont35,581,115.798921215,184.080184706,1837.931691,707.087812,151.183113977,-33.957808037
35,path21852,cont35,582,115.990011233,185.459140105,1838.473369,703.178943,151.183227336,-33.958486798
35,path21852,cont35,583,116.016178524,185.558464687,1838.547544,702.897391,151.183242859,-33.958535689
35,path21852,cont35,584,116.020147274,185.584923020,1838.558794,702.822390,151.183245214,-33.958548712
35,path21852,cont35,585,116.029539983,185.624636978,1838.585419,702.709815,151.183250785,-33.958568261
35,path21852,cont35,586,116.408335999,186.861273004,1839.659173,699.204364,151.183475493,-33.959176969
35,path21852,cont35,587,116.490462664,187.281457791,1839.891974,698.013282,151.183524213,-33.959383796
35,path21852,cont35,588,116.675964683,187.970485699,1840.417807,696.060119,151.183634256,-33.959722956
35,path21852,cont35,589,116.755043348,188.209589654,1840.641967,695.382338,151.183681166,-33.959840650
35,path21852,cont35,590,116.929541346,188.978098394,1841.136609,693.203875,151.183784682,-33.960218933
35,path21852,cont35,591,117.112164698,189.547640471,1841.654282,691.589413,151.183893017,-33.960499278
35,path21852,cont35,592,117.261432030,190.255109837,1842.077404,689.583976,151.183981565,-33.960847515
35,path21852,cont35,593,117.375306049,190.674633165,1842.400197,688.394767,151.184049117,-33.961054017
35,path21852,cont35,594,117.454384715,190.900428578,1842.624357,687.754712,151.184096028,-33.961165160
35,path21852,cont35,595,117.679174712,191.901955858,1843.261559,684.915720,151.184229377,-33.961658141
35,path21852,cont35,596,117.817771398,192.232050020,1843.654431,683.980011,151.184311595,-33.961820623
35,path21852,cont35,597,117.852061397,192.371247310,1843.751632,683.585434,151.184331936,-33.961889140
35,path21852,cont35,598,117.916577396,192.609663349,1843.934512,682.909604,151.184370208,-33.962006495
35,path21852,cont35,599,118.232042747,193.512633337,1844.828744,680.349984,151.184557347,-33.962450964
35,path21852,cont35,600,118.352777412,194.067887914,1845.170986,678.776024,151.184628969,-33.962724276
35,path21852,cont35,601,118.408149411,194.799989988,1845.327950,676.700766,151.184661818,-33.963084638
35,path21852,cont35,602,118.440238077,195.000226652,1845.418910,676.133163,151.184680853,-33.963183200
35,path21852,cont35,603,118.488326097,195.764502059,1845.555227,673.966704,151.184709381,-33.963559397
35,path21852,cont35,604,118.482055473,196.570766840,1845.537458,671.681223,151.184705662,-33.963956263
35,path21852,cont35,605,118.480997139,196.655856839,1845.534459,671.440022,151.184705035,-33.963998147
35,path21852,cont35,606,118.474726514,197.461195579,1845.516690,669.157166,151.184701316,-33.964394556
35,path21852,cont35,607,118.412665848,198.197795570,1845.340776,667.069162,151.184664502,-33.964757131
35,path21852,cont35,608,118.376851849,198.457378275,1845.239259,666.333336,151.184643257,-33.964884904
35,path21852,cont35,609,118.311658516,199.157915558,1845.054465,664.347558,151.184604585,-33.965229727
35,path21852,cont35,610,118.075525832,199.555769511,1844.385120,663.219789,151.184464509,-33.965425560
35,path21852,cont35,611,117.679627149,199.917375548,1843.262899,662.194778,151.184229658,-33.965603550
35,path21852,cont35,612,117.262053800,200.435191583,1842.079239,660.726965,151.183981949,-33.965858430
35,path21852,cont35,613,116.509287768,200.854794286,1839.945432,659.537568,151.183535400,-33.966064964
35,path21852,cont35,614,116.290847771,201.156286991,1839.326239,658.682949,151.183405819,-33.966213366
35,path21852,cont35,615,115.990791754,201.657354901,1838.475696,657.262607,151.183227823,-33.966460003
35,path21852,cont35,616,115.780059069,202.339847601,1837.878353,655.327985,151.183102815,-33.966795943
35,path21852,cont35,617,115.768364486,202.551593640,1837.845205,654.727759,151.183095878,-33.966900170
35,path21852,cont35,618,115.804771152,202.738521763,1837.948406,654.197881,151.183117475,-33.966992182
35,path21852,cont35,619,115.844310485,204.100967162,1838.060494,650.335818,151.183140933,-33.967662815
35,path21852,cont35,620,115.865979860,204.248287160,1838.121920,649.918216,151.183153787,-33.967735330
35,path21852,cont35,621,115.882304651,204.357427784,1838.168195,649.608839,151.183163472,-33.967789052
35,path21852,cont35,622,115.991016650,205.615151101,1838.476362,646.043624,151.183227963,-33.968408139
35,path21852,cont35,623,116.044864649,205.890979223,1838.629003,645.261745,151.183259906,-33.968543909
35,path21852,cont35,624,116.050103399,205.945086514,1838.643853,645.108369,151.183263014,-33.968570542
35,path21852,cont35,625,116.061189441,206.015518596,1838.675278,644.908718,151.183269591,-33.968605211
35,path21852,cont35,626,116.349646124,207.281629205,1839.492954,641.319721,151.183440708,-33.969228427
35,path21852,cont35,627,116.397313457,207.641806493,1839.628075,640.298741,151.183468986,-33.969405717
35,path21852,cont35,628,116.479778789,208.132767320,1839.861837,638.907033,151.183517906,-33.969647382
35,path21852,cont35,629,116.614568121,208.712390021,1840.243919,637.263998,151.183597865,-33.969932689
35,path21852,cont35,630,116.704650807,209.338579388,1840.499274,635.488964,151.183651304,-33.970240917
35,path21852,cont35,631,116.846128806,210.176514794,1840.900317,633.113701,151.183735232,-33.970653373
35,path21852,cont35,632,116.848245472,210.199533544,1840.906317,633.048451,151.183736488,-33.970664703
35,path21852,cont35,633,116.970927471,211.035431658,1841.254080,630.678964,151.183809265,-33.971076156
35,path21852,cont35,634,117.059570824,211.659239775,1841.505355,628.910680,151.183861850,-33.971383212
35,path21852,cont35,635,117.110794157,212.159963727,1841.650558,627.491299,151.183892237,-33.971629683
35,path21852,cont35,636,117.186655489,212.732310387,1841.865600,625.868891,151.183937240,-33.971911408
35,path21852,cont35,637,117.230174155,213.184774339,1841.988962,624.586310,151.183963057,-33.972134123
35,path21852,cont35,638,117.343966154,214.090945786,1842.311526,622.017623,151.184030561,-33.972580167
35,path21852,cont35,639,117.378253507,214.429109740,1842.408721,621.059044,151.184050901,-33.972746620
35,path21852,cont35,640,117.392911424,214.718140570,1842.450272,620.239741,151.184059596,-33.972888889
35,path21852,cont35,641,117.593063421,216.037935137,1843.017638,616.498571,151.184178331,-33.973538530
35,path21852,cont35,642,117.598566755,216.125988469,1843.033238,616.248970,151.184181596,-33.973581872
35,path21852,cont35,643,117.600154255,216.206924510,1843.037739,616.019545,151.184182538,-33.973621711
35,path21852,cont35,644,117.680756920,216.595359296,1843.266220,614.918463,151.184230353,-33.973812910
35,path21852,cont35,645,117.867867605,217.634907200,1843.796616,611.971697,151.184341350,-33.974324605
35,path21852,cont35,646,117.891230313,217.822867198,1843.862842,611.438894,151.184355210,-33.974417124
35,path21852,cont35,647,117.917212396,218.060251361,1843.936493,610.765991,151.184370623,-33.974533972
35,path21852,cont35,648,118.053271728,219.145598639,1844.322178,607.689402,151.184451336,-33.975068210
35,path21852,cont35,649,118.092726394,219.519745926,1844.434019,606.628822,151.184474742,-33.975252376
35,path21852,cont35,650,118.124981748,219.965754046,1844.525454,605.364542,151.184493877,-33.975471914
35,path21852,cont35,651,118.158594414,220.736882161,1844.620739,603.178659,151.184513817,-33.975851484
35,path21852,cont35,652,118.195424414,221.216598197,1844.725142,601.818828,151.184535666,-33.976087614
35,path21852,cont35,653,118.225142413,221.763227356,1844.809385,600.269323,151.184553296,-33.976356680
35,path21852,cont35,654,118.210061163,222.382220057,1844.766640,598.514693,151.184544351,-33.976661365
35,path21852,cont35,655,118.244181830,222.913582759,1844.863363,597.008462,151.184564592,-33.976922917
35,path21852,cont35,656,118.263655163,223.498708793,1844.918567,595.349832,151.184576145,-33.977210932
35,path21852,cont35,657,118.204642497,224.084760869,1844.751292,593.688579,151.184541139,-33.977499402
35,path21852,cont35,658,118.227767080,224.610540862,1844.816845,592.198174,151.184554857,-33.977758206
35,path21852,cont35,659,118.219882497,225.151640230,1844.794499,590.664345,151.184550181,-33.978024550
35,path21852,cont35,660,118.039460478,225.947824387,1844.283076,588.407445,151.184443154,-33.978416452
35,path21852,cont35,661,118.031417145,226.307498966,1844.260279,587.387893,151.184438383,-33.978593493
35,path21852,cont35,662,117.997296479,226.624813753,1844.163562,586.488416,151.184418142,-33.978749684
35,path21852,cont35,663,117.681492462,227.308338328,1843.268381,584.550874,151.184230805,-33.979086132
35,path21852,cont35,664,117.472535131,226.517392921,1842.676060,586.792939,151.184106848,-33.978696805
35,path21852,cont35,665,117.391509132,226.307578341,1842.446380,587.387694,151.184058782,-33.978593528
35,path21852,cont35,666,117.213288447,225.837334388,1841.941188,588.720680,151.183953059,-33.978362060
35,path21852,cont35,667,117.049373782,225.245540854,1841.476547,590.398217,151.183855822,-33.978070762
35,path21852,cont35,668,116.713588432,224.610620237,1840.524717,592.198011,151.183656629,-33.977758234
35,path21852,cont35,669,116.483297748,224.117172327,1839.871926,593.596774,151.183520017,-33.977515344
35,path21852,cont35,670,115.992064400,223.616712958,1838.479460,595.015424,151.183228611,-33.977269000
35,path21852,cont35,671,115.822225714,223.084344840,1837.998027,596.524510,151.183127860,-33.977006953
35,path21852,cont35,672,115.775320382,222.913741509,1837.865067,597.008113,151.183100035,-33.976922977
35,path21852,cont35,673,115.685912383,222.606136929,1837.611627,597.880070,151.183046997,-33.976771565
35,path21852,cont35,674,115.434624365,221.776774023,1836.899314,600.231037,151.182897928,-33.976363328
35,path21852,cont35,675,115.277398367,221.216862780,1836.453633,601.818198,151.182804659,-33.976087723
35,path21852,cont35,676,115.055405016,220.460789456,1835.824360,603.961414,151.182672969,-33.975715562
35,path21852,cont35,677,114.967521017,220.187739460,1835.575240,604.735419,151.182620835,-33.975581158
35,path21852,cont35,678,114.762712353,219.519904676,1834.994679,606.628508,151.182499339,-33.975252430
35,path21852,cont35,679,114.655611667,219.165495306,1834.691086,607.633141,151.182435805,-33.975077980
35,path21852,cont35,680,114.302723650,218.242046567,1833.690775,610.250813,151.182226466,-33.974623430
35,path21852,cont35,681,114.180972985,217.945369279,1833.345655,611.091795,151.182154242,-33.974477397
35,path21852,cont35,682,114.141772319,217.823105323,1833.234535,611.438373,151.182130988,-33.974417215
35,path21852,cont35,683,114.052448987,217.571645326,1832.981335,612.151179,151.182078000,-33.974293439
35,path21852,cont35,684,113.711244970,216.720427837,1832.014144,614.564100,151.181875592,-33.973874444
35,path21852,cont35,685,113.527859618,216.126226594,1831.494311,616.248462,151.181766805,-33.973581960
35,path21852,cont35,686,113.300698955,215.435875769,1830.850391,618.205377,151.181632050,-33.973242149
35,path21852,cont35,687,113.202149602,215.020665150,1830.571037,619.382360,151.181573588,-33.973037770
35,path21852,cont35,688,113.032731604,214.429347865,1830.090797,621.058547,151.181473087,-33.972746707
35,path21852,cont35,689,112.936804272,214.104571828,1829.818876,621.979179,151.181416181,-33.972586842
35,path21852,cont35,690,112.635562921,212.754826428,1828.964961,625.805252,151.181237479,-33.971922459
35,path21852,cont35,691,112.626249588,212.719610387,1828.938560,625.905078,151.181231954,-33.971905124
35,path21852,cont35,692,112.613390838,212.666429138,1828.902110,626.055829,151.181224326,-33.971878947
35,path21852,cont35,693,112.115386803,211.535970402,1827.490448,629.260309,151.180928903,-33.971322501
35,path21852,cont35,694,111.955536138,211.035696241,1827.037328,630.678419,151.180834077,-33.971076251
35,path21852,cont35,695,111.685198121,210.271394376,1826.271015,632.844962,151.180673708,-33.970700039
35,path21852,cont35,696,111.635498788,210.053377712,1826.130135,633.462966,151.180644225,-33.970592724
35,path21852,cont35,697,111.425864124,209.338896888,1825.535894,635.488280,151.180519867,-33.970241036
35,path21852,cont35,698,111.295395438,208.966204809,1825.166062,636.544739,151.180442471,-33.970057586
35,path21852,cont35,699,111.048761441,207.767139616,1824.466938,639.943684,151.180296163,-33.969467371
35,path21852,cont35,700,111.013458087,207.642097534,1824.366866,640.298136,151.180275220,-33.969405822
35,path21852,cont35,701,110.990598088,207.575475452,1824.302066,640.486988,151.180261659,-33.969373028
35,path21852,cont35,702,110.924304089,207.210720873,1824.114144,641.520944,151.180222332,-33.969193486
35,path21852,cont35,703,110.552704739,206.318678176,1823.060793,644.049591,151.180001894,-33.968754395
35,path21852,cont35,704,110.422064074,205.945404014,1822.690473,645.107700,151.179924396,-33.968570659
35,path21852,cont35,705,110.052242725,205.124560691,1821.642163,647.434522,151.179705012,-33.968166614
35,path21852,cont35,706,110.020069392,205.037010067,1821.550963,647.682699,151.179685927,-33.968123519
35,path21852,cont35,707,109.703249375,204.248604660,1820.652891,649.917569,151.179497984,-33.967735442
35,path21852,cont35,708,109.532900044,203.949546122,1820.170013,650.765303,151.179396930,-33.967588236
35,path21852,cont35,709,109.235214693,203.498114045,1819.326183,652.044969,151.179220339,-33.967366027
35,path21852,cont35,710,108.704275325,203.085284675,1817.821167,653.215219,151.178905379,-33.967162817
35,path21852,cont35,711,107.704621296,202.551884682,1814.987519,654.727265,151.178312372,-33.966900256
35,path21852,cont35,712,107.579486610,202.518520724,1814.632809,654.821845,151.178238141,-33.966883833
35,path21852,cont35,713,107.546297277,202.505291557,1814.538729,654.859347,151.178218452,-33.966877321
35,path21852,cont35,714,107.256739926,202.260869477,1813.717941,655.552210,151.178046683,-33.966757007
35,path21852,cont35,715,106.634188580,201.771416775,1811.953238,656.939665,151.177677378,-33.966516081
35,path21852,cont35,716,106.462063895,201.462568654,1811.465327,657.815150,151.177575271,-33.966364056
35,path21852,cont35,717,106.059815212,200.855085328,1810.325099,659.537171,151.177336652,-33.966065033
35,path21852,cont35,718,105.992505213,200.719354080,1810.134299,659.921925,151.177296722,-33.965998222
35,path21852,cont35,719,105.857377215,200.254957419,1809.751259,661.238335,151.177216562,-33.965769632
35,path21852,cont35,720,105.563417198,199.453613887,1808.917987,663.509878,151.177042180,-33.965375187
35,path21852,cont35,721,105.468167199,199.158365349,1808.647986,664.346810,151.176985677,-33.965229857
35,path21852,cont35,722,105.194357848,198.492223900,1807.871835,666.235102,151.176823249,-33.964901962
35,path21852,cont35,723,105.079719183,198.242959944,1807.546876,666.941683,151.176755243,-33.964779267
35,path21852,cont35,724,104.808026499,197.461671829,1806.776723,669.156376,151.176594071,-33.964394693
35,path21852,cont35,725,104.702108500,196.925546628,1806.476482,670.676110,151.176531238,-33.964130797
35,path21852,cont35,726,104.572401814,196.170663929,1806.108807,672.815946,151.176454294,-33.963759222
35,path21852,cont35,727,104.495609149,195.764951851,1805.891125,673.966003,151.176408739,-33.963559519
35,path21852,cont35,728,104.462419816,195.469650396,1805.797044,674.803082,151.176389050,-33.963414163
35,path21852,cont35,729,104.317216484,194.217589162,1805.385438,678.352248,151.176302912,-33.962797864
35,path21852,cont35,730,104.300283151,194.068258330,1805.337437,678.775550,151.176292867,-33.962724359
35,path21852,cont35,731,104.288350443,193.947846457,1805.303612,679.116877,151.176285788,-33.962665089
35,path21852,cont35,732,104.168547111,192.781139805,1804.964006,682.424091,151.176214717,-33.962090803
35,path21852,cont35,733,104.120879778,192.419533768,1804.828884,683.449121,151.176186440,-33.961912810
35,path21852,cont35,734,104.114609154,192.371617727,1804.811109,683.584947,151.176182720,-33.961889224
35,path21852,cont35,735,104.103761237,192.306503769,1804.780359,683.769523,151.176176285,-33.961857173
35,path21852,cont35,736,103.870337886,190.974538369,1804.118682,687.545194,151.176037813,-33.961201542
35,path21852,cont35,737,103.821739220,190.675003581,1803.980921,688.394273,151.176008984,-33.961054102
35,path21852,cont35,738,103.740543887,190.244976295,1803.750759,689.613255,151.175960817,-33.960842431
35,path21852,cont35,739,103.598473223,189.551053595,1803.348037,691.580292,151.175876538,-33.960500862
35,path21852,cont35,740,103.494505203,188.978389436,1803.053323,693.203601,151.175814862,-33.960218980
35,path21852,cont35,741,103.313826539,188.140533405,1802.541161,695.578640,151.175707680,-33.959806563
35,path21852,cont35,742,103.308746539,188.114604239,1802.526761,695.652141,151.175704667,-33.959793800
35,path21852,cont35,743,103.135775187,187.281828207,1802.036446,698.012780,151.175602057,-33.959383884
35,path21852,cont35,744,103.009875855,186.749380714,1801.679565,699.522089,151.175527371,-33.959121798
35,path21852,cont35,745,102.837663857,185.944703433,1801.191403,701.803078,151.175425212,-33.958725712
35,path21852,cont35,746,102.755709171,185.585214062,1800.959089,702.822109,151.175376595,-33.958548761
35,path21852,cont35,747,102.699998505,185.364048857,1800.801169,703.449039,151.175343546,-33.958439897
35,path21852,cont35,748,102.479865174,184.343074703,1800.177166,706.343156,151.175212959,-33.957937344
35,path21852,cont35,749,102.383940488,183.985014082,1799.905253,707.358138,151.175156055,-33.957761096
35,path21852,cont35,750,102.360921738,183.888679292,1799.840003,707.631215,151.175142400,-33.957713677
35,path21852,cont35,751,102.322567739,183.730590752,1799.731283,708.079343,151.175119647,-33.957635862
35,path21852,cont35,752,102.040715055,182.633337224,1798.932328,711.189688,151.174952448,-33.957095761
35,path21852,cont35,753,101.937421723,182.192038688,1798.639527,712.440621,151.174891172,-33.956878541
35,path21852,cont35,754,101.768427058,181.477213906,1798.160486,714.466909,151.174790921,-33.956526684
35,path21852,cont35,755,101.714833059,181.264197867,1798.008565,715.070738,151.174759129,-33.956421831
35,path21852,cont35,756,101.540168374,180.495503918,1797.513451,717.249727,151.174655514,-33.956043458
35,path21852,cont35,757,101.402077042,179.881935176,1797.122010,718.988988,151.174573596,-33.955741441
35,path21852,cont35,758,101.277704356,179.287654558,1796.769456,720.673573,151.174499816,-33.955448919
35,path21852,cont35,759,101.170601024,178.798969148,1796.465854,722.058831,151.174436280,-33.955208374
35,path21852,cont35,760,101.101005025,178.487898527,1796.268574,722.940612,151.174394995,-33.955055256
35,path21852,cont35,761,100.826687674,177.137994377,1795.490977,726.767134,151.174232264,-33.954390795
35,path21852,cont35,762,100.819067674,177.102513752,1795.469377,726.867710,151.174227744,-33.954373330
35,path21852,cont35,763,100.813908299,177.079759586,1795.454752,726.932210,151.174224683,-33.954362130
35,path21852,cont35,764,100.791392258,176.969348962,1795.390927,727.245187,151.174211326,-33.954307782
35,path21852,cont35,765,100.480752908,175.717975645,1794.510372,730.792410,151.174027050,-33.953691820
35,path21852,cont35,766,100.409886909,175.405899607,1794.309491,731.677041,151.173985011,-33.953538207
35,path21852,cont35,767,100.293808910,174.905942947,1793.980450,733.094250,151.173916151,-33.953292114
35,path21852,cont35,768,100.156990224,174.346798995,1793.592616,734.679235,151.173834988,-33.953016887
35,path21852,cont35,769,100.013903559,173.709444212,1793.187015,736.485921,151.173750106,-33.952703162
35,path21852,cont35,770,99.847702895,172.961176096,1792.715893,738.607009,151.173651513,-33.952334843
35,path21852,cont35,771,99.797667541,172.710880266,1792.574060,739.316513,151.173621831,-33.952211640
35,path21852,cont35,772,99.648146210,172.012909441,1792.150218,741.295025,151.173533132,-33.951868079
35,path21852,cont35,773,99.554928211,171.558831531,1791.885977,742.582183,151.173477833,-33.951644569
35,path21852,cont35,774,99.370611526,170.585350084,1791.363501,745.341674,151.173368493,-33.951165393
35,path21852,cont35,775,99.316848193,170.316454046,1791.211100,746.103903,151.173336600,-33.951033035
35,path21852,cont35,776,99.278832860,170.139844673,1791.103340,746.604531,151.173314048,-33.950946103
35,path21852,cont35,777,99.102980196,169.223248643,1790.604857,749.202771,151.173209729,-33.950494928
35,path21852,cont35,778,98.989952843,168.733610733,1790.284463,750.590730,151.173142679,-33.950253914
35,path21852,cont35,779,98.965902218,168.619998651,1790.216288,750.912782,151.173128412,-33.950197991
35,path21852,cont35,780,98.925346886,168.441510736,1790.101328,751.418735,151.173104354,-33.950110134
35,path21852,cont35,781,98.667370201,167.361349292,1789.370053,754.480629,151.172951318,-33.949578447
35,path21852,cont35,782,98.570765536,166.923622631,1789.096212,755.721437,151.172894010,-33.949362985
35,path21852,cont35,783,98.417010871,166.234277223,1788.660370,757.675499,151.172802800,-33.949023669
35,path21852,cont35,784,98.356389539,165.977472642,1788.488530,758.403454,151.172766838,-33.948897263
35,path21852,cont35,785,98.194594186,165.227246610,1788.029895,760.530092,151.172670858,-33.948527980
35,path21852,cont35,786,98.052015522,164.586928493,1787.625734,762.345178,151.172586278,-33.948212796
35,path21852,cont35,787,97.947878169,164.066572458,1787.330540,763.820211,151.172524502,-33.947956662
35,path21852,cont35,788,97.832985504,163.530817673,1787.004858,765.338896,151.172456345,-33.947692948
35,path21852,cont35,789,97.762119504,163.181805803,1786.803977,766.328227,151.172414306,-33.947521155
35,path21852,cont35,790,97.544359486,161.964563735,1786.186701,769.778696,151.172285126,-33.946921993
35,path21852,cont35,791,97.518880112,161.834441653,1786.114475,770.147548,151.172270012,-33.946857943
35,path21852,cont35,792,97.501523445,161.747314362,1786.065275,770.394524,151.172259715,-33.946815057
35,path21852,cont35,793,97.414824780,161.255242285,1785.819513,771.789382,151.172208284,-33.946572845
35,path21852,cont35,794,97.220856095,160.332957714,1785.269678,774.403748,151.172093218,-33.946118870
35,path21852,cont35,795,97.183433428,160.138065633,1785.163598,774.956201,151.172071018,-33.946022938
35,path21852,cont35,796,97.125436762,159.847315011,1784.999197,775.780380,151.172036614,-33.945879822
35,path21852,cont35,797,96.938577431,158.920320856,1784.469514,778.408096,151.171925765,-33.945423529
35,path21852,cont35,798,96.843584079,158.441689612,1784.200240,779.764854,151.171869413,-33.945187933
35,path21852,cont35,799,96.626668081,157.649738789,1783.585359,782.009769,151.171740735,-33.944798112
35,path21852,cont35,800,96.601850165,157.562267540,1783.515009,782.257721,151.171726012,-33.944755056
35,path21852,cont35,801,96.383666813,156.745419425,1782.896535,784.573212,151.171596582,-33.944352979
35,path21852,cont35,802,96.216958149,156.252738807,1782.423975,785.969798,151.171497688,-33.944110467
35,path21852,cont35,803,95.830542133,155.153527362,1781.328623,789.085698,151.171268460,-33.943569402
35,path21852,cont35,804,95.794558800,155.049043405,1781.226623,789.381875,151.171247114,-33.943517972
35,path21852,cont35,805,95.766364800,155.009170697,1781.146703,789.494902,151.171230389,-33.943498346
35,path21852,cont35,806,95.726658780,154.971070698,1781.034151,789.602904,151.171206835,-33.943479591
35,path21852,cont35,807,95.608125448,154.930007365,1780.698154,789.719309,151.171136520,-33.943459378
35,path21852,cont35,808,94.665875418,154.418461955,1778.027225,791.169402,151.170577565,-33.943207575
35,path21852,cont35,809,94.038246718,154.300934040,1776.248132,791.502578,151.170205248,-33.943149720
35,path21852,cont35,810,93.408162684,154.415816121,1774.462081,791.176953,151.169831475,-33.943206263
35,path21852,cont35,811,93.029959335,154.365545289,1773.390016,791.319469,151.169607121,-33.943181516
35,path21852,cont35,812,92.349837302,154.437591330,1771.462126,791.115272,151.169203664,-33.943216974
35,path21852,cont35,813,91.943185953,154.640367994,1770.309423,790.540487,151.168962434,-33.943316784
35,path21852,cont35,814,91.064774589,154.643542994,1767.819457,790.531523,151.168441351,-33.943318340
35,path21852,cont35,815,90.661340573,154.744984242,1766.675873,790.243988,151.168202029,-33.943368269
35,path21852,cont35,816,90.303457223,154.689183618,1765.661408,790.402178,151.167989728,-33.943340800
35,path21852,cont35,817,89.343937840,154.675689868,1762.941531,790.440468,151.167420530,-33.943334151
35,path21852,cont35,818,88.972846490,154.594674453,1761.889625,790.670134,151.167200394,-33.943294271
35,path21852,cont35,819,88.306353144,154.378853830,1760.000365,791.281938,151.166805023,-33.943188033
35,path21852,cont35,820,87.870325108,154.459789871,1758.764390,791.052530,151.166546366,-33.943227869
35,path21852,cont35,821,87.453429093,153.521709674,1757.582639,793.711680,151.166299057,-33.942766117
35,path21852,cont35,822,87.324735761,153.352032385,1757.217841,794.192662,151.166222714,-33.942682597
35,path21852,cont35,823,88.213137791,152.588683019,1759.736122,796.356457,151.166749723,-33.942306861
35,path21852,cont35,824,88.973100490,152.229855107,1761.890328,797.373578,151.167200542,-33.942130242
35,path21852,cont35,825,89.401254526,152.086106984,1763.103983,797.781037,151.167454527,-33.942059488
35,path21852,cont35,826,90.555676574,151.762495113,1766.376334,798.698318,151.168139343,-33.941900206
35,path21852,cont35,827,90.661594573,151.729739697,1766.676572,798.791163,151.168202175,-33.941884083
35,path21852,cont35,828,90.749055239,151.744027197,1766.924490,798.750660,151.168254058,-33.941891117
35,path21852,cont35,829,90.947680590,151.656132615,1767.487518,798.999802,151.168371885,-33.941847854
35,path21852,cont35,830,91.775799955,151.079314497,1769.834922,800.634848,151.168863134,-33.941563934
35,path21852,cont35,831,92.350091302,150.786447209,1771.462820,801.465002,151.169203810,-33.941419781
35,path21852,cont35,832,92.861557337,150.473868463,1772.912632,802.351034,151.169507217,-33.941265925
35,path21852,cont35,833,93.993542719,150.005317844,1776.121383,803.679166,151.170178723,-33.941035300
35,path21852,cont35,834,94.038585385,149.983886594,1776.249061,803.739915,151.170205443,-33.941024751
35,path21852,cont35,835,94.051364760,149.973038677,1776.285286,803.770664,151.170213024,-33.941019411
35,path21852,cont35,836,94.090142092,149.960074094,1776.395205,803.807413,151.170236027,-33.941013030
35,path21852,cont35,837,94.107234175,149.890991387,1776.443654,804.003238,151.170246166,-33.940979026
35,path21852,cont35,838,94.416434192,148.643454528,1777.320111,807.539560,151.170429585,-33.940364956
35,path21852,cont35,839,94.510498858,148.263883282,1777.586747,808.615510,151.170485385,-33.940178121
35,path21852,cont35,840,94.463254859,147.837348496,1777.452825,809.824590,151.170457358,-33.939968169
35,path21852,cont35,841,94.411438859,146.942077882,1777.305939,812.362375,151.170426619,-33.939527492
35,path21852,cont35,842,94.373762193,146.567692470,1777.199138,813.423629,151.170404268,-33.939343209
35,path21852,cont35,843,94.321099527,146.283979766,1777.049857,814.227859,151.170373028,-33.939203557
35,path21852,cont35,844,94.142963508,144.976038532,1776.544899,817.935427,151.170267354,-33.938559752
35,path21852,cont35,845,94.125104134,144.871475200,1776.494273,818.231829,151.170256759,-33.938508283
35,path21852,cont35,846,94.110287467,144.799693743,1776.452273,818.435305,151.170247970,-33.938472950
35,path21852,cont35,847,94.038913468,144.366200415,1776.249951,819.664111,151.170205629,-33.938259572
35,path21852,cont35,848,93.830720783,143.384490427,1775.659796,822.446928,151.170082125,-33.937776346
35,path21852,cont35,849,93.795668784,143.175205013,1775.560436,823.040181,151.170061332,-33.937673330
35,path21852,cont35,850,93.736232784,142.870987100,1775.391955,823.902536,151.170026073,-33.937523585
35,path21852,cont35,851,93.538451453,141.982013570,1774.831313,826.422477,151.169908746,-33.937086006
35,path21852,cont35,852,93.446506100,141.479093576,1774.570678,827.848085,151.169854202,-33.936838455
35,path21852,cont35,853,93.290719436,140.727174211,1774.129076,829.979523,151.169761786,-33.936468338
35,path21852,cont35,854,93.255328770,140.570435046,1774.028756,830.423825,151.169740792,-33.936391187
35,path21852,cont35,855,93.099798751,139.782876306,1773.587881,832.656288,151.169648528,-33.936003528
35,path21852,cont35,856,92.967888086,139.163116314,1773.213959,834.413099,151.169570277,-33.935698464
35,path21852,cont35,857,92.878564753,138.616778196,1772.960757,835.961782,151.169517288,-33.935429541
35,path21852,cont35,858,92.774594088,138.086764869,1772.666036,837.464191,151.169455611,-33.935168653
35,path21852,cont35,859,92.685866068,137.750400081,1772.414523,838.417672,151.169402976,-33.935003084
35,path21852,cont35,860,92.374295385,136.413857390,1771.531327,842.206321,151.169218146,-33.934345199
35,path21852,cont35,861,92.368448093,136.390574057,1771.514752,842.272322,151.169214678,-33.934333738
35,path21852,cont35,862,92.364638093,136.377080307,1771.503952,842.310572,151.169212418,-33.934327096
35,path21852,cont35,863,92.351170802,136.321782391,1771.465777,842.467323,151.169204429,-33.934299877
35,path21852,cont35,864,91.965855452,135.081600948,1770.373544,845.982824,151.168975853,-33.933689423
35,path21852,cont35,865,91.858074787,134.694436162,1770.068023,847.080307,151.168911916,-33.933498849
35,path21852,cont35,866,91.582995436,133.922434921,1769.288271,849.268675,151.168748734,-33.933118847
35,path21852,cont35,867,91.541000770,133.812474089,1769.169231,849.580377,151.168723823,-33.933064721
35,path21852,cont35,868,91.272946107,132.998324725,1768.409391,851.888220,151.168564808,-33.932663972
35,path21852,cont35,869,91.100228755,132.559222230,1767.919799,853.132931,151.168462350,-33.932447833
35,path21852,cont35,870,90.733286072,131.372460162,1766.879646,856.497006,151.168244673,-33.931863674
35,path21852,cont35,871,90.708812114,131.302186829,1766.810271,856.696207,151.168230155,-33.931829083
35,path21852,cont35,872,90.696112114,131.269272663,1766.774271,856.789508,151.168222621,-33.931812882
35,path21852,cont35,873,90.663346115,131.156242665,1766.681391,857.109910,151.168203184,-33.931757245
35,path21852,cont35,874,90.251699432,130.019751429,1765.514519,860.331487,151.167958988,-33.931197830
35,path21852,cont35,875,90.133930746,129.606075392,1765.180686,861.504120,151.167889126,-33.930994206
35,path21852,cont35,876,89.980260748,128.919613943,1764.745084,863.450007,151.167797966,-33.930656310
35,path21852,cont35,877,89.910749416,128.666381238,1764.548044,864.167837,151.167756731,-33.930531662
35,path21852,cont35,878,89.762162064,127.910043330,1764.126849,866.311799,151.167668586,-33.930159370
35,path21852,cont35,879,89.767400813,127.114520632,1764.141693,868.566831,151.167671692,-33.929767792
35,path21852,cont35,880,89.766342480,127.008449175,1764.138693,868.867507,151.167671065,-33.929715581
35,path21852,cont35,881,89.771581230,126.214011268,1764.153537,871.119463,151.167674171,-33.929324537
35,path21852,cont35,882,89.731282543,125.454815861,1764.039300,873.271521,151.167650264,-33.928950840
35,path21852,cont35,883,89.716968585,125.262701905,1763.998724,873.816098,151.167641773,-33.928856276
35,path21852,cont35,884,89.675735919,124.517979206,1763.881839,875.927131,151.167617312,-33.928489703
35,path21852,cont35,885,89.984597269,123.835592340,1764.757341,877.861449,151.167800531,-33.928153816
35,path21852,cont35,886,90.664041969,123.002551726,1766.683305,880.222803,151.168203584,-33.927743775
35,path21852,cont35,887,90.741935301,122.900369644,1766.904103,880.512451,151.168249791,-33.927693479
35,path21852,cont35,888,90.919817320,122.822132353,1767.408331,880.734220,151.168355313,-33.927654969
35,path21852,cont35,889,91.765039351,122.232270277,1769.804214,882.406240,151.168856708,-33.927364629
35,path21852,cont35,890,92.352200031,121.827722365,1771.468592,883.552969,151.169205018,-33.927165504
35,path21852,cont35,891,92.684006048,121.459607578,1772.409135,884.596434,151.169401848,-33.926984310
35,path21852,cont35,892,92.793900734,121.126364874,1772.720642,885.541057,151.169467038,-33.926820280
35,path21852,cont35,893,92.747503401,120.729357588,1772.589121,886.666437,151.169439514,-33.926624861
35,path21852,cont35,894,92.781962734,119.861947598,1772.686794,889.125243,151.169459955,-33.926197899
35,path21852,cont35,895,92.743950047,119.430332812,1772.579039,890.348723,151.169437405,-33.925985446
35,path21852,cont35,896,92.687562048,119.093676983,1772.419198,891.303028,151.169403954,-33.925819734
35,path21852,cont35,897,92.607128715,117.990232205,1772.191192,894.430916,151.169356238,-33.925276588
35,path21852,cont35,898,92.570722049,117.734380125,1772.087991,895.156169,151.169334641,-33.925150650
35,path21852,cont35,899,92.567758716,117.518215545,1772.079589,895.768921,151.169332883,-33.925044248
35,path21852,cont35,900,92.414088718,116.100234104,1771.643982,899.788414,151.169241722,-33.924346278
35,path21852,cont35,901,92.413030384,116.038506813,1771.640982,899.963390,151.169241094,-33.924315894
35,path21852,cont35,902,92.412236634,115.978578689,1771.638731,900.133266,151.169240623,-33.924286396
35,path21852,cont35,903,92.352633948,115.661581401,1771.469778,901.031846,151.169205266,-33.924130360
35,path21852,cont35,904,92.103629284,114.592849957,1770.763935,904.061340,151.169057552,-33.923604300
35,path21852,cont35,905,92.065529285,114.342580585,1770.655935,904.770768,151.169034950,-33.923481110
35,path21852,cont35,906,92.013797952,114.002035381,1770.509293,905.736098,151.169004262,-33.923313484
35,path21852,cont35,907,91.851155933,113.150712058,1770.048258,908.149312,151.168907779,-33.922894438
35,path21852,cont35,908,91.781305934,112.646627898,1769.850256,909.578219,151.168866343,-33.922646314
35,path21852,cont35,909,91.676403935,111.967019156,1769.552893,911.504679,151.168804113,-33.922311791
35,path21852,cont35,910,91.621627248,111.685502493,1769.397620,912.302684,151.168771618,-33.922173220
35,path21852,cont35,911,91.518672583,110.950754586,1769.105777,914.385444,151.168710543,-33.921811557
35,path21852,cont35,912,91.453140584,110.159041887,1768.920013,916.629678,151.168671668,-33.921421853
35,path21852,cont35,913,91.440361209,110.033735222,1768.883787,916.984880,151.168664087,-33.921360174
35,path21852,cont35,914,91.373474543,109.254907732,1768.694183,919.192589,151.168624408,-33.920976813
35,path21852,cont35,915,91.341385877,108.575616491,1768.603219,921.118146,151.168605371,-33.920642447
35,path21852,cont35,916,91.274753211,108.171438996,1768.414337,922.263852,151.168565843,-33.920443500
35,path21852,cont35,917,91.238433857,107.559034420,1768.311381,923.999809,151.168544297,-33.920142057
35,path21852,cont35,918,91.180775858,107.041218385,1768.147939,925.467641,151.168510093,-33.919887173
35,path21852,cont35,919,91.009833860,106.209289020,1767.663376,927.825880,151.168408687,-33.919477674
35,path21852,cont35,920,90.964198528,105.863187566,1767.534015,928.806959,151.168381615,-33.919307313
35,path21852,cont35,921,90.962875611,105.564393612,1767.530263,929.653937,151.168380830,-33.919160238
35,path21852,cont35,922,90.665444261,104.769109039,1766.687151,931.908306,151.168204389,-33.918768775
35,path21852,cont35,923,90.562658928,104.270686962,1766.395789,933.321164,151.168143415,-33.918523438
35,path21852,cont35,924,90.548344970,104.167393630,1766.355214,933.613966,151.168134924,-33.918472594
35,path21852,cont35,925,90.533448929,104.034652173,1766.312988,933.990242,151.168126087,-33.918407255
35,path21852,cont35,926,90.391550243,102.746951564,1765.910750,937.640434,151.168041909,-33.917773412
35,path21852,cont35,927,90.360223577,102.471546776,1765.821948,938.421113,151.168023325,-33.917637850
35,path21852,cont35,928,90.359694410,102.164206780,1765.820446,939.292315,151.168023011,-33.917486569
35,path21852,cont35,929,90.549514429,100.892513462,1766.358506,942.897118,151.168135612,-33.916860608
35,path21852,cont35,930,90.549345095,100.775858672,1766.358025,943.227794,151.168135512,-33.916803187
35,path21852,cont35,931,90.546461137,100.656055340,1766.349849,943.567395,151.168133801,-33.916744217
35,path21852,cont35,932,90.665841136,99.596187437,1766.688239,946.571749,151.168204617,-33.916222522
35,path21852,cont35,933,90.981645152,100.458517426,1767.583431,944.127329,151.168391957,-33.916646986
35,path21853,cont35.1,0,83.908046866,153.817381546,1747.532813,792.873698,151.164195895,-33.942911630
35,path21853,cont35.1,1,84.518149567,153.965389460,1749.262226,792.454122,151.164557816,-33.942984488
35,path21853,cont35.1,2,85.068649581,153.882839462,1750.822687,792.688100,151.164884378,-33.942943858
35,path21853,cont35.1,3,85.596456283,154.282968831,1752.318824,791.553850,151.165197480,-33.943140817
35,path21853,cont35.1,4,86.285214316,154.356972789,1754.271195,791.344046,151.165606060,-33.943177248
35,path21853,cont35.1,5,86.638864332,155.048937572,1755.273665,789.382551,151.165815850,-33.943517855
35,path21853,cont35.1,6,85.965176966,155.419433609,1753.364017,788.332350,151.165416211,-33.943700218
35,path21853,cont35.1,7,85.596286949,155.513175483,1752.318352,788.066640,151.165197382,-33.943746358
35,path21853,cont35.1,8,84.862909584,156.008290268,1750.239506,786.663190,151.164762334,-33.943990062
35,path21853,cont35.1,9,84.595704233,156.053930893,1749.482080,786.533826,151.164603825,-33.944012526
35,path21853,cont35.1,10,83.907708200,156.303776931,1747.531871,785.825627,151.164195698,-33.944135502
35,path21853,cont35.1,11,83.275335520,156.109546308,1745.739330,786.376230,151.163820567,-33.944039892
35,path21853,cont35.1,12,82.805186818,156.156218808,1744.406635,786.243949,151.163541669,-33.944062862
35,path21853,cont35.1,13,82.219380804,155.473620275,1742.746090,788.178903,151.163194162,-33.943726864
35,path21853,cont35.1,14,81.895448788,155.373819443,1741.827864,788.461817,151.163002001,-33.943677737
35,path21853,cont35.1,15,81.801892122,155.048355489,1741.562664,789.384399,151.162946502,-33.943517534
35,path21853,cont35.1,16,82.052420786,154.880530282,1742.272817,789.860115,151.163095118,-33.943434928
35,path21853,cont35.1,17,82.219465471,154.805018200,1742.746326,790.074159,151.163194211,-33.943397760
35,path21853,cont35.1,18,82.998478170,154.134802167,1744.954529,791.973958,151.163656329,-33.943067866
35,path21853,cont35.1,19,83.153079501,154.110725084,1745.392766,792.042201,151.163748040,-33.943056016
35,path21854,cont35.2,0,78.842239180,156.895067757,1733.173171,784.149730,151.161190804,-33.944426515
35,path21854,cont35.2,1,78.691955849,156.895173590,1732.747174,784.149436,151.161101654,-33.944426566
35,path21854,cont35.2,2,78.173459835,156.744122967,1731.277432,784.577634,151.160794076,-33.944352211
35,path21854,cont35.2,3,78.704317182,156.605613594,1732.782212,784.970238,151.161108987,-33.944284037
35,path21854,cont35.2,4,78.842323847,156.565820261,1733.173409,785.083033,151.161190854,-33.944264451
35,path21854,cont35.2,5,79.027910532,156.557882761,1733.699477,785.105525,151.161300946,-33.944260545
35,path21854,cont35.2,6,79.387233215,156.744387550,1734.718024,784.576834,151.161514101,-33.944352350
35,path21854,cont35.2,7,78.964833866,156.867577549,1733.520681,784.227650,151.161263529,-33.944412985
35,path21851,cont35.3,0,143.000151289,138.091447994,1915.036645,837.448856,151.199249995,-33.935171316
35,path21851,cont35.3,1,142.989488580,138.094887577,1915.006420,837.439107,151.199243669,-33.935173009
35,path21851,cont35.3,2,142.870277915,138.084039661,1914.668502,837.469862,151.199172952,-33.935167668
35,path21851,cont35.3,3,142.995245914,138.079012577,1915.022740,837.484106,151.199247085,-33.935165194
35,path21851,cont35.3,4,143.005485289,138.079012577,1915.051764,837.484106,151.199253159,-33.935165195
35,path21851,cont35.3,5,143.035372622,138.084568827,1915.136484,837.468355,151.199270888,-33.935167930
35,path21851,cont35.3,6,143.005485289,138.089860494,1915.051764,837.453356,151.199253159,-33.935170534
