{
  "type": "FeatureCollection",
  "name": "Sydney Airport ANEF 2045 contours",
  "crs": {
    "type": "name",
    "properties": {
      "name": "urn:ogc:def:crs:OGC:1.3:CRS84"
    }
  },
  "features": [
    {
      "type": "Feature",
      "properties": {
        "anef": 20,
        "source_paths": [
          "cont20"
        ],
        "source_vertex_count_excluding_closure": 2305,
        "coordinate_reference_system": "EPSG:4326",
        "source": "ANEF2045 contours.svg matched to the endorsed PDF vector contours"
      },
      "geometry": {
        "type": "MultiLineString",
        "coordinates": [
          [
            [
              151.151319015,
              -33.84244986
            ],
            [
              151.151455375,
              -33.842544672
            ],
            [
              151.151770639,
              -33.842907331
            ],
            [
              151.151919707,
              -33.843140463
            ],
            [
              151.152085449,
              -33.843378804
            ],
            [
              151.152137282,
              -33.843435648
            ],
            [
              151.152205438,
              -33.843571301
            ],
            [
              151.152405384,
              -33.844046065
            ],
            [
              151.152468516,
              -33.844212849
            ],
            [
              151.152640087,
              -33.844575506
            ],
            [
              151.152678056,
              -33.844652689
            ],
            [
              151.152855302,
              -33.845046936
            ],
            [
              151.152965947,
              -33.84524656
            ],
            [
              151.15320532,
              -33.845603009
            ],
            [
              151.153334952,
              -33.845772961
            ],
            [
              151.153431132,
              -33.845881067
            ],
            [
              151.153824494,
              -33.846198885
            ],
            [
              151.154205502,
              -33.846526955
            ],
            [
              151.154294701,
              -33.846640896
            ],
            [
              151.154335183,
              -33.846715285
            ],
            [
              151.154420918,
              -33.846894947
            ],
            [
              151.154590629,
              -33.847228183
            ],
            [
              151.154730907,
              -33.847549373
            ],
            [
              151.154876109,
              -33.847824137
            ],
            [
              151.155205535,
              -33.848354747
            ],
            [
              151.155217793,
              -33.848373292
            ],
            [
              151.155224778,
              -33.848383503
            ],
            [
              151.155244767,
              -33.848416218
            ],
            [
              151.155568166,
              -33.848915238
            ],
            [
              151.155730997,
              -33.849217676
            ],
            [
              151.155834712,
              -33.849526988
            ],
            [
              151.15596555,
              -33.849851595
            ],
            [
              151.156038877,
              -33.850051761
            ],
            [
              151.156074136,
              -33.850161368
            ],
            [
              151.156205526,
              -33.850520941
            ],
            [
              151.156294675,
              -33.850811499
            ],
            [
              151.156322149,
              -33.85088589
            ],
            [
              151.156389652,
              -33.851039504
            ],
            [
              151.156551628,
              -33.851431251
            ],
            [
              151.156687637,
              -33.851720018
            ],
            [
              151.156836054,
              -33.852028164
            ],
            [
              151.157041575,
              -33.85241741
            ],
            [
              151.157111186,
              -33.852554148
            ],
            [
              151.15714097,
              -33.852607991
            ],
            [
              151.15720551,
              -33.852721015
            ],
            [
              151.15746874,
              -33.853168815
            ],
            [
              151.157590184,
              -33.853388319
            ],
            [
              151.15779003,
              -33.853734973
            ],
            [
              151.157915292,
              -33.853980316
            ],
            [
              151.158044923,
              -33.854222489
            ],
            [
              151.158083195,
              -33.854324636
            ],
            [
              151.158205645,
              -33.854664121
            ],
            [
              151.158322418,
              -33.854959223
            ],
            [
              151.158362498,
              -33.85505666
            ],
            [
              151.158434218,
              -33.855247324
            ],
            [
              151.158571837,
              -33.855585309
            ],
            [
              151.158678364,
              -33.855890787
            ],
            [
              151.158800061,
              -33.856229107
            ],
            [
              151.158876553,
              -33.856450443
            ],
            [
              151.158973488,
              -33.856724957
            ],
            [
              151.159004076,
              -33.856893074
            ],
            [
              151.159158519,
              -33.857519867
            ],
            [
              151.159166351,
              -33.857559125
            ],
            [
              151.159168862,
              -33.857589756
            ],
            [
              151.159186393,
              -33.858377372
            ],
            [
              151.159187492,
              -33.85839325
            ],
            [
              151.159205372,
              -33.858442343
            ],
            [
              151.159430733,
              -33.859039464
            ],
            [
              151.159486082,
              -33.859227419
            ],
            [
              151.159600445,
              -33.859556986
            ],
            [
              151.15964836,
              -33.859692098
            ],
            [
              151.159774375,
              -33.860061631
            ],
            [
              151.159874273,
              -33.860337853
            ],
            [
              151.160012644,
              -33.860735017
            ],
            [
              151.1600698,
              -33.860895841
            ],
            [
              151.16010084,
              -33.860983068
            ],
            [
              151.160205408,
              -33.86128838
            ],
            [
              151.160329566,
              -33.86162649
            ],
            [
              151.16036613,
              -33.861730053
            ],
            [
              151.160458946,
              -33.861941512
            ],
            [
              151.160598121,
              -33.862236698
            ],
            [
              151.160730112,
              -33.862564265
            ],
            [
              151.160872199,
              -33.862842364
            ],
            [
              151.161145022,
              -33.863347968
            ],
            [
              151.161171742,
              -33.863398519
            ],
            [
              151.161180532,
              -33.863419481
            ],
            [
              151.161205695,
              -33.863477952
            ],
            [
              151.161460789,
              -33.86401998
            ],
            [
              151.161585798,
              -33.864232732
            ],
            [
              151.161759778,
              -33.86460485
            ],
            [
              151.161817789,
              -33.864743253
            ],
            [
              151.16196063,
              -33.865066985
            ],
            [
              151.162022808,
              -33.865219767
            ],
            [
              151.162205929,
              -33.865744832
            ],
            [
              151.162252087,
              -33.865862772
            ],
            [
              151.1622648,
              -33.865901239
            ],
            [
              151.162295538,
              -33.865975961
            ],
            [
              151.162508192,
              -33.866483441
            ],
            [
              151.162609899,
              -33.866735491
            ],
            [
              151.162778555,
              -33.867092231
            ],
            [
              151.162867704,
              -33.867287396
            ],
            [
              151.162998692,
              -33.867569788
            ],
            [
              151.163044447,
              -33.867704731
            ],
            [
              151.163206223,
              -33.868334484
            ],
            [
              151.163223652,
              -33.868389536
            ],
            [
              151.163227968,
              -33.868404039
            ],
            [
              151.163238515,
              -33.868430962
            ],
            [
              151.163476181,
              -33.869013205
            ],
            [
              151.163560509,
              -33.869238293
            ],
            [
              151.1636921,
              -33.869643541
            ],
            [
              151.163698472,
              -33.869662045
            ],
            [
              151.163826396,
              -33.870072587
            ],
            [
              151.163892393,
              -33.870334598
            ],
            [
              151.163984204,
              -33.870721468
            ],
            [
              151.16402996,
              -33.870906839
            ],
            [
              151.164064716,
              -33.871025113
            ],
            [
              151.164206452,
              -33.871741132
            ],
            [
              151.164411673,
              -33.872404307
            ],
            [
              151.164451402,
              -33.872575425
            ],
            [
              151.164526539,
              -33.872842438
            ],
            [
              151.164589171,
              -33.87309053
            ],
            [
              151.16468485,
              -33.873409719
            ],
            [
              151.164831659,
              -33.873722616
            ],
            [
              151.164942003,
              -33.87402322
            ],
            [
              151.165033665,
              -33.874244055
            ],
            [
              151.165084341,
              -33.874346202
            ],
            [
              151.165206841,
              -33.874585377
            ],
            [
              151.165454601,
              -33.874871811
            ],
            [
              151.165601057,
              -33.875078437
            ],
            [
              151.165786137,
              -33.875429718
            ],
            [
              151.165866799,
              -33.875628717
            ],
            [
              151.165996781,
              -33.875912774
            ],
            [
              151.166048916,
              -33.876044927
            ],
            [
              151.166207376,
              -33.876519564
            ],
            [
              151.166275633,
              -33.876690224
            ],
            [
              151.166295673,
              -33.876747111
            ],
            [
              151.166327466,
              -33.876847214
            ],
            [
              151.166513651,
              -33.877326021
            ],
            [
              151.16658256,
              -33.877581446
            ],
            [
              151.166744737,
              -33.877967734
            ],
            [
              151.166798629,
              -33.878074465
            ],
            [
              151.166957793,
              -33.878415826
            ],
            [
              151.167000886,
              -33.878588444
            ],
            [
              151.167140061,
              -33.879193565
            ],
            [
              151.167153826,
              -33.87925016
            ],
            [
              151.167169443,
              -33.87928225
            ],
            [
              151.167207916,
              -33.879354474
            ],
            [
              151.167613985,
              -33.879745972
            ],
            [
              151.167945319,
              -33.880084586
            ],
            [
              151.168065709,
              -33.880203778
            ],
            [
              151.168208649,
              -33.880345307
            ],
            [
              151.168667354,
              -33.880536559
            ],
            [
              151.1688342,
              -33.880606117
            ],
            [
              151.169209482,
              -33.880762569
            ],
            [
              151.16932957,
              -33.880818916
            ],
            [
              151.169459704,
              -33.880919062
            ],
            [
              151.169842669,
              -33.881225585
            ],
            [
              151.170210315,
              -33.881360826
            ],
            [
              151.170403229,
              -33.881592623
            ],
            [
              151.170558426,
              -33.881753492
            ],
            [
              151.170831096,
              -33.882070349
            ],
            [
              151.17121115,
              -33.88237929
            ],
            [
              151.171294523,
              -33.88251836
            ],
            [
              151.17134284,
              -33.882587875
            ],
            [
              151.171411297,
              -33.882754784
            ],
            [
              151.171544746,
              -33.883144154
            ],
            [
              151.171680254,
              -33.883422294
            ],
            [
              151.171811593,
              -33.88375603
            ],
            [
              151.17211661,
              -33.8841772
            ],
            [
              151.172164273,
              -33.884256675
            ],
            [
              151.17217482,
              -33.884287598
            ],
            [
              151.172211887,
              -33.884673884
            ],
            [
              151.172233636,
              -33.885072962
            ],
            [
              151.172238957,
              -33.885091091
            ],
            [
              151.172265978,
              -33.885136184
            ],
            [
              151.172526748,
              -33.885663
            ],
            [
              151.172750802,
              -33.885925514
            ],
            [
              151.172930155,
              -33.886161104
            ],
            [
              151.173212722,
              -33.886514554
            ],
            [
              151.173296145,
              -33.886690381
            ],
            [
              151.173334769,
              -33.886759936
            ],
            [
              151.173498703,
              -33.886998361
            ],
            [
              151.173647923,
              -33.887231576
            ],
            [
              151.17394867,
              -33.88759436
            ],
            [
              151.174045253,
              -33.887734764
            ],
            [
              151.174213607,
              -33.887969897
            ],
            [
              151.174353888,
              -33.888311883
            ],
            [
              151.17439713,
              -33.888428823
            ],
            [
              151.174528219,
              -33.888691085
            ],
            [
              151.174624952,
              -33.888920339
            ],
            [
              151.174839212,
              -33.889263245
            ],
            [
              151.174967739,
              -33.889469036
            ],
            [
              151.175214546,
              -33.889864076
            ],
            [
              151.175281947,
              -33.890041529
            ],
            [
              151.175310525,
              -33.890097707
            ],
            [
              151.17537381,
              -33.890230484
            ],
            [
              151.175567829,
              -33.890637651
            ],
            [
              151.175708208,
              -33.890932171
            ],
            [
              151.175862803,
              -33.89122623
            ],
            [
              151.176075858,
              -33.891650193
            ],
            [
              151.176135474,
              -33.891766633
            ],
            [
              151.176154258,
              -33.891817727
            ],
            [
              151.176215533,
              -33.891923081
            ],
            [
              151.176430598,
              -33.892421808
            ],
            [
              151.176507945,
              -33.892601094
            ],
            [
              151.176656612,
              -33.892968836
            ],
            [
              151.176684487,
              -33.893044643
            ],
            [
              151.176858115,
              -33.893435557
            ],
            [
              151.176960776,
              -33.893648767
            ],
            [
              151.177216523,
              -33.894191837
            ],
            [
              151.177240278,
              -33.894250264
            ],
            [
              151.177249868,
              -33.89427006
            ],
            [
              151.177266995,
              -33.894312111
            ],
            [
              151.1775134,
              -33.894857055
            ],
            [
              151.177603103,
              -33.895104564
            ],
            [
              151.177736451,
              -33.895505646
            ],
            [
              151.177749557,
              -33.895548904
            ],
            [
              151.177874368,
              -33.895939066
            ],
            [
              151.177940363,
              -33.896170113
            ],
            [
              151.178217607,
              -33.896773529
            ],
            [
              151.178402386,
              -33.897453999
            ],
            [
              151.178444274,
              -33.897608072
            ],
            [
              151.178548995,
              -33.897884295
            ],
            [
              151.178634427,
              -33.898095087
            ],
            [
              151.178758032,
              -33.898442576
            ],
            [
              151.17884688,
              -33.898752555
            ],
            [
              151.178932716,
              -33.899038695
            ],
            [
              151.179002279,
              -33.899277119
            ],
            [
              151.17905637,
              -33.899412438
            ],
            [
              151.179218749,
              -33.899765593
            ],
            [
              151.179330701,
              -33.900018312
            ],
            [
              151.179364201,
              -33.900111623
            ],
            [
              151.179416637,
              -33.900276615
            ],
            [
              151.179538583,
              -33.900679571
            ],
            [
              151.179626328,
              -33.900946167
            ],
            [
              151.179763593,
              -33.901326536
            ],
            [
              151.179801714,
              -33.901432099
            ],
            [
              151.179927578,
              -33.901780711
            ],
            [
              151.179992068,
              -33.901970666
            ],
            [
              151.18021994,
              -33.902590709
            ],
            [
              151.180227066,
              -33.902609297
            ],
            [
              151.180229279,
              -33.902615301
            ],
            [
              151.180233642,
              -33.902626722
            ],
            [
              151.180478792,
              -33.903234095
            ],
            [
              151.18055664,
              -33.903449847
            ],
            [
              151.180686775,
              -33.903838968
            ],
            [
              151.180701388,
              -33.903883144
            ],
            [
              151.180836744,
              -33.904284434
            ],
            [
              151.180924288,
              -33.9045319
            ],
            [
              151.181131768,
              -33.905118978
            ],
            [
              151.181152411,
              -33.905176365
            ],
            [
              151.181221219,
              -33.905357444
            ],
            [
              151.181400625,
              -33.905804037
            ],
            [
              151.181457328,
              -33.90595356
            ],
            [
              151.181554966,
              -33.906231783
            ],
            [
              151.18162915,
              -33.906448169
            ],
            [
              151.181750745,
              -33.90678815
            ],
            [
              151.181863049,
              -33.907087757
            ],
            [
              151.182003278,
              -33.907440032
            ],
            [
              151.182073794,
              -33.907622779
            ],
            [
              151.182112065,
              -33.907714842
            ],
            [
              151.182222511,
              -33.908026614
            ],
            [
              151.182348174,
              -33.908352633
            ],
            [
              151.182387702,
              -33.908457368
            ],
            [
              151.1824653,
              -33.908659703
            ],
            [
              151.182596187,
              -33.908980552
            ],
            [
              151.182708642,
              -33.909291997
            ],
            [
              151.182846158,
              -33.909606855
            ],
            [
              151.182968256,
              -33.909913535
            ],
            [
              151.183057004,
              -33.910126613
            ],
            [
              151.183096531,
              -33.910232769
            ],
            [
              151.183223902,
              -33.910581839
            ],
            [
              151.183352278,
              -33.910854228
            ],
            [
              151.183400646,
              -33.910961243
            ],
            [
              151.183504661,
              -33.91119525
            ],
            [
              151.183624449,
              -33.911462013
            ],
            [
              151.183771207,
              -33.911795872
            ],
            [
              151.183901239,
              -33.912065968
            ],
            [
              151.184101236,
              -33.912527107
            ],
            [
              151.184148297,
              -33.912630502
            ],
            [
              151.184169894,
              -33.912676683
            ],
            [
              151.184225344,
              -33.912802335
            ],
            [
              151.184485309,
              -33.913248459
            ],
            [
              151.18460615,
              -33.913465132
            ],
            [
              151.18480911,
              -33.91381324
            ],
            [
              151.184947883,
              -33.914067383
            ],
            [
              151.185077865,
              -33.914299802
            ],
            [
              151.18512568,
              -33.914384026
            ],
            [
              151.185226732,
              -33.91456982
            ],
            [
              151.185482679,
              -33.914921146
            ],
            [
              151.185630845,
              -33.915134434
            ],
            [
              151.185853995,
              -33.915446284
            ],
            [
              151.186228171,
              -33.915969105
            ],
            [
              151.186673266,
              -33.916432787
            ],
            [
              151.187020019,
              -33.91680374
            ],
            [
              151.187113287,
              -33.916900675
            ],
            [
              151.187229608,
              -33.91702466
            ],
            [
              151.187614734,
              -33.917317355
            ],
            [
              151.188037177,
              -33.917638377
            ],
            [
              151.188141343,
              -33.917713107
            ],
            [
              151.188230995,
              -33.917781455
            ],
            [
              151.188707078,
              -33.918076222
            ],
            [
              151.188898585,
              -33.918194752
            ],
            [
              151.18923238,
              -33.918401413
            ],
            [
              151.189286021,
              -33.918428255
            ],
            [
              151.189375422,
              -33.918472979
            ],
            [
              151.189923024,
              -33.918731958
            ],
            [
              151.190233766,
              -33.918868318
            ],
            [
              151.190604627,
              -33.918998427
            ],
            [
              151.191053085,
              -33.919155757
            ],
            [
              151.19123515,
              -33.919219652
            ],
            [
              151.191316917,
              -33.919239358
            ],
            [
              151.191635694,
              -33.919307462
            ],
            [
              151.192119812,
              -33.919404701
            ],
            [
              151.192236536,
              -33.919429577
            ],
            [
              151.192413227,
              -33.919454715
            ],
            [
              151.192957513,
              -33.919541067
            ],
            [
              151.193237869,
              -33.919579073
            ],
            [
              151.193627262,
              -33.919631888
            ],
            [
              151.193818671,
              -33.919657807
            ],
            [
              151.194239204,
              -33.919714829
            ],
            [
              151.194688817,
              -33.919767085
            ],
            [
              151.194807548,
              -33.919780892
            ],
            [
              151.195240588,
              -33.919831194
            ],
            [
              151.195554745,
              -33.919879866
            ],
            [
              151.196013048,
              -33.91995085
            ],
            [
              151.196241973,
              -33.919986355
            ],
            [
              151.196397519,
              -33.920011948
            ],
            [
              151.197132059,
              -33.920141528
            ],
            [
              151.197224974,
              -33.920156818
            ],
            [
              151.197243306,
              -33.920159293
            ],
            [
              151.197271533,
              -33.920165024
            ],
            [
              151.198069707,
              -33.920287259
            ],
            [
              151.198244691,
              -33.920329184
            ],
            [
              151.198591343,
              -33.92043025
            ],
            [
              151.198819616,
              -33.920496816
            ],
            [
              151.199246126,
              -33.92062117
            ],
            [
              151.19955285,
              -33.920720191
            ],
            [
              151.200204971,
              -33.920940245
            ],
            [
              151.20024756,
              -33.920954376
            ],
            [
              151.200264386,
              -33.920961669
            ],
            [
              151.200289297,
              -33.920975722
            ],
            [
              151.200861913,
              -33.921298295
            ],
            [
              151.201249097,
              -33.921540211
            ],
            [
              151.201421218,
              -33.921666789
            ],
            [
              151.201593389,
              -33.921810232
            ],
            [
              151.201908652,
              -33.922095203
            ],
            [
              151.202250684,
              -33.922394436
            ],
            [
              151.202390411,
              -33.922528345
            ],
            [
              151.202508238,
              -33.92264479
            ],
            [
              151.202848564,
              -33.922981231
            ],
            [
              151.203252373,
              -33.923393065
            ],
            [
              151.203296873,
              -33.923442334
            ],
            [
              151.203329419,
              -33.923479425
            ],
            [
              151.203525548,
              -33.923707052
            ],
            [
              151.20371585,
              -33.923927842
            ],
            [
              151.20404859,
              -33.924314007
            ],
            [
              151.204138795,
              -33.924410108
            ],
            [
              151.204254111,
              -33.924536594
            ],
            [
              151.204573493,
              -33.924882502
            ],
            [
              151.204819144,
              -33.925148641
            ],
            [
              151.205007237,
              -33.925355769
            ],
            [
              151.205255801,
              -33.925592032
            ],
            [
              151.205481763,
              -33.925794993
            ],
            [
              151.205673221,
              -33.925983237
            ],
            [
              151.205941222,
              -33.926246797
            ],
            [
              151.206257538,
              -33.926548608
            ],
            [
              151.206414091,
              -33.926687427
            ],
            [
              151.206580687,
              -33.926817834
            ],
            [
              151.206935626,
              -33.927087477
            ],
            [
              151.207259227,
              -33.927304648
            ],
            [
              151.207488604,
              -33.927461259
            ],
            [
              151.207777347,
              -33.927652343
            ],
            [
              151.20803475,
              -33.927840796
            ],
            [
              151.208260913,
              -33.927976869
            ],
            [
              151.208631273,
              -33.928178295
            ],
            [
              151.2092625,
              -33.928486778
            ],
            [
              151.210036767,
              -33.928676071
            ],
            [
              151.210264035,
              -33.928712917
            ],
            [
              151.210581357,
              -33.928750975
            ],
            [
              151.210882806,
              -33.928805443
            ],
            [
              151.21126552,
              -33.928844037
            ],
            [
              151.21170097,
              -33.928849121
            ],
            [
              151.211821861,
              -33.928857197
            ],
            [
              151.212266954,
              -33.928861761
            ],
            [
              151.212696125,
              -33.928843754
            ],
            [
              151.212831633,
              -33.928850007
            ],
            [
              151.213268389,
              -33.928835009
            ],
            [
              151.213652106,
              -33.928805542
            ],
            [
              151.213893035,
              -33.928799684
            ],
            [
              151.214269822,
              -33.928773889
            ],
            [
              151.214584331,
              -33.928747598
            ],
            [
              151.214973523,
              -33.928733472
            ],
            [
              151.215271257,
              -33.92871101
            ],
            [
              151.215509825,
              -33.928684055
            ],
            [
              151.216073197,
              -33.928651229
            ],
            [
              151.21627264,
              -33.928631136
            ],
            [
              151.21642236,
              -33.928609675
            ],
            [
              151.217204965,
              -33.928542171
            ],
            [
              151.217274024,
              -33.928533316
            ],
            [
              151.217329321,
              -33.928530581
            ],
            [
              151.217967277,
              -33.92848429
            ],
            [
              151.218245875,
              -33.928459536
            ],
            [
              151.218275407,
              -33.928457843
            ],
            [
              151.218312021,
              -33.928453676
            ],
            [
              151.219098793,
              -33.928335536
            ],
            [
              151.21927679,
              -33.928316902
            ],
            [
              151.219513399,
              -33.928286534
            ],
            [
              151.219965423,
              -33.928222893
            ],
            [
              151.220278174,
              -33.928184139
            ],
            [
              151.220694739,
              -33.9281361
            ],
            [
              151.220841044,
              -33.928117804
            ],
            [
              151.221279507,
              -33.928068593
            ],
            [
              151.221701447,
              -33.928000004
            ],
            [
              151.221899032,
              -33.927966536
            ],
            [
              151.222280891,
              -33.927903571
            ],
            [
              151.222540604,
              -33.927864439
            ],
            [
              151.223149882,
              -33.927758057
            ],
            [
              151.223282224,
              -33.92773713
            ],
            [
              151.223383679,
              -33.927732312
            ],
            [
              151.224072758,
              -33.92764742
            ],
            [
              151.224260506,
              -33.927628135
            ],
            [
              151.224283562,
              -33.927625661
            ],
            [
              151.224314137,
              -33.927621884
            ],
            [
              151.225152993,
              -33.927537085
            ],
            [
              151.225284944,
              -33.927519492
            ],
            [
              151.225453088,
              -33.927506731
            ],
            [
              151.226103599,
              -33.927494366
            ],
            [
              151.226286325,
              -33.927478324
            ],
            [
              151.226523639,
              -33.927448698
            ],
            [
              151.22698907,
              -33.927397443
            ],
            [
              151.227287706,
              -33.927358597
            ],
            [
              151.227657568,
              -33.927337764
            ],
            [
              151.227914659,
              -33.92733386
            ],
            [
              151.228289088,
              -33.92731037
            ],
            [
              151.228709175,
              -33.92729545
            ],
            [
              151.228892387,
              -33.927313751
            ],
            [
              151.229290469,
              -33.92729396
            ],
            [
              151.22967656,
              -33.927323424
            ],
            [
              151.229964241,
              -33.92737194
            ],
            [
              151.230291961,
              -33.927402653
            ],
            [
              151.230553227,
              -33.927427127
            ],
            [
              151.231111481,
              -33.927644679
            ],
            [
              151.231133424,
              -33.927778248
            ],
            [
              151.231086779,
              -33.928306768
            ],
            [
              151.231106304,
              -33.928479512
            ],
            [
              151.230600945,
              -33.928736551
            ],
            [
              151.230292923,
              -33.928922797
            ],
            [
              151.23002673,
              -33.929092777
            ],
            [
              151.229769672,
              -33.929314864
            ],
            [
              151.229444777,
              -33.929442516
            ],
            [
              151.229291842,
              -33.929503569
            ],
            [
              151.228902502,
              -33.929639881
            ],
            [
              151.228736602,
              -33.92968718
            ],
            [
              151.228290602,
              -33.929891631
            ],
            [
              151.228104769,
              -33.929995361
            ],
            [
              151.227831748,
              -33.930150468
            ],
            [
              151.227462452,
              -33.930294868
            ],
            [
              151.227289426,
              -33.930361456
            ],
            [
              151.226897968,
              -33.93047723
            ],
            [
              151.226734045,
              -33.930522654
            ],
            [
              151.22628814,
              -33.930664175
            ],
            [
              151.226039525,
              -33.930778701
            ],
            [
              151.225532157,
              -33.930986186
            ],
            [
              151.225373696,
              -33.93105862
            ],
            [
              151.225286964,
              -33.931095202
            ],
            [
              151.22504177,
              -33.931190844
            ],
            [
              151.224697571,
              -33.931329957
            ],
            [
              151.224285724,
              -33.931480778
            ],
            [
              151.224009486,
              -33.931591331
            ],
            [
              151.22333211,
              -33.931821865
            ],
            [
              151.223299965,
              -33.931834888
            ],
            [
              151.223284396,
              -33.931840098
            ],
            [
              151.223246979,
              -33.931853173
            ],
            [
              151.222618012,
              -33.93210138
            ],
            [
              151.222283114,
              -33.932198362
            ],
            [
              151.221875941,
              -33.932317796
            ],
            [
              151.22157635,
              -33.932411848
            ],
            [
              151.221281831,
              -33.932501447
            ],
            [
              151.221150493,
              -33.932548082
            ],
            [
              151.220826643,
              -33.932657645
            ],
            [
              151.220462564,
              -33.932809586
            ],
            [
              151.220280499,
              -33.932870964
            ],
            [
              151.219779907,
              -33.933075414
            ],
            [
              151.219279216,
              -33.933256748
            ],
            [
              151.21908354,
              -33.933329924
            ],
            [
              151.21858064,
              -33.933493233
            ],
            [
              151.218376174,
              -33.933575253
            ],
            [
              151.218277884,
              -33.93360643
            ],
            [
              151.218064529,
              -33.93367135
            ],
            [
              151.217652936,
              -33.933807375
            ],
            [
              151.217276552,
              -33.933911103
            ],
            [
              151.216925128,
              -33.934035617
            ],
            [
              151.216449347,
              -33.934183597
            ],
            [
              151.216275218,
              -33.93424099
            ],
            [
              151.216199127,
              -33.934265447
            ],
            [
              151.215958952,
              -33.93432896
            ],
            [
              151.215490807,
              -33.934509994
            ],
            [
              151.215273836,
              -33.934575825
            ],
            [
              151.214777162,
              -33.934750074
            ],
            [
              151.214765265,
              -33.93475333
            ],
            [
              151.214272509,
              -33.934905478
            ],
            [
              151.214049962,
              -33.934978823
            ],
            [
              151.213331797,
              -33.935164569
            ],
            [
              151.213290865,
              -33.93518103
            ],
            [
              151.213271126,
              -33.935188063
            ],
            [
              151.213219796,
              -33.93520735
            ],
            [
              151.212612578,
              -33.935450518
            ],
            [
              151.212269743,
              -33.935566371
            ],
            [
              151.211911188,
              -33.935700808
            ],
            [
              151.211459114,
              -33.935840871
            ],
            [
              151.211268361,
              -33.935905048
            ],
            [
              151.211187297,
              -33.935932397
            ],
            [
              151.210955459,
              -33.936000025
            ],
            [
              151.210501376,
              -33.936195555
            ],
            [
              151.210267027,
              -33.936291783
            ],
            [
              151.209841573,
              -33.936480488
            ],
            [
              151.209528322,
              -33.936616294
            ],
            [
              151.209265645,
              -33.936730989
            ],
            [
              151.209184331,
              -33.936767571
            ],
            [
              151.209007238,
              -33.936835421
            ],
            [
              151.208536833,
              -33.937062793
            ],
            [
              151.208264262,
              -33.937191189
            ],
            [
              151.207899078,
              -33.93736609
            ],
            [
              151.20730296,
              -33.937637311
            ],
            [
              151.207262931,
              -33.937655817
            ],
            [
              151.207251787,
              -33.937661417
            ],
            [
              151.207232551,
              -33.937670663
            ],
            [
              151.206688816,
              -33.938027019
            ],
            [
              151.206261604,
              -33.938338823
            ],
            [
              151.20615553,
              -33.93841738
            ],
            [
              151.206039109,
              -33.93850586
            ],
            [
              151.20570185,
              -33.938874096
            ],
            [
              151.205482921,
              -33.939155362
            ],
            [
              151.205333704,
              -33.939340932
            ],
            [
              151.205308089,
              -33.939380693
            ],
            [
              151.205260426,
              -33.939466166
            ],
            [
              151.205008348,
              -33.93996564
            ],
            [
              151.204913172,
              -33.94017593
            ],
            [
              151.204794291,
              -33.940564837
            ],
            [
              151.204778879,
              -33.940609143
            ],
            [
              151.204667432,
              -33.94101093
            ],
            [
              151.204606459,
              -33.941300194
            ],
            [
              151.204554778,
              -33.941599787
            ],
            [
              151.204505608,
              -33.941845878
            ],
            [
              151.204497322,
              -33.942044005
            ],
            [
              151.204478388,
              -33.942498682
            ],
            [
              151.204470761,
              -33.942680842
            ],
            [
              151.204470761,
              -33.94285662
            ],
            [
              151.204489848,
              -33.943324178
            ],
            [
              151.204489849,
              -33.943515793
            ],
            [
              151.20450181,
              -33.943717332
            ],
            [
              151.20452622,
              -33.944128953
            ],
            [
              151.204539374,
              -33.944350757
            ],
            [
              151.204575637,
              -33.944613598
            ],
            [
              151.20461391,
              -33.944890986
            ],
            [
              151.204654593,
              -33.945185709
            ],
            [
              151.204746304,
              -33.945590507
            ],
            [
              151.204751279,
              -33.94561167
            ],
            [
              151.204842389,
              -33.946020636
            ],
            [
              151.204870868,
              -33.94634711
            ],
            [
              151.204881824,
              -33.946538191
            ],
            [
              151.204908242,
              -33.946855587
            ],
            [
              151.204931296,
              -33.947131933
            ],
            [
              151.20494175,
              -33.947422866
            ],
            [
              151.204962494,
              -33.94769059
            ],
            [
              151.204993383,
              -33.94791539
            ],
            [
              151.205035523,
              -33.948335802
            ],
            [
              151.205060235,
              -33.948525542
            ],
            [
              151.205069433,
              -33.948687164
            ],
            [
              151.205125886,
              -33.949245861
            ],
            [
              151.205132871,
              -33.949360546
            ],
            [
              151.205143371,
              -33.949460775
            ],
            [
              151.205189078,
              -33.950133284
            ],
            [
              151.2051952,
              -33.950195549
            ],
            [
              151.205199626,
              -33.950249102
            ],
            [
              151.205249803,
              -33.951018675
            ],
            [
              151.205250745,
              -33.951030527
            ],
            [
              151.205251844,
              -33.951040685
            ],
            [
              151.205264102,
              -33.951169709
            ],
            [
              151.205328945,
              -33.951811626
            ],
            [
              151.205334925,
              -33.951865517
            ],
            [
              151.205341455,
              -33.951929776
            ],
            [
              151.205425383,
              -33.952566522
            ],
            [
              151.205438285,
              -33.95270056
            ],
            [
              151.205446824,
              -33.952852376
            ],
            [
              151.205463852,
              -33.953369683
            ],
            [
              151.205473599,
              -33.953535603
            ],
            [
              151.205503484,
              -33.953734381
            ],
            [
              151.205561895,
              -33.954123212
            ],
            [
              151.205599113,
              -33.954370633
            ],
            [
              151.205638038,
              -33.954681322
            ],
            [
              151.205663553,
              -33.954873693
            ],
            [
              151.205704588,
              -33.955205637
            ],
            [
              151.205828394,
              -33.956040719
            ],
            [
              151.205911418,
              -33.956337617
            ],
            [
              151.205999361,
              -33.956652058
            ],
            [
              151.206061943,
              -33.956875725
            ],
            [
              151.2060857,
              -33.957027592
            ],
            [
              151.206216689,
              -33.957667973
            ],
            [
              151.206223862,
              -33.957710808
            ],
            [
              151.206233499,
              -33.957739603
            ],
            [
              151.206268105,
              -33.957824673
            ],
            [
              151.20648337,
              -33.958366571
            ],
            [
              151.206548262,
              -33.958545814
            ],
            [
              151.20693158,
              -33.959380822
            ],
            [
              151.206999435,
              -33.959606819
            ],
            [
              151.207079847,
              -33.960056835
            ],
            [
              151.207120478,
              -33.960215905
            ],
            [
              151.20714745,
              -33.960318674
            ],
            [
              151.207270904,
              -33.96071696
            ],
            [
              151.207375071,
              -33.960964226
            ],
            [
              151.207416708,
              -33.96105095
            ],
            [
              151.207429767,
              -33.961183269
            ],
            [
              151.207442984,
              -33.961742916
            ],
            [
              151.207459157,
              -33.961886071
            ],
            [
              151.207793906,
              -33.962285662
            ],
            [
              151.20781917,
              -33.962342549
            ],
            [
              151.208033581,
              -33.96272108
            ],
            [
              151.208094203,
              -33.962870526
            ],
            [
              151.208273658,
              -33.963312611
            ],
            [
              151.208355274,
              -33.963488195
            ],
            [
              151.208392642,
              -33.963556165
            ],
            [
              151.208419915,
              -33.963677936
            ],
            [
              151.208585658,
              -33.964131455
            ],
            [
              151.208629154,
              -33.964391249
            ],
            [
              151.208777619,
              -33.964806753
            ],
            [
              151.208779723,
              -33.964812614
            ],
            [
              151.208929444,
              -33.96522632
            ],
            [
              151.208995993,
              -33.965460002
            ],
            [
              151.209197145,
              -33.965995271
            ],
            [
              151.209218441,
              -33.966061418
            ],
            [
              151.2092323,
              -33.96609834
            ],
            [
              151.209276599,
              -33.966228484
            ],
            [
              151.209468761,
              -33.966736508
            ],
            [
              151.20951974,
              -33.966896541
            ],
            [
              151.209621696,
              -33.967183893
            ],
            [
              151.209694021,
              -33.967384092
            ],
            [
              151.209815516,
              -33.967731665
            ],
            [
              151.209915917,
              -33.968034437
            ],
            [
              151.210006924,
              -33.968339748
            ],
            [
              151.210078998,
              -33.968566801
            ],
            [
              151.210098486,
              -33.968717653
            ],
            [
              151.210169255,
              -33.969309898
            ],
            [
              151.210180902,
              -33.969401961
            ],
            [
              151.210203903,
              -33.969465178
            ],
            [
              151.210279794,
              -33.969667681
            ],
            [
              151.210456788,
              -33.970089684
            ],
            [
              151.210511232,
              -33.970237085
            ],
            [
              151.210586872,
              -33.970492764
            ],
            [
              151.210663716,
              -33.97075261
            ],
            [
              151.210758191,
              -33.97107226
            ],
            [
              151.21086954,
              -33.971416408
            ],
            [
              151.210937746,
              -33.971620044
            ],
            [
              151.21103212,
              -33.971907383
            ],
            [
              151.211088372,
              -33.972069384
            ],
            [
              151.211282946,
              -33.972649792
            ],
            [
              151.21130831,
              -33.972721435
            ],
            [
              151.211315797,
              -33.972742559
            ],
            [
              151.211336439,
              -33.972787112
            ],
            [
              151.211583196,
              -33.97332763
            ],
            [
              151.211700774,
              -33.973577683
            ],
            [
              151.211865412,
              -33.973927757
            ],
            [
              151.211975053,
              -33.974154094
            ],
            [
              151.212098809,
              -33.97441286
            ],
            [
              151.212153655,
              -33.974522883
            ],
            [
              151.212285747,
              -33.97479565
            ],
            [
              151.212447722,
              -33.975113126
            ],
            [
              151.212522759,
              -33.975247985
            ],
            [
              151.212790108,
              -33.975663074
            ],
            [
              151.212797344,
              -33.975674144
            ],
            [
              151.213065647,
              -33.976083177
            ],
            [
              151.213148517,
              -33.976199712
            ],
            [
              151.213288445,
              -33.976386875
            ],
            [
              151.213534647,
              -33.976713195
            ],
            [
              151.213678342,
              -33.976918278
            ],
            [
              151.213906314,
              -33.97723875
            ],
            [
              151.214207463,
              -33.977683807
            ],
            [
              151.214255227,
              -33.977753405
            ],
            [
              151.214268537,
              -33.977772159
            ],
            [
              151.214291038,
              -33.977805577
            ],
            [
              151.214630911,
              -33.978305437
            ],
            [
              151.214818754,
              -33.978588532
            ],
            [
              151.214992934,
              -33.978839093
            ],
            [
              151.215293731,
              -33.979271803
            ],
            [
              151.215364901,
              -33.979364362
            ],
            [
              151.215409401,
              -33.979423672
            ],
            [
              151.215618889,
              -33.979694511
            ],
            [
              151.215757359,
              -33.979872596
            ],
            [
              151.216050423,
              -33.980258799
            ],
            [
              151.216146555,
              -33.980383579
            ],
            [
              151.216296326,
              -33.980578074
            ],
            [
              151.216554684,
              -33.980878725
            ],
            [
              151.216734991,
              -33.981093888
            ],
            [
              151.216970798,
              -33.981367203
            ],
            [
              151.217298918,
              -33.981757066
            ],
            [
              151.217388319,
              -33.981854509
            ],
            [
              151.217454868,
              -33.981928978
            ],
            [
              151.217822314,
              -33.982328153
            ],
            [
              151.217952798,
              -33.982473601
            ],
            [
              151.21821437,
              -33.982764068
            ],
            [
              151.218252341,
              -33.98280504
            ],
            [
              151.218301511,
              -33.982859557
            ],
            [
              151.218694924,
              -33.98327147
            ],
            [
              151.218992257,
              -33.983599171
            ],
            [
              151.219125302,
              -33.98374811
            ],
            [
              151.219304153,
              -33.983953493
            ],
            [
              151.219553169,
              -33.984226885
            ],
            [
              151.219737093,
              -33.9844343
            ],
            [
              151.219981237,
              -33.984705439
            ],
            [
              151.220306797,
              -33.985066937
            ],
            [
              151.220414479,
              -33.985179709
            ],
            [
              151.220497803,
              -33.98526939
            ],
            [
              151.220851839,
              -33.985650514
            ],
            [
              151.221118433,
              -33.985945409
            ],
            [
              151.221262832,
              -33.98610448
            ],
            [
              151.221282518,
              -33.986126907
            ],
            [
              151.221309439,
              -33.986156666
            ],
            [
              151.221724348,
              -33.986594
            ],
            [
              151.222043127,
              -33.98693957
            ],
            [
              151.222156786,
              -33.987068973
            ],
            [
              151.222312133,
              -33.987245808
            ],
            [
              151.222584303,
              -33.987548035
            ],
            [
              151.222788418,
              -33.987774712
            ],
            [
              151.223009709,
              -33.988028882
            ],
            [
              151.223314876,
              -33.988379465
            ],
            [
              151.223432855,
              -33.988511577
            ],
            [
              151.223520597,
              -33.988609841
            ],
            [
              151.22398337,
              -33.989166589
            ],
            [
              151.224214799,
              -33.989444969
            ],
            [
              151.22425498,
              -33.989497194
            ],
            [
              151.224317667,
              -33.98957346
            ],
            [
              151.22466788,
              -33.989988459
            ],
            [
              151.224913937,
              -33.99028011
            ],
            [
              151.225069777,
              -33.990488905
            ],
            [
              151.225320512,
              -33.990802085
            ],
            [
              151.22547224,
              -33.990988922
            ],
            [
              151.22557842,
              -33.991115277
            ],
            [
              151.225861927,
              -33.991499605
            ],
            [
              151.226002464,
              -33.991683186
            ],
            [
              151.226205422,
              -33.991950457
            ],
            [
              151.226245555,
              -33.992015341
            ],
            [
              151.226323452,
              -33.992126289
            ],
            [
              151.226610035,
              -33.992547043
            ],
            [
              151.226779389,
              -33.992785675
            ],
            [
              151.226946436,
              -33.993102187
            ],
            [
              151.227197124,
              -33.993513148
            ],
            [
              151.227259702,
              -33.993620931
            ],
            [
              151.227275774,
              -33.993663218
            ],
            [
              151.227326596,
              -33.993787997
            ],
            [
              151.227517799,
              -33.994297141
            ],
            [
              151.227585604,
              -33.994456224
            ],
            [
              151.227641558,
              -33.99471831
            ],
            [
              151.227686307,
              -33.994992364
            ],
            [
              151.227756984,
              -33.995291633
            ],
            [
              151.227749765,
              -33.995643411
            ],
            [
              151.227728718,
              -33.995792907
            ],
            [
              151.227720244,
              -33.996127091
            ],
            [
              151.227644703,
              -33.996390985
            ],
            [
              151.227408708,
              -33.996895826
            ],
            [
              151.227384192,
              -33.996962715
            ],
            [
              151.227363145,
              -33.996991509
            ],
            [
              151.227328599,
              -33.997022388
            ],
            [
              151.22687954,
              -33.997423845
            ],
            [
              151.226527163,
              -33.997631462
            ],
            [
              151.226326765,
              -33.997756824
            ],
            [
              151.226294966,
              -33.997772113
            ],
            [
              151.226215406,
              -33.997798654
            ],
            [
              151.225547379,
              -33.99798457
            ],
            [
              151.225324678,
              -33.998021775
            ],
            [
              151.224997413,
              -33.998071912
            ],
            [
              151.224718412,
              -33.998129251
            ],
            [
              151.22432248,
              -33.998181301
            ],
            [
              151.223857708,
              -33.998187026
            ],
            [
              151.223788853,
              -33.998190151
            ],
            [
              151.223320258,
              -33.998195485
            ],
            [
              151.222880237,
              -33.998166684
            ],
            [
              151.222754876,
              -33.998164078
            ],
            [
              151.22231802,
              -33.998138234
            ],
            [
              151.221973778,
              -33.998087139
            ],
            [
              151.221609698,
              -33.998045381
            ],
            [
              151.221315681,
              -33.998004653
            ],
            [
              151.221120507,
              -33.997963145
            ],
            [
              151.220340816,
              -33.997823654
            ],
            [
              151.220313343,
              -33.997818183
            ],
            [
              151.22029702,
              -33.997814276
            ],
            [
              151.220229768,
              -33.997800692
            ],
            [
              151.219499447,
              -33.997643815
            ],
            [
              151.219311003,
              -33.997609561
            ],
            [
              151.219000413,
              -33.997542251
            ],
            [
              151.218703282,
              -33.997472273
            ],
            [
              151.218308615,
              -33.997391796
            ],
            [
              151.217910784,
              -33.997297605
            ],
            [
              151.217636153,
              -33.997241014
            ],
            [
              151.217306275,
              -33.997167323
            ],
            [
              151.217118836,
              -33.99712252
            ],
            [
              151.216375558,
              -33.996966437
            ],
            [
              151.216318804,
              -33.996954195
            ],
            [
              151.21630394,
              -33.996951329
            ],
            [
              151.216279179,
              -33.996945859
            ],
            [
              151.215536653,
              -33.996770814
            ],
            [
              151.215301601,
              -33.996721934
            ],
            [
              151.214900705,
              -33.996632744
            ],
            [
              151.214743251,
              -33.996596902
            ],
            [
              151.214299262,
              -33.996499793
            ],
            [
              151.213951807,
              -33.996421361
            ],
            [
              151.213530017,
              -33.996326128
            ],
            [
              151.213296974,
              -33.996273523
            ],
            [
              151.21315775,
              -33.996247982
            ],
            [
              151.212525971,
              -33.996132118
            ],
            [
              151.21233587,
              -33.996097851
            ],
            [
              151.212294635,
              -33.996090427
            ],
            [
              151.21223331,
              -33.996081049
            ],
            [
              151.211489982,
              -33.995967683
            ],
            [
              151.211292347,
              -33.995937506
            ],
            [
              151.211037255,
              -33.99591983
            ],
            [
              151.210576491,
              -33.995893946
            ],
            [
              151.210290108,
              -33.995873444
            ],
            [
              151.209991923,
              -33.99588425
            ],
            [
              151.209545926,
              -33.995917845
            ],
            [
              151.209287922,
              -33.995928
            ],
            [
              151.209094908,
              -33.995972083
            ],
            [
              151.208564131,
              -33.996133112
            ],
            [
              151.208369309,
              -33.996202786
            ],
            [
              151.208285785,
              -33.996246088
            ],
            [
              151.207894836,
              -33.996642701
            ],
            [
              151.207657223,
              -33.996968807
            ],
            [
              151.207543013,
              -33.997184814
            ],
            [
              151.207356578,
              -33.997743963
            ],
            [
              151.207331114,
              -33.99780434
            ],
            [
              151.207323172,
              -33.997836938
            ],
            [
              151.207284249,
              -33.998222095
            ],
            [
              151.207257179,
              -33.998617176
            ],
            [
              151.20725765,
              -33.99863985
            ],
            [
              151.207259612,
              -33.998660687
            ],
            [
              151.207276239,
              -33.999468172
            ],
            [
              151.207276866,
              -33.999475334
            ],
            [
              151.207277651,
              -33.999481325
            ],
            [
              151.207284887,
              -33.999568166
            ],
            [
              151.207359372,
              -34.000248932
            ],
            [
              151.207361538,
              -34.00031082
            ],
            [
              151.207369119,
              -34.000380796
            ],
            [
              151.207474041,
              -34.000989034
            ],
            [
              151.207489313,
              -34.00114628
            ],
            [
              151.207519047,
              -34.001340982
            ],
            [
              151.207594033,
              -34.001724734
            ],
            [
              151.207630297,
              -34.00198178
            ],
            [
              151.207692326,
              -34.0023206
            ],
            [
              151.207720553,
              -34.002454964
            ],
            [
              151.207783485,
              -34.002817279
            ],
            [
              151.207854353,
              -34.003179151
            ],
            [
              151.2078758,
              -34.003308709
            ],
            [
              151.20794034,
              -34.003652778
            ],
            [
              151.207991971,
              -34.003900122
            ],
            [
              151.208070826,
              -34.004306495
            ],
            [
              151.208107993,
              -34.004488278
            ],
            [
              151.208134362,
              -34.004617185
            ],
            [
              151.208280769,
              -34.005316745
            ],
            [
              151.20828328,
              -34.005328727
            ],
            [
              151.20828926,
              -34.005355907
            ],
            [
              151.208444206,
              -34.006030332
            ],
            [
              151.208471127,
              -34.006159278
            ],
            [
              151.208511408,
              -34.006344147
            ],
            [
              151.208597244,
              -34.006738513
            ],
            [
              151.208653045,
              -34.006994817
            ],
            [
              151.208733556,
              -34.007364516
            ],
            [
              151.208751235,
              -34.007445913
            ],
            [
              151.208834962,
              -34.007830355
            ],
            [
              151.208908793,
              -34.008150344
            ],
            [
              151.208963087,
              -34.008391097
            ],
            [
              151.20902607,
              -34.008665868
            ],
            [
              151.209067456,
              -34.008853811
            ],
            [
              151.209217881,
              -34.009438686
            ],
            [
              151.209232447,
              -34.009501408
            ],
            [
              151.209241283,
              -34.009544711
            ],
            [
              151.209293267,
              -34.00980526
            ],
            [
              151.209383421,
              -34.01026197
            ],
            [
              151.209399795,
              -34.010336985
            ],
            [
              151.209427168,
              -34.010448389
            ],
            [
              151.209552229,
              -34.010957076
            ],
            [
              151.209605167,
              -34.011172537
            ],
            [
              151.209679853,
              -34.011494219
            ],
            [
              151.209715714,
              -34.011656584
            ],
            [
              151.209799238,
              -34.012008116
            ],
            [
              151.209863176,
              -34.012369441
            ],
            [
              151.209888339,
              -34.012503258
            ],
            [
              151.209949565,
              -34.012843706
            ],
            [
              151.20999994,
              -34.013091258
            ],
            [
              151.210110136,
              -34.013523418
            ],
            [
              151.210144239,
              -34.013679284
            ],
            [
              151.210167895,
              -34.013787106
            ],
            [
              151.210297427,
              -34.01436293
            ],
            [
              151.210324498,
              -34.014492371
            ],
            [
              151.210329819,
              -34.014514875
            ],
            [
              151.21033605,
              -34.014547004
            ],
            [
              151.210455286,
              -34.015219189
            ],
            [
              151.210481604,
              -34.015350453
            ],
            [
              151.210521835,
              -34.015537119
            ],
            [
              151.210602046,
              -34.015932697
            ],
            [
              151.210658046,
              -34.016186083
            ],
            [
              151.210727911,
              -34.016544204
            ],
            [
              151.21074559,
              -34.016648888
            ],
            [
              151.210822285,
              -34.017021713
            ],
            [
              151.210881099,
              -34.017371825
            ],
            [
              151.210904253,
              -34.017526479
            ],
            [
              151.210958346,
              -34.017857342
            ],
            [
              151.211004102,
              -34.01810518
            ],
            [
              151.211106813,
              -34.018530647
            ],
            [
              151.211139309,
              -34.018692959
            ],
            [
              151.211162011,
              -34.018809403
            ],
            [
              151.211301941,
              -34.019528628
            ],
            [
              151.211433582,
              -34.020254782
            ],
            [
              151.211458946,
              -34.020364258
            ],
            [
              151.211496414,
              -34.020525997
            ],
            [
              151.211594002,
              -34.020956999
            ],
            [
              151.211650908,
              -34.021199927
            ],
            [
              151.211685213,
              -34.021518782
            ],
            [
              151.211707614,
              -34.021698233
            ],
            [
              151.211742873,
              -34.022035634
            ],
            [
              151.211811129,
              -34.022447881
            ],
            [
              151.211815555,
              -34.022462767
            ],
            [
              151.211897423,
              -34.022871303
            ],
            [
              151.211925701,
              -34.023188283
            ],
            [
              151.211953074,
              -34.023412743
            ],
            [
              151.211980697,
              -34.02370701
            ],
            [
              151.212033887,
              -34.023934102
            ],
            [
              151.212114851,
              -34.024382984
            ],
            [
              151.212149507,
              -34.024542718
            ],
            [
              151.212151469,
              -34.024672041
            ],
            [
              151.212220931,
              -34.025306795
            ],
            [
              151.212222187,
              -34.025378438
            ],
            [
              151.212229313,
              -34.025443152
            ],
            [
              151.212292398,
              -34.026201811
            ],
            [
              151.212293654,
              -34.026214184
            ],
            [
              151.212295066,
              -34.026224342
            ],
            [
              151.212307215,
              -34.026266434
            ],
            [
              151.212465776,
              -34.026917937
            ],
            [
              151.21249551,
              -34.027049918
            ],
            [
              151.212516505,
              -34.027224043
            ],
            [
              151.212516506,
              -34.027711552
            ],
            [
              151.212542674,
              -34.027885664
            ],
            [
              151.212567034,
              -34.028101802
            ],
            [
              151.212589888,
              -34.028486374
            ],
            [
              151.21261917,
              -34.028721423
            ],
            [
              151.212642323,
              -34.029000022
            ],
            [
              151.21265397,
              -34.029268984
            ],
            [
              151.212679686,
              -34.029557169
            ],
            [
              151.21276949,
              -34.029941455
            ],
            [
              151.212783098,
              -34.029997391
            ],
            [
              151.212873804,
              -34.030392916
            ],
            [
              151.212907054,
              -34.03073003
            ],
            [
              151.212942765,
              -34.030921281
            ],
            [
              151.212977472,
              -34.031228714
            ],
            [
              151.213025337,
              -34.031467475
            ],
            [
              151.213144873,
              -34.031925188
            ],
            [
              151.21317531,
              -34.032064462
            ],
            [
              151.213190535,
              -34.032165785
            ],
            [
              151.213224238,
              -34.032826781
            ],
            [
              151.213233781,
              -34.03290026
            ],
            [
              151.213238144,
              -34.032962187
            ],
            [
              151.213312527,
              -34.03317886
            ],
            [
              151.213465464,
              -34.033608651
            ],
            [
              151.213479826,
              -34.033736008
            ],
            [
              151.213499364,
              -34.033891496
            ],
            [
              151.213548936,
              -34.034375177
            ],
            [
              151.213574652,
              -34.034571845
            ],
            [
              151.213566523,
              -34.034782969
            ],
            [
              151.213530814,
              -34.035226433
            ],
            [
              151.213523328,
              -34.035407681
            ],
            [
              151.213507609,
              -34.035569459
            ],
            [
              151.213423685,
              -34.036151986
            ],
            [
              151.213414095,
              -34.036243555
            ],
            [
              151.213404003,
              -34.036318726
            ],
            [
              151.213314203,
              -34.037079468
            ],
            [
              151.212924611,
              -34.037915456
            ],
            [
              151.212753145,
              -34.038283277
            ],
            [
              151.212646266,
              -34.038472781
            ],
            [
              151.212500163,
              -34.038751456
            ],
            [
              151.212427889,
              -34.038847894
            ],
            [
              151.212312273,
              -34.038960455
            ],
            [
              151.212071595,
              -34.038952117
            ],
            [
              151.211586121,
              -34.038982196
            ],
            [
              151.211309532,
              -34.038974639
            ],
            [
              151.211012402,
              -34.038999471
            ],
            [
              151.210650632,
              -34.039038524
            ],
            [
              151.210306843,
              -34.03906544
            ],
            [
              151.210039395,
              -34.038974962
            ],
            [
              151.209384261,
              -34.038819128
            ],
            [
              151.209304003,
              -34.038796245
            ],
            [
              151.209208524,
              -34.038831876
            ],
            [
              151.208653239,
              -34.039045702
            ],
            [
              151.208301413,
              -34.039170437
            ],
            [
              151.207845622,
              -34.039132586
            ],
            [
              151.207298522,
              -34.038752709
            ],
            [
              151.207062819,
              -34.039392005
            ],
            [
              151.207012343,
              -34.039588672
            ],
            [
              151.206722897,
              -34.039944445
            ],
            [
              151.206478655,
              -34.040272713
            ],
            [
              151.206363239,
              -34.040424696
            ],
            [
              151.206347826,
              -34.040467582
            ],
            [
              151.206296649,
              -34.041260662
            ],
            [
              151.206375555,
              -34.042030977
            ],
            [
              151.206377219,
              -34.042096538
            ],
            [
              151.20637882,
              -34.042164755
            ],
            [
              151.206410766,
              -34.042837811
            ],
            [
              151.206415239,
              -34.043030806
            ],
            [
              151.206443366,
              -34.043646754
            ],
            [
              151.206446129,
              -34.043768367
            ],
            [
              151.206454871,
              -34.043899475
            ],
            [
              151.206501733,
              -34.044434247
            ],
            [
              151.206512736,
              -34.044604283
            ],
            [
              151.206516661,
              -34.044786651
            ],
            [
              151.206535999,
              -34.045241823
            ],
            [
              151.206540174,
              -34.045440197
            ],
            [
              151.206548917,
              -34.045649199
            ],
            [
              151.206565744,
              -34.046053241
            ],
            [
              151.206575036,
              -34.046276164
            ],
            [
              151.206584988,
              -34.046515003
            ],
            [
              151.20659946,
              -34.046861324
            ],
            [
              151.206609914,
              -34.047112079
            ],
            [
              151.206621121,
              -34.047380793
            ],
            [
              151.206633223,
              -34.047669395
            ],
            [
              151.206644823,
              -34.047948033
            ],
            [
              151.206644825,
              -34.048784038
            ],
            [
              151.20665101,
              -34.049077341
            ],
            [
              151.206651011,
              -34.049326637
            ],
            [
              151.206657384,
              -34.049619992
            ],
            [
              151.206657858,
              -34.050455997
            ],
            [
              151.206651675,
              -34.050749339
            ],
            [
              151.206640469,
              -34.051008103
            ],
            [
              151.206634239,
              -34.05129199
            ],
            [
              151.206634239,
              -34.051570667
            ],
            [
              151.206620978,
              -34.051860479
            ],
            [
              151.206620979,
              -34.052127995
            ],
            [
              151.206608721,
              -34.052385248
            ],
            [
              151.206592751,
              -34.052720187
            ],
            [
              151.206581152,
              -34.052964026
            ],
            [
              151.206570402,
              -34.053189111
            ],
            [
              151.206528465,
              -34.053610031
            ],
            [
              151.206518625,
              -34.05380007
            ],
            [
              151.206509632,
              -34.053974233
            ],
            [
              151.206483215,
              -34.054484078
            ],
            [
              151.206475336,
              -34.054636114
            ],
            [
              151.206468101,
              -34.054775479
            ],
            [
              151.206401455,
              -34.055388547
            ],
            [
              151.206396684,
              -34.055472158
            ],
            [
              151.206390359,
              -34.055546457
            ],
            [
              151.206301463,
              -34.05630824
            ],
            [
              151.20611935,
              -34.056992285
            ],
            [
              151.20607033,
              -34.057144321
            ],
            [
              151.20600097,
              -34.057395153
            ],
            [
              151.205943766,
              -34.057681839
            ],
            [
              151.205846179,
              -34.057980441
            ],
            [
              151.20571424,
              -34.058326462
            ],
            [
              151.205607914,
              -34.058559295
            ],
            [
              151.205499982,
              -34.058816599
            ],
            [
              151.205433133,
              -34.058928119
            ],
            [
              151.205299485,
              -34.059095313
            ],
            [
              151.20485374,
              -34.059188334
            ],
            [
              151.204768508,
              -34.059210213
            ],
            [
              151.204296595,
              -34.0592946
            ],
            [
              151.203947632,
              -34.059107721
            ],
            [
              151.203293452,
              -34.058817067
            ],
            [
              151.202880301,
              -34.058325307
            ],
            [
              151.202513104,
              -34.057981105
            ],
            [
              151.202411801,
              -34.057879793
            ],
            [
              151.202290206,
              -34.05777214
            ],
            [
              151.202049376,
              -34.057345812
            ],
            [
              151.201913869,
              -34.057145183
            ],
            [
              151.201696344,
              -34.05680399
            ],
            [
              151.20144115,
              -34.05643787
            ],
            [
              151.201353708,
              -34.056309223
            ],
            [
              151.201328596,
              -34.056274372
            ],
            [
              151.201286809,
              -34.056225663
            ],
            [
              151.201000123,
              -34.055712129
            ],
            [
              151.200665625,
              -34.05515481
            ],
            [
              151.200388984,
              -34.054725343
            ],
            [
              151.200333535,
              -34.05463733
            ],
            [
              151.200317413,
              -34.054609029
            ],
            [
              151.20028341,
              -34.05455377
            ],
            [
              151.200032535,
              -34.054010374
            ],
            [
              151.199922191,
              -34.053801371
            ],
            [
              151.199725961,
              -34.053429834
            ],
            [
              151.199480661,
              -34.052965452
            ],
            [
              151.199417427,
              -34.052850922
            ],
            [
              151.199279962,
              -34.052617083
            ],
            [
              151.199114721,
              -34.052267178
            ],
            [
              151.199045862,
              -34.05212948
            ],
            [
              151.198889763,
              -34.051804372
            ],
            [
              151.198826026,
              -34.051671727
            ],
            [
              151.198644513,
              -34.051293561
            ],
            [
              151.198536277,
              -34.051077187
            ],
            [
              151.198276612,
              -34.050586249
            ],
            [
              151.198234324,
              -34.050492818
            ],
            [
              151.198219256,
              -34.050457641
            ],
            [
              151.198189372,
              -34.050384918
            ],
            [
              151.197977672,
              -34.049870682
            ],
            [
              151.197875212,
              -34.049621684
            ],
            [
              151.197712182,
              -34.049255981
            ],
            [
              151.197638049,
              -34.049089735
            ],
            [
              151.197502541,
              -34.048785752
            ],
            [
              151.19744217,
              -34.04864498
            ],
            [
              151.197273163,
              -34.04827132
            ],
            [
              151.197175775,
              -34.048031022
            ],
            [
              151.197144537,
              -34.047949833
            ],
            [
              151.197072463,
              -34.047782676
            ],
            [
              151.19691345,
              -34.047413561
            ],
            [
              151.19678432,
              -34.047113954
            ],
            [
              151.196655694,
              -34.046792388
            ],
            [
              151.196449871,
              -34.046278035
            ],
            [
              151.196403563,
              -34.046166553
            ],
            [
              151.196269812,
              -34.045860082
            ],
            [
              151.196145455,
              -34.04554568
            ],
            [
              151.19610648,
              -34.045442117
            ],
            [
              151.196031695,
              -34.045243781
            ],
            [
              151.195903369,
              -34.04491151
            ],
            [
              151.195790915,
              -34.044606238
            ],
            [
              151.195664296,
              -34.044274762
            ],
            [
              151.195567413,
              -34.044021075
            ],
            [
              151.195471683,
              -34.043770358
            ],
            [
              151.19542211,
              -34.04364067
            ],
            [
              151.195266412,
              -34.043232954
            ],
            [
              151.195180677,
              -34.043005875
            ],
            [
              151.195154912,
              -34.042934479
            ],
            [
              151.195104586,
              -34.04279962
            ],
            [
              151.194937435,
              -34.042372655
            ],
            [
              151.194839447,
              -34.042098561
            ],
            [
              151.194700022,
              -34.041734578
            ],
            [
              151.194646732,
              -34.041582294
            ],
            [
              151.194529255,
              -34.041262721
            ],
            [
              151.194466876,
              -34.041092946
            ],
            [
              151.194263112,
              -34.040538324
            ],
            [
              151.194230716,
              -34.040453853
            ],
            [
              151.194221331,
              -34.040426842
            ],
            [
              151.194203199,
              -34.040376962
            ],
            [
              151.193994513,
              -34.03981476
            ],
            [
              151.193915056,
              -34.039591015
            ],
            [
              151.193761467,
              -34.039173089
            ],
            [
              151.193613904,
              -34.038755136
            ],
            [
              151.193533444,
              -34.038527211
            ],
            [
              151.193365391,
              -34.038007271
            ],
            [
              151.193335506,
              -34.037919297
            ],
            [
              151.193317576,
              -34.037871201
            ],
            [
              151.193259816,
              -34.037710334
            ],
            [
              151.193077398,
              -34.037235455
            ],
            [
              151.193023757,
              -34.037083457
            ],
            [
              151.192925417,
              -34.036804857
            ],
            [
              151.192846714,
              -34.036591817
            ],
            [
              151.192729838,
              -34.036247669
            ],
            [
              151.19260739,
              -34.035955433
            ],
            [
              151.192498351,
              -34.035613239
            ],
            [
              151.192423816,
              -34.035411829
            ],
            [
              151.192382782,
              -34.035306677
            ],
            [
              151.192256617,
              -34.035013829
            ],
            [
              151.192103379,
              -34.034703724
            ],
            [
              151.192048434,
              -34.034576028
            ],
            [
              151.191977264,
              -34.034343284
            ],
            [
              151.191889017,
              -34.034046464
            ],
            [
              151.19179364,
              -34.033740241
            ],
            [
              151.191663505,
              -34.03339858
            ],
            [
              151.191600222,
              -34.033193342
            ],
            [
              151.191499821,
              -34.03290444
            ],
            [
              151.191444523,
              -34.03274524
            ],
            [
              151.191253466,
              -34.032124367
            ],
            [
              151.191232974,
              -34.032068652
            ],
            [
              151.191223525,
              -34.032043686
            ],
            [
              151.190979229,
              -34.031461363
            ],
            [
              151.190900527,
              -34.031232851
            ],
            [
              151.190744827,
              -34.03082089
            ],
            [
              151.190739052,
              -34.030804272
            ],
            [
              151.190590737,
              -34.030397103
            ],
            [
              151.190509674,
              -34.030181015
            ],
            [
              151.190301187,
              -34.029603654
            ],
            [
              151.19028557,
              -34.029561302
            ],
            [
              151.190277487,
              -34.029538719
            ],
            [
              151.190250365,
              -34.029449911
            ],
            [
              151.190040072,
              -34.028900798
            ],
            [
              151.189978746,
              -34.028725553
            ],
            [
              151.189916014,
              -34.028446992
            ],
            [
              151.189863227,
              -34.02821236
            ],
            [
              151.189790602,
              -34.027889806
            ],
            [
              151.189614663,
              -34.027583738
            ],
            [
              151.189491359,
              -34.02725738
            ],
            [
              151.189397791,
              -34.027054095
            ],
            [
              151.189360172,
              -34.026960065
            ],
            [
              151.189247365,
              -34.026695933
            ],
            [
              151.189039885,
              -34.026391246
            ],
            [
              151.188946517,
              -34.026218371
            ],
            [
              151.188737179,
              -34.025807789
            ],
            [
              151.188725925,
              -34.025783786
            ],
            [
              151.18853105,
              -34.02538262
            ],
            [
              151.188445116,
              -34.025215463
            ],
            [
              151.188244516,
              -34.024755821
            ],
            [
              151.188143011,
              -34.02463155
            ],
            [
              151.188084096,
              -34.024546909
            ],
            [
              151.187843419,
              -34.024212632
            ],
            [
              151.187767026,
              -34.024109198
            ],
            [
              151.187501737,
              -34.023711235
            ],
            [
              151.187405004,
              -34.023575203
            ],
            [
              151.187241771,
              -34.02329336
            ],
            [
              151.186922793,
              -34.023141449
            ],
            [
              151.186461979,
              -34.022875556
            ],
            [
              151.186328329,
              -34.022801294
            ],
            [
              151.186239181,
              -34.02273628
            ],
            [
              151.18613637,
              -34.02278987
            ],
            [
              151.186016383,
              -34.022875589
            ],
            [
              151.185587615,
              -34.023168145
            ],
            [
              151.185236693,
              -34.023460609
            ],
            [
              151.185141267,
              -34.023631776
            ],
            [
              151.185100033,
              -34.023711376
            ],
            [
              151.184986122,
              -34.023920285
            ],
            [
              151.184644395,
              -34.024547115
            ],
            [
              151.184530135,
              -34.024793753
            ],
            [
              151.184303471,
              -34.025325266
            ],
            [
              151.184277957,
              -34.025382908
            ],
            [
              151.184267206,
              -34.025410283
            ],
            [
              151.184234359,
              -34.025522181
            ],
            [
              151.184095136,
              -34.026102585
            ],
            [
              151.184061537,
              -34.02621865
            ],
            [
              151.184001268,
              -34.026413026
            ],
            [
              151.183895545,
              -34.026771927
            ],
            [
              151.18380479,
              -34.027054445
            ],
            [
              151.183683799,
              -34.027431135
            ],
            [
              151.183643218,
              -34.027547331
            ],
            [
              151.183529007,
              -34.027890225
            ],
            [
              151.183454775,
              -34.028075927
            ],
            [
              151.183231979,
              -34.028726019
            ],
            [
              151.183139518,
              -34.029484625
            ],
            [
              151.183131781,
              -34.029561802
            ],
            [
              151.183098381,
              -34.029673244
            ],
            [
              151.182970561,
              -34.030179544
            ],
            [
              151.182897886,
              -34.030397596
            ],
            [
              151.182821997,
              -34.030739489
            ],
            [
              151.182712308,
              -34.031233378
            ],
            [
              151.182636921,
              -34.031572952
            ],
            [
              151.182605581,
              -34.031755776
            ],
            [
              151.182540742,
              -34.032069212
            ],
            [
              151.182483788,
              -34.03228113
            ],
            [
              151.182281082,
              -34.032862198
            ],
            [
              151.182268227,
              -34.032905045
            ],
            [
              151.182266815,
              -34.032936002
            ],
            [
              151.182229649,
              -34.033322956
            ],
            [
              151.182184146,
              -34.033702904
            ],
            [
              151.182176911,
              -34.033740867
            ],
            [
              151.182160538,
              -34.033798509
            ],
            [
              151.18198415,
              -34.034371998
            ],
            [
              151.181928953,
              -34.03457674
            ],
            [
              151.181659047,
              -34.034936811
            ],
            [
              151.181227113,
              -34.035412568
            ],
            [
              151.180847716,
              -34.035932162
            ],
            [
              151.180589109,
              -34.036248435
            ],
            [
              151.180435572,
              -34.036424433
            ],
            [
              151.180224477,
              -34.036619966
            ],
            [
              151.179768737,
              -34.036704392
            ],
            [
              151.179667384,
              -34.036712856
            ],
            [
              151.179221789,
              -34.036780416
            ],
            [
              151.178219047,
              -34.03655248
            ],
            [
              151.178040849,
              -34.036397107
            ],
            [
              151.177854414,
              -34.036248494
            ],
            [
              151.177521522,
              -34.035994114
            ],
            [
              151.177216356,
              -34.035798445
            ],
            [
              151.176997626,
              -34.035595028
            ],
            [
              151.176753583,
              -34.035412657
            ],
            [
              151.176468907,
              -34.035199902
            ],
            [
              151.176213663,
              -34.034962558
            ],
            [
              151.176041793,
              -34.034720045
            ],
            [
              151.175940237,
              -34.034576772
            ],
            [
              151.175597552,
              -34.034254527
            ],
            [
              151.175211021,
              -34.034019565
            ],
            [
              151.175024484,
              -34.033896413
            ],
            [
              151.174829059,
              -34.033740922
            ],
            [
              151.174530221,
              -34.033472608
            ],
            [
              151.174208378,
              -34.033169013
            ],
            [
              151.174093765,
              -34.033000592
            ],
            [
              151.174026061,
              -34.032905077
            ],
            [
              151.173899896,
              -34.0326479
            ],
            [
              151.173786236,
              -34.032421146
            ],
            [
              151.173618635,
              -34.032069235
            ],
            [
              151.173552387,
              -34.031780308
            ],
            [
              151.17340141,
              -34.031396477
            ],
            [
              151.173354349,
              -34.031233409
            ],
            [
              151.173333103,
              -34.031127254
            ],
            [
              151.173205832,
              -34.03039761
            ],
            [
              151.172988255,
              -34.029743189
            ],
            [
              151.172959627,
              -34.029561823
            ],
            [
              151.172875599,
              -34.029286466
            ],
            [
              151.172820903,
              -34.029046963
            ],
            [
              151.172704582,
              -34.028725984
            ],
            [
              151.172601067,
              -34.028394417
            ],
            [
              151.172484746,
              -34.028124816
            ],
            [
              151.17239901,
              -34.027890183
            ],
            [
              151.172399008,
              -34.027054438
            ],
            [
              151.172360687,
              -34.02692333
            ],
            [
              151.17220343,
              -34.026311535
            ],
            [
              151.1721857,
              -34.026233433
            ],
            [
              151.17218253,
              -34.026218638
            ],
            [
              151.1721752,
              -34.026195092
            ],
            [
              151.172004735,
              -34.02554855
            ],
            [
              151.171946976,
              -34.02538289
            ],
            [
              151.171823221,
              -34.02506587
            ],
            [
              151.171768425,
              -34.024909835
            ],
            [
              151.171612275,
              -34.024547089
            ],
            [
              151.171561446,
              -34.024246623
            ],
            [
              151.171554869,
              -34.024006326
            ],
            [
              151.171514336,
              -34.023711382
            ],
            [
              151.171479531,
              -34.023479211
            ],
            [
              151.171428903,
              -34.023065584
            ],
            [
              151.17140163,
              -34.022875635
            ],
            [
              151.171378526,
              -34.022727727
            ],
            [
              151.171291233,
              -34.022115022
            ],
            [
              151.171279775,
              -34.022039928
            ],
            [
              151.171269133,
              -34.02198325
            ],
            [
              151.171201179,
              -34.021622055
            ],
            [
              151.171138045,
              -34.021256809
            ],
            [
              151.171129553,
              -34.02120422
            ],
            [
              151.171126948,
              -34.021142293
            ],
            [
              151.171071899,
              -34.020476322
            ],
            [
              151.171067582,
              -34.020368461
            ],
            [
              151.171062967,
              -34.02025319
            ],
            [
              151.171063016,
              -34.019648079
            ],
            [
              151.171058087,
              -34.019532794
            ],
            [
              151.171047084,
              -34.019404226
            ],
            [
              151.170991133,
              -34.018872293
            ],
            [
              151.170976662,
              -34.018697087
            ],
            [
              151.170955516,
              -34.018492097
            ],
            [
              151.170908404,
              -34.018105637
            ],
            [
              151.170883943,
              -34.017861419
            ],
            [
              151.170858227,
              -34.017575279
            ],
            [
              151.170834118,
              -34.017331896
            ],
            [
              151.170807047,
              -34.017025712
            ],
            [
              151.170768021,
              -34.016664348
            ],
            [
              151.170757678,
              -34.016560043
            ],
            [
              151.170716994,
              -34.016190044
            ],
            [
              151.170688515,
              -34.015782095
            ],
            [
              151.17068773,
              -34.015761675
            ],
            [
              151.170660608,
              -34.015354377
            ],
            [
              151.170639663,
              -34.014987218
            ],
            [
              151.170633588,
              -34.014880828
            ],
            [
              151.170612894,
              -34.014518761
            ],
            [
              151.170566336,
              -34.014212695
            ],
            [
              151.170533438,
              -34.01396164
            ],
            [
              151.170492302,
              -34.013683093
            ],
            [
              151.170481503,
              -34.013447875
            ],
            [
              151.170460106,
              -34.01306484
            ],
            [
              151.170449966,
              -34.012847465
            ],
            [
              151.170460168,
              -34.01263005
            ],
            [
              151.170487891,
              -34.012252303
            ],
            [
              151.170498689,
              -34.012011837
            ],
            [
              151.170492111,
              -34.011767868
            ],
            [
              151.170485879,
              -34.01141493
            ],
            [
              151.1704796,
              -34.011176209
            ],
            [
              151.170473573,
              -34.01094779
            ],
            [
              151.170473572,
              -34.010569053
            ],
            [
              151.170467842,
              -34.010340594
            ],
            [
              151.170460512,
              -34.010123089
            ],
            [
              151.170439014,
              -34.009704552
            ],
            [
              151.170432076,
              -34.009505005
            ],
            [
              151.170420869,
              -34.009320592
            ],
            [
              151.170395654,
              -34.008832744
            ],
            [
              151.170385813,
              -34.008669429
            ],
            [
              151.170384557,
              -34.008515309
            ],
            [
              151.170401632,
              -34.008002039
            ],
            [
              151.170400219,
              -34.007833801
            ],
            [
              151.170397613,
              -34.007668884
            ],
            [
              151.170389418,
              -34.007156292
            ],
            [
              151.170386907,
              -34.006998251
            ],
            [
              151.17039072,
              -34.006839104
            ],
            [
              151.170399006,
              -34.00632866
            ],
            [
              151.170403023,
              -34.006162676
            ],
            [
              151.170411655,
              -34.005986142
            ],
            [
              151.170434255,
              -34.005522427
            ],
            [
              151.17044375,
              -34.005327087
            ],
            [
              151.170447108,
              -34.005121094
            ],
            [
              151.170460323,
              -34.004708588
            ],
            [
              151.170463791,
              -34.00449159
            ],
            [
              151.170465548,
              -34.004270255
            ],
            [
              151.170471668,
              -34.003882428
            ],
            [
              151.170473425,
              -34.003656014
            ],
            [
              151.170478855,
              -34.003423636
            ],
            [
              151.170490108,
              -34.00306222
            ],
            [
              151.170495679,
              -34.002820465
            ],
            [
              151.170501501,
              -34.002569293
            ],
            [
              151.170511451,
              -34.002244435
            ],
            [
              151.17051743,
              -34.001984968
            ],
            [
              151.170526014,
              -34.001420984
            ],
            [
              151.170530125,
              -34.001149431
            ],
            [
              151.170536559,
              -34.000869165
            ],
            [
              151.170544689,
              -34.000600985
            ],
            [
              151.17055784,
              -34.000015917
            ],
            [
              151.17056487,
              -33.999782288
            ],
            [
              151.170571603,
              -33.999478436
            ],
            [
              151.170578633,
              -33.999163163
            ],
            [
              151.170584566,
              -33.998963122
            ],
            [
              151.170591596,
              -33.998642926
            ],
            [
              151.170596461,
              -33.998312871
            ],
            [
              151.170598972,
              -33.998139619
            ],
            [
              151.170608858,
              -33.997467072
            ],
            [
              151.170611117,
              -33.997314215
            ],
            [
              151.170616186,
              -33.99697197
            ],
            [
              151.170616281,
              -33.995301014
            ],
            [
              151.170606392,
              -33.994962871
            ],
            [
              151.170601667,
              -33.994799752
            ],
            [
              151.17059192,
              -33.994465555
            ],
            [
              151.170582627,
              -33.994147325
            ],
            [
              151.170576646,
              -33.993943416
            ],
            [
              151.170567511,
              -33.993630148
            ],
            [
              151.170554608,
              -33.993335244
            ],
            [
              151.170543401,
              -33.993080204
            ],
            [
              151.170530891,
              -33.992794689
            ],
            [
              151.170515571,
              -33.992532382
            ],
            [
              151.170496485,
              -33.99220557
            ],
            [
              151.170482076,
              -33.991959269
            ],
            [
              151.170465953,
              -33.99173839
            ],
            [
              151.170435314,
              -33.991319098
            ],
            [
              151.170421046,
              -33.99112381
            ],
            [
              151.170406072,
              -33.990952941
            ],
            [
              151.170359363,
              -33.990420292
            ],
            [
              151.170347764,
              -33.99028839
            ],
            [
              151.170337012,
              -33.990175124
            ],
            [
              151.170268452,
              -33.989509074
            ],
            [
              151.170263084,
              -33.989453021
            ],
            [
              151.170257811,
              -33.989405798
            ],
            [
              151.170201205,
              -33.988930869
            ],
            [
              151.170165042,
              -33.988647776
            ],
            [
              151.170161181,
              -33.9886176
            ],
            [
              151.170155358,
              -33.988579337
            ],
            [
              151.170057316,
              -33.987902244
            ],
            [
              151.170038833,
              -33.98778218
            ],
            [
              151.170014925,
              -33.98762677
            ],
            [
              151.169946266,
              -33.987159433
            ],
            [
              151.169913118,
              -33.986946811
            ],
            [
              151.169861988,
              -33.986663835
            ],
            [
              151.169822611,
              -33.986427236
            ],
            [
              151.169763947,
              -33.986111428
            ],
            [
              151.169679418,
              -33.985711228
            ],
            [
              151.169669969,
              -33.985668302
            ],
            [
              151.169585941,
              -33.985276046
            ],
            [
              151.169521552,
              -33.9850075
            ],
            [
              151.169432101,
              -33.984634584
            ],
            [
              151.169385592,
              -33.984440676
            ],
            [
              151.16935189,
              -33.984313644
            ],
            [
              151.169199557,
              -33.983761914
            ],
            [
              151.169161285,
              -33.983637227
            ],
            [
              151.169151083,
              -33.983605293
            ],
            [
              151.169131997,
              -33.983548992
            ],
            [
              151.168944305,
              -33.982982792
            ],
            [
              151.168871076,
              -33.982769922
            ],
            [
              151.16873361,
              -33.982381377
            ],
            [
              151.168717688,
              -33.982336367
            ],
            [
              151.168575501,
              -33.981934577
            ],
            [
              151.168491273,
              -33.981689825
            ],
            [
              151.168315635,
              -33.981197521
            ],
            [
              151.168281281,
              -33.981099206
            ],
            [
              151.168197755,
              -33.98085353
            ],
            [
              151.168027241,
              -33.980406066
            ],
            [
              151.167970938,
              -33.980263874
            ],
            [
              151.167859137,
              -33.979981523
            ],
            [
              151.16777742,
              -33.979779019
            ],
            [
              151.16764126,
              -33.979428529
            ],
            [
              151.16752991,
              -33.979150098
            ],
            [
              151.167362961,
              -33.978732432
            ],
            [
              151.167307311,
              -33.978593197
            ],
            [
              151.167278935,
              -33.978524054
            ],
            [
              151.167196013,
              -33.978314766
            ],
            [
              151.16701922,
              -33.977905304
            ],
            [
              151.166960306,
              -33.977757903
            ],
            [
              151.166837153,
              -33.977458673
            ],
            [
              151.166763574,
              -33.977283142
            ],
            [
              151.16661807,
              -33.976922558
            ],
            [
              151.166516013,
              -33.976654298
            ],
            [
              151.166358959,
              -33.976224546
            ],
            [
              151.166307729,
              -33.976087265
            ],
            [
              151.166283369,
              -33.976013004
            ],
            [
              151.166194319,
              -33.975701728
            ],
            [
              151.166087289,
              -33.975341236
            ],
            [
              151.166021192,
              -33.975107567
            ],
            [
              151.165887242,
              -33.974672776
            ],
            [
              151.165818734,
              -33.97441668
            ],
            [
              151.165726922,
              -33.974026846
            ],
            [
              151.165715323,
              -33.973980886
            ],
            [
              151.165624515,
              -33.973581389
            ],
            [
              151.165561029,
              -33.97327432
            ],
            [
              151.165513315,
              -33.973013445
            ],
            [
              151.165459926,
              -33.972746137
            ],
            [
              151.165425119,
              -33.972552477
            ],
            [
              151.165344054,
              -33.972036953
            ],
            [
              151.165322155,
              -33.971910885
            ],
            [
              151.165307386,
              -33.971815409
            ],
            [
              151.165210852,
              -33.971090558
            ],
            [
              151.165206881,
              -33.971064042
            ],
            [
              151.165192975,
              -33.970956312
            ],
            [
              151.165105983,
              -33.970313027
            ],
            [
              151.165097648,
              -33.970240421
            ],
            [
              151.165007142,
              -33.969560293
            ],
            [
              151.164986449,
              -33.969405169
            ],
            [
              151.164954254,
              -33.969205961
            ],
            [
              151.164889261,
              -33.968823395
            ],
            [
              151.164848929,
              -33.96856997
            ],
            [
              151.164781377,
              -33.968226526
            ],
            [
              151.16475546,
              -33.968099781
            ],
            [
              151.164684792,
              -33.967734757
            ],
            [
              151.164616235,
              -33.967380764
            ],
            [
              151.164592378,
              -33.967233611
            ],
            [
              151.16453055,
              -33.966899544
            ],
            [
              151.164489063,
              -33.966651667
            ],
            [
              151.164427485,
              -33.966260869
            ],
            [
              151.164395091,
              -33.966064331
            ],
            [
              151.164366061,
              -33.965919092
            ],
            [
              151.164243258,
              -33.965271965
            ],
            [
              151.164234814,
              -33.96522917
            ],
            [
              151.164228331,
              -33.965198786
            ],
            [
              151.164191917,
              -33.965020377
            ],
            [
              151.164077153,
              -33.964489732
            ],
            [
              151.164057464,
              -33.964393957
            ],
            [
              151.164029589,
              -33.964258512
            ],
            [
              151.163927481,
              -33.963779415
            ],
            [
              151.16388273,
              -33.963558783
            ],
            [
              151.163806185,
              -33.963236971
            ],
            [
              151.16376721,
              -33.96307794
            ],
            [
              151.163684138,
              -33.962723621
            ],
            [
              151.163603375,
              -33.962379474
            ],
            [
              151.163562893,
              -33.962198889
            ],
            [
              151.163491121,
              -33.961888447
            ],
            [
              151.163438133,
              -33.961682115
            ],
            [
              151.163300012,
              -33.961144424
            ],
            [
              151.163276608,
              -33.961053285
            ],
            [
              151.163260637,
              -33.960995057
            ],
            [
              151.163190772,
              -33.960719257
            ],
            [
              151.163081531,
              -33.960309263
            ],
            [
              151.163058278,
              -33.960218163
            ],
            [
              151.163019152,
              -33.960075008
            ],
            [
              151.162894542,
              -33.959630123
            ],
            [
              151.162828045,
              -33.959382988
            ],
            [
              151.162722922,
              -33.958992737
            ],
            [
              151.162710664,
              -33.958948314
            ],
            [
              151.162604337,
              -33.958547865
            ],
            [
              151.162527191,
              -33.958266257
            ],
            [
              151.162430606,
              -33.957913813
            ],
            [
              151.16237551,
              -33.95771273
            ],
            [
              151.162338293,
              -33.957588667
            ],
            [
              151.162189576,
              -33.957074106
            ],
            [
              151.162141912,
              -33.956917368
            ],
            [
              151.16212981,
              -33.956877607
            ],
            [
              151.162107008,
              -33.956808712
            ],
            [
              151.161923334,
              -33.956264561
            ],
            [
              151.161850959,
              -33.956042484
            ],
            [
              151.16171962,
              -33.955650487
            ],
            [
              151.161706216,
              -33.955610557
            ],
            [
              151.16157121,
              -33.955207386
            ],
            [
              151.161479198,
              -33.954964796
            ],
            [
              151.161293766,
              -33.954460159
            ],
            [
              151.161260868,
              -33.954372263
            ],
            [
              151.161247606,
              -33.954322838
            ],
            [
              151.161188389,
              -33.953954728
            ],
            [
              151.161125054,
              -33.95359003
            ],
            [
              151.161111399,
              -33.95353718
            ],
            [
              151.161070667,
              -33.953438956
            ],
            [
              151.160880362,
              -33.952959063
            ],
            [
              151.160768562,
              -33.952702095
            ],
            [
              151.160594431,
              -33.952362401
            ],
            [
              151.160448325,
              -33.952084842
            ],
            [
              151.160334867,
              -33.951866957
            ],
            [
              151.160284039,
              -33.951786158
            ],
            [
              151.160187106,
              -33.95164592
            ],
            [
              151.15990263,
              -33.951269094
            ],
            [
              151.159723528,
              -33.951031869
            ],
            [
              151.159492995,
              -33.950775563
            ],
            [
              151.159185667,
              -33.950493639
            ],
            [
              151.15900762,
              -33.950345143
            ],
            [
              151.158829572,
              -33.950196699
            ],
            [
              151.158464737,
              -33.949962688
            ],
            [
              151.158184081,
              -33.949829662
            ],
            [
              151.157767665,
              -33.94970863
            ],
            [
              151.157541554,
              -33.949660779
            ],
            [
              151.157182495,
              -33.949570131
            ],
            [
              151.156969842,
              -33.949538624
            ],
            [
              151.15631054,
              -33.949469357
            ],
            [
              151.15618081,
              -33.949451761
            ],
            [
              151.156081766,
              -33.949443815
            ],
            [
              151.155259735,
              -33.949428256
            ],
            [
              151.155179174,
              -33.949422654
            ],
            [
              151.155109714,
              -33.949419007
            ],
            [
              151.154255287,
              -33.949425769
            ],
            [
              151.154177489,
              -33.949422252
            ],
            [
              151.154100795,
              -33.949424856
            ],
            [
              151.153331703,
              -33.949490732
            ],
            [
              151.153175753,
              -33.949495419
            ],
            [
              151.152995295,
              -33.949511175
            ],
            [
              151.152454023,
              -33.949594011
            ],
            [
              151.152174069,
              -33.949614429
            ],
            [
              151.151813453,
              -33.949661062
            ],
            [
              151.151577396,
              -33.949698072
            ],
            [
              151.151172333,
              -33.949746527
            ],
            [
              151.150716542,
              -33.949815286
            ],
            [
              151.150615089,
              -33.949824792
            ],
            [
              151.150170599,
              -33.949884343
            ],
            [
              151.149857697,
              -33.949934298
            ],
            [
              151.149438721,
              -33.949970094
            ],
            [
              151.149168913,
              -33.950007143
            ],
            [
              151.148987099,
              -33.950043359
            ],
            [
              151.148230764,
              -33.950141651
            ],
            [
              151.148167128,
              -33.950152851
            ],
            [
              151.148127149,
              -33.950161446
            ],
            [
              151.147911383,
              -33.950194745
            ],
            [
              151.147321191,
              -33.950324465
            ],
            [
              151.147165393,
              -33.950349181
            ],
            [
              151.146924414,
              -33.950395347
            ],
            [
              151.146515332,
              -33.950487535
            ],
            [
              151.146163608,
              -33.950548169
            ],
            [
              151.145700987,
              -33.950643547
            ],
            [
              151.145608321,
              -33.950657052
            ],
            [
              151.145161873,
              -33.950738938
            ],
            [
              151.144884331,
              -33.950797658
            ],
            [
              151.144340044,
              -33.950878827
            ],
            [
              151.144160088,
              -33.950912634
            ],
            [
              151.144050296,
              -33.950937221
            ],
            [
              151.143486171,
              -33.9510286
            ],
            [
              151.143227312,
              -33.951085979
            ],
            [
              151.143158354,
              -33.951097048
            ],
            [
              151.143048411,
              -33.951120007
            ],
            [
              151.142442298,
              -33.95126641
            ],
            [
              151.142156568,
              -33.951320207
            ],
            [
              151.141686112,
              -33.951420131
            ],
            [
              151.141638799,
              -33.95143146
            ],
            [
              151.141154734,
              -33.95152568
            ],
            [
              151.140831385,
              -33.951593229
            ],
            [
              151.140378206,
              -33.951674868
            ],
            [
              151.140152948,
              -33.951719419
            ],
            [
              151.140015382,
              -33.951747834
            ],
            [
              151.139401633,
              -33.951862304
            ],
            [
              151.139206158,
              -33.951908105
            ],
            [
              151.139151163,
              -33.951919044
            ],
            [
              151.139059854,
              -33.951938292
            ],
            [
              151.138416524,
              -33.952084642
            ],
            [
              151.138149377,
              -33.952137983
            ],
            [
              151.137700467,
              -33.952235876
            ],
            [
              151.137619355,
              -33.952254967
            ],
            [
              151.137147543,
              -33.952352351
            ],
            [
              151.13681867,
              -33.952422362
            ],
            [
              151.136373225,
              -33.95250671
            ],
            [
              151.136145757,
              -33.952553006
            ],
            [
              151.136008895,
              -33.952582086
            ],
            [
              151.135463351,
              -33.952695983
            ],
            [
              151.135216647,
              -33.952756539
            ],
            [
              151.135143922,
              -33.952771789
            ],
            [
              151.135019062,
              -33.952799918
            ],
            [
              151.134435952,
              -33.952940565
            ],
            [
              151.134142086,
              -33.953003322
            ],
            [
              151.133642752,
              -33.953114172
            ],
            [
              151.133638577,
              -33.953115474
            ],
            [
              151.133140245,
              -33.953223485
            ],
            [
              151.132850548,
              -33.953289081
            ],
            [
              151.13227025,
              -33.95342043
            ],
            [
              151.132138409,
              -33.953450278
            ],
            [
              151.132062872,
              -33.953467273
            ],
            [
              151.131799945,
              -33.953530121
            ],
            [
              151.1312876,
              -33.953655844
            ],
            [
              151.131136575,
              -33.953688479
            ],
            [
              151.130878168,
              -33.953745154
            ],
            [
              151.130498468,
              -33.953832824
            ],
            [
              151.130134688,
              -33.953909632
            ],
            [
              151.12969939,
              -33.954001521
            ],
            [
              151.129524658,
              -33.954037737
            ],
            [
              151.129132854,
              -33.954119833
            ],
            [
              151.128893733,
              -33.954164748
            ],
            [
              151.1281829,
              -33.954320488
            ],
            [
              151.128131018,
              -33.954330906
            ],
            [
              151.128098272,
              -33.954336506
            ],
            [
              151.127981449,
              -33.954363762
            ],
            [
              151.127310997,
              -33.954515036
            ],
            [
              151.127129133,
              -33.954554534
            ],
            [
              151.12682045,
              -33.954620546
            ],
            [
              151.126513829,
              -33.954685348
            ],
            [
              151.126127247,
              -33.954768693
            ],
            [
              151.125703851,
              -33.954844915
            ],
            [
              151.125501445,
              -33.954884335
            ],
            [
              151.125125412,
              -33.954954058
            ],
            [
              151.124881922,
              -33.954994558
            ],
            [
              151.124207954,
              -33.95512683
            ],
            [
              151.124123527,
              -33.955141741
            ],
            [
              151.124068983,
              -33.955151638
            ],
            [
              151.123881142,
              -33.955197023
            ],
            [
              151.123283465,
              -33.955331627
            ],
            [
              151.123121641,
              -33.955367335
            ],
            [
              151.122861476,
              -33.955413422
            ],
            [
              151.122456262,
              -33.955476842
            ],
            [
              151.122119806,
              -33.955540315
            ],
            [
              151.121652012,
              -33.955641163
            ],
            [
              151.121552566,
              -33.955668746
            ],
            [
              151.12111787,
              -33.955774231
            ],
            [
              151.120871617,
              -33.955825437
            ],
            [
              151.120124021,
              -33.956023632
            ],
            [
              151.120115985,
              -33.956025456
            ],
            [
              151.120111057,
              -33.956026758
            ],
            [
              151.120094633,
              -33.956030795
            ],
            [
              151.119290331,
              -33.956177313
            ],
            [
              151.119114092,
              -33.956215027
            ],
            [
              151.118830472,
              -33.956266571
            ],
            [
              151.118465087,
              -33.956324117
            ],
            [
              151.118112207,
              -33.956393294
            ],
            [
              151.117632158,
              -33.956464592
            ],
            [
              151.117574499,
              -33.956477771
            ],
            [
              151.117110321,
              -33.956558941
            ],
            [
              151.116793101,
              -33.956599857
            ],
            [
              151.116285529,
              -33.956716424
            ],
            [
              151.116108436,
              -33.956744631
            ],
            [
              151.115998694,
              -33.956772435
            ],
            [
              151.115719897,
              -33.95686374
            ],
            [
              151.11523382,
              -33.956969628
            ],
            [
              151.115106449,
              -33.957001052
            ],
            [
              151.114898468,
              -33.957036682
            ],
            [
              151.114383363,
              -33.957095386
            ],
            [
              151.114104615,
              -33.957152152
            ],
            [
              151.11363672,
              -33.957252584
            ],
            [
              151.113581472,
              -33.9572617
            ],
            [
              151.113102628,
              -33.957382721
            ],
            [
              151.112776468,
              -33.957425435
            ],
            [
              151.11232339,
              -33.957511489
            ],
            [
              151.112100743,
              -33.957544448
            ],
            [
              151.111909487,
              -33.957537413
            ],
            [
              151.111203777,
              -33.957609086
            ],
            [
              151.111098957,
              -33.957603615
            ],
            [
              151.110968272,
              -33.957587399
            ],
            [
              151.110216807,
              -33.957596246
            ],
            [
              151.110097171,
              -33.957574444
            ],
            [
              151.109917115,
              -33.957545685
            ],
            [
              151.109275543,
              -33.957545678
            ],
            [
              151.109095485,
              -33.957499247
            ],
            [
              151.108704635,
              -33.957369632
            ],
            [
              151.108532967,
              -33.957329335
            ],
            [
              151.108094,
              -33.957114208
            ],
            [
              151.10795101,
              -33.956979256
            ],
            [
              151.107881699,
              -33.956859947
            ],
            [
              151.108014141,
              -33.956793216
            ],
            [
              151.108094301,
              -33.956740758
            ],
            [
              151.108580929,
              -33.9564307
            ],
            [
              151.108846216,
              -33.956025412
            ],
            [
              151.109005629,
              -33.955949565
            ],
            [
              151.109096736,
              -33.955909805
            ],
            [
              151.109307682,
              -33.955849834
            ],
            [
              151.109769146,
              -33.955751291
            ],
            [
              151.110098723,
              -33.955629968
            ],
            [
              151.110407656,
              -33.955448606
            ],
            [
              151.110703027,
              -33.955191356
            ],
            [
              151.110958169,
              -33.955072545
            ],
            [
              151.111100958,
              -33.955002116
            ],
            [
              151.111517172,
              -33.954844953
            ],
            [
              151.111637058,
              -33.954803618
            ],
            [
              151.112102994,
              -33.954600287
            ],
            [
              151.112293848,
              -33.954516236
            ],
            [
              151.112621315,
              -33.95435734
            ],
            [
              151.112978664,
              -33.954252192
            ],
            [
              151.113105029,
              -33.954214139
            ],
            [
              151.113358916,
              -33.954146133
            ],
            [
              151.113740825,
              -33.954052785
            ],
            [
              151.114106966,
              -33.95394614
            ],
            [
              151.114495454,
              -33.953847088
            ],
            [
              151.114897956,
              -33.953699315
            ],
            [
              151.1151089,
              -33.953633093
            ],
            [
              151.115210054,
              -33.95360792
            ],
            [
              151.115509694,
              -33.953523791
            ],
            [
              151.116002953,
              -33.953434195
            ],
            [
              151.116110787,
              -33.953410234
            ],
            [
              151.116327456,
              -33.953343673
            ],
            [
              151.116749596,
              -33.953221739
            ],
            [
              151.117112721,
              -33.953101966
            ],
            [
              151.117469469,
              -33.952987077
            ],
            [
              151.117964685,
              -33.952815003
            ],
            [
              151.118114708,
              -33.9527645
            ],
            [
              151.118177488,
              -33.952742412
            ],
            [
              151.118299284,
              -33.952690151
            ],
            [
              151.118893996,
              -33.952504872
            ],
            [
              151.119116642,
              -33.952439236
            ],
            [
              151.119580218,
              -33.952304422
            ],
            [
              151.119635968,
              -33.952288626
            ],
            [
              151.120118528,
              -33.95214407
            ],
            [
              151.120372214,
              -33.95206756
            ],
            [
              151.12105276,
              -33.951856431
            ],
            [
              151.121103839,
              -33.951842601
            ],
            [
              151.121120463,
              -33.951838433
            ],
            [
              151.121151,
              -33.95183101
            ],
            [
              151.121878508,
              -33.951653613
            ],
            [
              151.122122299,
              -33.95159415
            ],
            [
              151.122583765,
              -33.951472542
            ],
            [
              151.12264318,
              -33.951456251
            ],
            [
              151.123124184,
              -33.951334187
            ],
            [
              151.123411822,
              -33.951262183
            ],
            [
              151.124024364,
              -33.951107484
            ],
            [
              151.12412607,
              -33.951081946
            ],
            [
              151.124180914,
              -33.95106852
            ],
            [
              151.124344398,
              -33.9510229
            ],
            [
              151.124933886,
              -33.950861416
            ],
            [
              151.125127904,
              -33.950812736
            ],
            [
              151.125505193,
              -33.95070897
            ],
            [
              151.125689217,
              -33.950656253
            ],
            [
              151.126129789,
              -33.950539867
            ],
            [
              151.126453539,
              -33.950458643
            ],
            [
              151.126960861,
              -33.950331331
            ],
            [
              151.127131625,
              -33.950288447
            ],
            [
              151.127223688,
              -33.950265826
            ],
            [
              151.127507307,
              -33.950189225
            ],
            [
              151.127975453,
              -33.950057706
            ],
            [
              151.128133459,
              -33.950017661
            ],
            [
              151.128436115,
              -33.949937309
            ],
            [
              151.128732191,
              -33.949853715
            ],
            [
              151.129135295,
              -33.949752944
            ],
            [
              151.129508717,
              -33.949666264
            ],
            [
              151.129867373,
              -33.949579961
            ],
            [
              151.13013708,
              -33.949516332
            ],
            [
              151.130281477,
              -33.949475661
            ],
            [
              151.130735761,
              -33.949355511
            ],
            [
              151.131031233,
              -33.949265874
            ],
            [
              151.131138916,
              -33.949237914
            ],
            [
              151.131343632,
              -33.949185119
            ],
            [
              151.131788624,
              -33.94906243
            ],
            [
              151.13214075,
              -33.948977078
            ],
            [
              151.13255616,
              -33.948867399
            ],
            [
              151.132790861,
              -33.948814435
            ],
            [
              151.133142536,
              -33.948727794
            ],
            [
              151.133333641,
              -33.948680781
            ],
            [
              151.134024133,
              -33.94852172
            ],
            [
              151.134111674,
              -33.948494502
            ],
            [
              151.13414432,
              -33.948485647
            ],
            [
              151.134210416,
              -33.948466724
            ],
            [
              151.134845459,
              -33.948271405
            ],
            [
              151.135146156,
              -33.948191848
            ],
            [
              151.135598029,
              -33.948063949
            ],
            [
              151.135736297,
              -33.948030455
            ],
            [
              151.13614794,
              -33.947922143
            ],
            [
              151.13636019,
              -33.947864464
            ],
            [
              151.137107386,
              -33.947687809
            ],
            [
              151.137138325,
              -33.947678303
            ],
            [
              151.13714972,
              -33.947675307
            ],
            [
              151.137172572,
              -33.947668796
            ],
            [
              151.137870797,
              -33.947454138
            ],
            [
              151.138151504,
              -33.947380376
            ],
            [
              151.13862643,
              -33.947249183
            ],
            [
              151.138699056,
              -33.947231979
            ],
            [
              151.13915329,
              -33.947115125
            ],
            [
              151.139387689,
              -33.947048942
            ],
            [
              151.140137545,
              -33.946868419
            ],
            [
              151.140155024,
              -33.946863861
            ],
            [
              151.140163907,
              -33.946861257
            ],
            [
              151.140195097,
              -33.946853834
            ],
            [
              151.140891615,
              -33.946633015
            ],
            [
              151.141156803,
              -33.946560829
            ],
            [
              151.141638659,
              -33.946420936
            ],
            [
              151.141691697,
              -33.946408434
            ],
            [
              151.142158587,
              -33.94628542
            ],
            [
              151.142395046,
              -33.946216619
            ],
            [
              151.143120243,
              -33.946053131
            ],
            [
              151.143160323,
              -33.946042712
            ],
            [
              151.143181164,
              -33.946037113
            ],
            [
              151.143257708,
              -33.946019779
            ],
            [
              151.143909174,
              -33.945809158
            ],
            [
              151.144162056,
              -33.945738821
            ],
            [
              151.144650544,
              -33.945592338
            ],
            [
              151.144686455,
              -33.945583092
            ],
            [
              151.14516379,
              -33.945450284
            ],
            [
              151.145397035,
              -33.945379816
            ],
            [
              151.146165526,
              -33.945185619
            ],
            [
              151.14688344,
              -33.944949251
            ],
            [
              151.14716726,
              -33.944863273
            ],
            [
              151.147611599,
              -33.944721374
            ],
            [
              151.147779652,
              -33.944675572
            ],
            [
              151.148168995,
              -33.94456097
            ],
            [
              151.148351462,
              -33.944503304
            ],
            [
              151.148932211,
              -33.944351314
            ],
            [
              151.149098306,
              -33.944291017
            ],
            [
              151.149170729,
              -33.944266768
            ],
            [
              151.149345462,
              -33.944205833
            ],
            [
              151.149796833,
              -33.944038434
            ],
            [
              151.150172464,
              -33.9439187
            ],
            [
              151.150514394,
              -33.943801766
            ],
            [
              151.151020812,
              -33.943644709
            ],
            [
              151.151174148,
              -33.943595026
            ],
            [
              151.151240646,
              -33.943572353
            ],
            [
              151.151420752,
              -33.943516979
            ],
            [
              151.151917526,
              -33.943301732
            ],
            [
              151.152175883,
              -33.943199956
            ],
            [
              151.152616204,
              -33.943049267
            ],
            [
              151.15283413,
              -33.942968589
            ],
            [
              151.153177617,
              -33.942845325
            ],
            [
              151.153298107,
              -33.942782853
            ],
            [
              151.15357168,
              -33.942682458
            ],
            [
              151.153923707,
              -33.942469462
            ],
            [
              151.154179351,
              -33.942319148
            ],
            [
              151.15450099,
              -33.942115777
            ],
            [
              151.155069787,
              -33.941847812
            ],
            [
              151.155128348,
              -33.941803884
            ],
            [
              151.155181084,
              -33.941761467
            ],
            [
              151.155630144,
              -33.941387268
            ],
            [
              151.15604932,
              -33.941013068
            ],
            [
              151.1561007,
              -33.940944565
            ],
            [
              151.156182918,
              -33.940837291
            ],
            [
              151.156481955,
              -33.940427419
            ],
            [
              151.156652569,
              -33.940178242
            ],
            [
              151.156808416,
              -33.939864559
            ],
            [
              151.15699269,
              -33.939503498
            ],
            [
              151.157073552,
              -33.939343374
            ],
            [
              151.157096655,
              -33.939269909
            ],
            [
              151.157184899,
              -33.938978144
            ],
            [
              151.157294288,
              -33.938599604
            ],
            [
              151.157317592,
              -33.938508505
            ],
            [
              151.157323713,
              -33.938392895
            ],
            [
              151.157344856,
              -33.937806707
            ],
            [
              151.157352138,
              -33.937673633
            ],
            [
              151.157346064,
              -33.937539569
            ],
            [
              151.15733597,
              -33.936964281
            ],
            [
              151.157330539,
              -33.936838721
            ],
            [
              151.157329597,
              -33.936718566
            ],
            [
              151.157329746,
              -33.936123951
            ],
            [
              151.157328804,
              -33.936003849
            ],
            [
              151.15731755,
              -33.935893982
            ],
            [
              151.157248488,
              -33.935221108
            ],
            [
              151.15724312,
              -33.935168923
            ],
            [
              151.157236936,
              -33.935126375
            ],
            [
              151.157186006,
              -33.934691832
            ],
            [
              151.15714462,
              -33.934368601
            ],
            [
              151.157139895,
              -33.934334049
            ],
            [
              151.157128343,
              -33.934285875
            ],
            [
              151.156959687,
              -33.933688002
            ],
            [
              151.1569183,
              -33.933499135
            ],
            [
              151.156884297,
              -33.933247377
            ],
            [
              151.15684025,
              -33.93295285
            ],
            [
              151.156802329,
              -33.932664261
            ],
            [
              151.156694595,
              -33.932254136
            ],
            [
              151.156691079,
              -33.932242415
            ],
            [
              151.15659083,
              -33.931829373
            ],
            [
              151.156501026,
              -33.931566154
            ],
            [
              151.156273456,
              -33.931067884
            ],
            [
              151.156244325,
              -33.930994457
            ],
            [
              151.156238847,
              -33.930949943
            ],
            [
              151.156213784,
              -33.930183131
            ],
            [
              151.156211273,
              -33.930159623
            ],
            [
              151.156206705,
              -33.930142042
            ],
            [
              151.15618561,
              -33.930048311
            ],
            [
              151.156032623,
              -33.929452483
            ],
            [
              151.155997113,
              -33.929324748
            ],
            [
              151.155889983,
              -33.929078108
            ],
            [
              151.155781094,
              -33.928827391
            ],
            [
              151.155634487,
              -33.928489872
            ],
            [
              151.155513144,
              -33.928216025
            ],
            [
              151.155319777,
              -33.927767558
            ],
            [
              151.155270656,
              -33.927654995
            ],
            [
              151.15524489,
              -33.927604893
            ],
            [
              151.155184821,
              -33.927493411
            ],
            [
              151.154922796,
              -33.927038653
            ],
            [
              151.154799845,
              -33.926820117
            ],
            [
              151.154598794,
              -33.92647404
            ],
            [
              151.154430239,
              -33.926190725
            ],
            [
              151.154308994,
              -33.925985225
            ],
            [
              151.154268161,
              -33.925914924
            ],
            [
              151.154183884,
              -33.925769763
            ],
            [
              151.1539309,
              -33.925361355
            ],
            [
              151.153793634,
              -33.925150346
            ],
            [
              151.153590071,
              -33.924810743
            ],
            [
              151.153393641,
              -33.924491209
            ],
            [
              151.153286461,
              -33.924315468
            ],
            [
              151.153252358,
              -33.924257539
            ],
            [
              151.153182896,
              -33.924136563
            ],
            [
              151.152905904,
              -33.923711589
            ],
            [
              151.152742472,
              -33.923480589
            ],
            [
              151.152558146,
              -33.923166811
            ],
            [
              151.152181961,
              -33.92264571
            ],
            [
              151.151860519,
              -33.922078961
            ],
            [
              151.151669865,
              -33.921810831
            ],
            [
              151.151504474,
              -33.921541099
            ],
            [
              151.151181074,
              -33.921080297
            ],
            [
              151.151135921,
              -33.921013616
            ],
            [
              151.151107846,
              -33.920975939
            ],
            [
              151.151075752,
              -33.920888095
            ],
            [
              151.150922865,
              -33.920356564
            ],
            [
              151.15082794,
              -33.920141154
            ],
            [
              151.150833166,
              -33.919850795
            ],
            [
              151.150879272,
              -33.919558457
            ],
            [
              151.15088489,
              -33.919306439
            ],
            [
              151.150952792,
              -33.919115658
            ],
            [
              151.151181816,
              -33.918638726
            ],
            [
              151.151239073,
              -33.918519497
            ],
            [
              151.15126529,
              -33.918471818
            ],
            [
              151.151382162,
              -33.918304871
            ],
            [
              151.151607521,
              -33.917991945
            ],
            [
              151.151836796,
              -33.917637252
            ],
            [
              151.151949401,
              -33.917442122
            ],
            [
              151.152183598,
              -33.917011255
            ],
            [
              151.152251902,
              -33.916859519
            ],
            [
              151.152271992,
              -33.916802632
            ],
            [
              151.152285506,
              -33.916717732
            ],
            [
              151.15241403,
              -33.916159832
            ],
            [
              151.152440649,
              -33.91596797
            ],
            [
              151.152422367,
              -33.915769218
            ],
            [
              151.152422466,
              -33.915332006
            ],
            [
              151.152406644,
              -33.915133253
            ],
            [
              151.152361391,
              -33.914985514
            ],
            [
              151.152210363,
              -33.914320219
            ],
            [
              151.152204383,
              -33.914298548
            ],
            [
              151.152198356,
              -33.914286827
            ],
            [
              151.152184387,
              -33.914252106
            ],
            [
              151.151918595,
              -33.913685449
            ],
            [
              151.151837229,
              -33.913463736
            ],
            [
              151.151610664,
              -33.913107579
            ],
            [
              151.151494242,
              -33.912888001
            ],
            [
              151.151347435,
              -33.912628949
            ],
            [
              151.151282644,
              -33.912546379
            ],
            [
              151.15118365,
              -33.91240127
            ],
            [
              151.150897719,
              -33.912032649
            ],
            [
              151.150738856,
              -33.911794186
            ],
            [
              151.150503953,
              -33.911526303
            ],
            [
              151.150182815,
              -33.911117295
            ],
            [
              151.150102304,
              -33.911026534
            ],
            [
              151.150050622,
              -33.910959345
            ],
            [
              151.149676998,
              -33.91054643
            ],
            [
              151.149649022,
              -33.910514131
            ],
            [
              151.149309351,
              -33.910124541
            ],
            [
              151.149250989,
              -33.91006699
            ],
            [
              151.149181979,
              -33.91000023
            ],
            [
              151.148777518,
              -33.909627037
            ],
            [
              151.148426546,
              -33.90928971
            ],
            [
              151.148310525,
              -33.909181731
            ],
            [
              151.147832483,
              -33.908745633
            ],
            [
              151.147520084,
              -33.908454866
            ],
            [
              151.147359465,
              -33.908305328
            ],
            [
              151.14718016,
              -33.908148171
            ],
            [
              151.146858671,
              -33.907888166
            ],
            [
              151.146533764,
              -33.907619982
            ],
            [
              151.146359333,
              -33.907469779
            ],
            [
              151.146179277,
              -33.90731804
            ],
            [
              151.14585643,
              -33.90705444
            ],
            [
              151.145512037,
              -33.906785136
            ],
            [
              151.14534519,
              -33.906645978
            ],
            [
              151.145178392,
              -33.906512862
            ],
            [
              151.144835557,
              -33.906236226
            ],
            [
              151.14445681,
              -33.905950251
            ],
            [
              151.144318791,
              -33.905832347
            ],
            [
              151.144177509,
              -33.905727611
            ],
            [
              151.143814583,
              -33.905418093
            ],
            [
              151.143426895,
              -33.905115361
            ],
            [
              151.143306205,
              -33.905007297
            ],
            [
              151.143176674,
              -33.904906649
            ],
            [
              151.142807671,
              -33.90458829
            ],
            [
              151.142408583,
              -33.904280475
            ],
            [
              151.142300197,
              -33.904176744
            ],
            [
              151.142175841,
              -33.904081682
            ],
            [
              151.141799103,
              -33.903759906
            ],
            [
              151.14139474,
              -33.903445588
            ],
            [
              151.141321513,
              -33.903323438
            ],
            [
              151.141175106,
              -33.903118979
            ],
            [
              151.140956225,
              -33.902793453
            ],
            [
              151.140785962,
              -33.902610831
            ],
            [
              151.140606207,
              -33.902250758
            ],
            [
              151.140356487,
              -33.901927899
            ],
            [
              151.140251568,
              -33.901776117
            ],
            [
              151.140265584,
              -33.901700269
            ],
            [
              151.140174775,
              -33.901219713
            ],
            [
              151.140143584,
              -33.900967622
            ],
            [
              151.140134842,
              -33.900941533
            ],
            [
              151.140143631,
              -33.900915445
            ],
            [
              151.140174921,
              -33.900881938
            ],
            [
              151.14066617,
              -33.900516538
            ],
            [
              151.141176352,
              -33.900107297
            ],
            [
              151.142046198,
              -33.899998118
            ],
            [
              151.142177486,
              -33.89998395
            ],
            [
              151.142363769,
              -33.899952404
            ],
            [
              151.142892638,
              -33.899869395
            ],
            [
              151.143178667,
              -33.899819013
            ],
            [
              151.143665748,
              -33.899702038
            ],
            [
              151.143685788,
              -33.899696203
            ],
            [
              151.144179851,
              -33.899596689
            ],
            [
              151.144567386,
              -33.899596694
            ],
            [
              151.144801233,
              -33.899590276
            ],
            [
              151.145180983,
              -33.89959028
            ],
            [
              151.145630395,
              -33.899648548
            ],
            [
              151.145717737,
              -33.899660921
            ],
            [
              151.146182016,
              -33.899719105
            ],
            [
              151.14666528,
              -33.899705817
            ],
            [
              151.146699835,
              -33.899705817
            ],
            [
              151.147183098,
              -33.89969157
            ],
            [
              151.147666412,
              -33.899706037
            ],
            [
              151.14770368,
              -33.899708369
            ],
            [
              151.148184181,
              -33.899723878
            ],
            [
              151.148667496,
              -33.899677541
            ],
            [
              151.148708578,
              -33.899672045
            ],
            [
              151.149185313,
              -33.899622499
            ],
            [
              151.149513584,
              -33.899548489
            ],
            [
              151.150048427,
              -33.899390088
            ],
            [
              151.150186496,
              -33.8993545
            ],
            [
              151.150243751,
              -33.899322744
            ],
            [
              151.150304323,
              -33.899275027
            ],
            [
              151.150494674,
              -33.899018311
            ],
            [
              151.15064334,
              -33.898821275
            ],
            [
              151.150909831,
              -33.89844066
            ],
            [
              151.150995415,
              -33.89828017
            ],
            [
              151.151188075,
              -33.897745316
            ],
            [
              151.151216703,
              -33.897630044
            ],
            [
              151.151221475,
              -33.897606206
            ],
            [
              151.15122273,
              -33.89757745
            ],
            [
              151.151279432,
              -33.896847555
            ],
            [
              151.151282289,
              -33.896771708
            ],
            [
              151.151279479,
              -33.896695859
            ],
            [
              151.151279634,
              -33.896013057
            ],
            [
              151.151276966,
              -33.895937208
            ],
            [
              151.15128249,
              -33.895858985
            ],
            [
              151.151346927,
              -33.895234486
            ],
            [
              151.151355716,
              -33.89510271
            ],
            [
              151.151368225,
              -33.894953264
            ],
            [
              151.151402628,
              -33.894446246
            ],
            [
              151.151417946,
              -33.894268252
            ],
            [
              151.151451797,
              -33.894049377
            ],
            [
              151.151501318,
              -33.893693889
            ],
            [
              151.151542703,
              -33.893433797
            ],
            [
              151.151596692,
              -33.893094397
            ],
            [
              151.151607899,
              -33.892948076
            ],
            [
              151.151672889,
              -33.892599382
            ],
            [
              151.15178494,
              -33.892261108
            ],
            [
              151.151857162,
              -33.892043107
            ],
            [
              151.151949274,
              -33.89176497
            ],
            [
              151.151978605,
              -33.891587977
            ],
            [
              151.15204279,
              -33.891054163
            ],
            [
              151.152061976,
              -33.890930556
            ],
            [
              151.152088494,
              -33.890844955
            ],
            [
              151.152191304,
              -33.890453712
            ],
            [
              151.152265535,
              -33.890157946
            ],
            [
              151.152274826,
              -33.890096142
            ],
            [
              151.152291501,
              -33.890012709
            ],
            [
              151.152461058,
              -33.889486397
            ],
            [
              151.152496265,
              -33.889261729
            ],
            [
              151.15259792,
              -33.888923162
            ],
            [
              151.152634685,
              -33.888796554
            ],
            [
              151.15274794,
              -33.888427357
            ],
            [
              151.152835431,
              -33.888129382
            ],
            [
              151.152903233,
              -33.887834532
            ],
            [
              151.152968374,
              -33.887592986
            ],
            [
              151.152998208,
              -33.887430537
            ],
            [
              151.153064102,
              -33.886866259
            ],
            [
              151.153082082,
              -33.886758612
            ],
            [
              151.153092378,
              -33.886674471
            ],
            [
              151.153137376,
              -33.885970999
            ],
            [
              151.153142649,
              -33.885924198
            ],
            [
              151.153143905,
              -33.885882814
            ],
            [
              151.15311618,
              -33.885154502
            ],
            [
              151.153117938,
              -33.885089822
            ],
            [
              151.153116839,
              -33.885025602
            ],
            [
              151.15307063,
              -33.884358301
            ],
            [
              151.153068918,
              -33.884255406
            ],
            [
              151.153062593,
              -33.8841458
            ],
            [
              151.153000111,
              -33.883582814
            ],
            [
              151.152991572,
              -33.88342103
            ],
            [
              151.152982233,
              -33.883244204
            ],
            [
              151.152942805,
              -33.882796406
            ],
            [
              151.152932351,
              -33.882586614
            ],
            [
              151.152906735,
              -33.882346691
            ],
            [
              151.152859374,
              -33.882031795
            ],
            [
              151.152831799,
              -33.881752239
            ],
            [
              151.152794481,
              -33.881418505
            ],
            [
              151.152774993,
              -33.881267892
            ],
            [
              151.152737122,
              -33.880917863
            ],
            [
              151.152685037,
              -33.880508698
            ],
            [
              151.152683279,
              -33.880491194
            ],
            [
              151.152633506,
              -33.880083488
            ],
            [
              151.152591065,
              -33.879752838
            ],
            [
              151.152570522,
              -33.879562591
            ],
            [
              151.152531496,
              -33.879249112
            ],
            [
              151.152491818,
              -33.879001395
            ],
            [
              151.152432251,
              -33.878612735
            ],
            [
              151.15240086,
              -33.878414779
            ],
            [
              151.152377655,
              -33.878262415
            ],
            [
              151.152294028,
              -33.877662961
            ],
            [
              151.152272079,
              -33.877516223
            ],
            [
              151.152195235,
              -33.877044045
            ],
            [
              151.152150634,
              -33.876783326
            ],
            [
              151.152145266,
              -33.876746068
            ],
            [
              151.152139082,
              -33.876699184
            ],
            [
              151.152051286,
              -33.876032009
            ],
            [
              151.152035415,
              -33.875911734
            ],
            [
              151.152003824,
              -33.875751869
            ],
            [
              151.151910956,
              -33.875314781
            ],
            [
              151.151865401,
              -33.8750774
            ],
            [
              151.151800208,
              -33.874747542
            ],
            [
              151.151768165,
              -33.874599678
            ],
            [
              151.15170031,
              -33.874243065
            ],
            [
              151.151638331,
              -33.873873782
            ],
            [
              151.151616131,
              -33.873759551
            ],
            [
              151.151555007,
              -33.873408772
            ],
            [
              151.151516182,
              -33.87314151
            ],
            [
              151.15146912,
              -33.8728024
            ],
            [
              151.151436322,
              -33.872574439
            ],
            [
              151.151406036,
              -33.872399194
            ],
            [
              151.151316936,
              -33.871841
            ],
            [
              151.151299809,
              -33.871740146
            ],
            [
              151.1512881,
              -33.87166338
            ],
            [
              151.151196136,
              -33.871128356
            ],
            [
              151.151160777,
              -33.8709354
            ],
            [
              151.151155409,
              -33.870905854
            ],
            [
              151.151147718,
              -33.870865387
            ],
            [
              151.151027428,
              -33.870212463
            ],
            [
              151.151000457,
              -33.87007156
            ],
            [
              151.150966052,
              -33.869879438
            ],
            [
              151.150897796,
              -33.869486442
            ],
            [
              151.150852744,
              -33.86923731
            ],
            [
              151.15079408,
              -33.868901576
            ],
            [
              151.150770624,
              -33.868758379
            ],
            [
              151.150707289,
              -33.868403016
            ],
            [
              151.150645311,
              -33.868028774
            ],
            [
              151.150627129,
              -33.867927838
            ],
            [
              151.150566356,
              -33.867568766
            ],
            [
              151.150522157,
              -33.867297336
            ],
            [
              151.150458321,
              -33.866952642
            ],
            [
              151.150421656,
              -33.866734514
            ],
            [
              151.150394032,
              -33.866570148
            ],
            [
              151.150278713,
              -33.86596836
            ],
            [
              151.150266862,
              -33.865900264
            ],
            [
              151.150258983,
              -33.86584867
            ],
            [
              151.150197156,
              -33.865483138
            ],
            [
              151.150140099,
              -33.865113689
            ],
            [
              151.150121315,
              -33.865002667
            ],
            [
              151.15002267,
              -33.864377583
            ],
            [
              151.149997408,
              -33.864231804
            ],
            [
              151.149965213,
              -33.864038056
            ],
            [
              151.149906097,
              -33.863640726
            ],
            [
              151.149864259,
              -33.863397594
            ],
            [
              151.149816092,
              -33.86307928
            ],
            [
              151.149791482,
              -33.862902286
            ],
            [
              151.149738946,
              -33.862563385
            ],
            [
              151.149655571,
              -33.862181558
            ],
            [
              151.14961991,
              -33.862081247
            ],
            [
              151.149526492,
              -33.861729176
            ],
            [
              151.14945929,
              -33.861511131
            ],
            [
              151.149309116,
              -33.86098765
            ],
            [
              151.149264717,
              -33.860839328
            ],
            [
              151.149198067,
              -33.86058211
            ],
            [
              151.149101082,
              -33.860141729
            ],
            [
              151.149057336,
              -33.85994323
            ],
            [
              151.148945834,
              -33.859437129
            ],
            [
              151.148899477,
              -33.859226545
            ],
            [
              151.148834736,
              -33.858923192
            ],
            [
              151.148792646,
              -33.858730862
            ],
            [
              151.148721225,
              -33.858392377
            ],
            [
              151.148658544,
              -33.858008633
            ],
            [
              151.148643021,
              -33.85792895
            ],
            [
              151.148579636,
              -33.857558209
            ],
            [
              151.148546587,
              -33.857268026
            ],
            [
              151.148514643,
              -33.856987469
            ],
            [
              151.148484607,
              -33.856724042
            ],
            [
              151.148471705,
              -33.856496538
            ],
            [
              151.148435943,
              -33.856087456
            ],
            [
              151.14842414,
              -33.855889917
            ],
            [
              151.148416056,
              -33.855709047
            ],
            [
              151.148368341,
              -33.855196778
            ],
            [
              151.14836156,
              -33.855055792
            ],
            [
              151.148359456,
              -33.854922349
            ],
            [
              151.14835032,
              -33.854347401
            ],
            [
              151.14834831,
              -33.854221709
            ],
            [
              151.14835575,
              -33.854091558
            ],
            [
              151.148355905,
              -33.853517736
            ],
            [
              151.148364097,
              -33.853387627
            ],
            [
              151.148373185,
              -33.85324314
            ],
            [
              151.14836273,
              -33.852689155
            ],
            [
              151.148372618,
              -33.852553545
            ],
            [
              151.148377232,
              -33.85240589
            ],
            [
              151.148388484,
              -33.851876285
            ],
            [
              151.148393458,
              -33.851719462
            ],
            [
              151.148422789,
              -33.851534092
            ],
            [
              151.148433743,
              -33.851079753
            ],
            [
              151.14847352,
              -33.850885423
            ],
            [
              151.148438463,
              -33.850687216
            ],
            [
              151.148373822,
              -33.850195492
            ],
            [
              151.148349965,
              -33.850051338
            ],
            [
              151.148353229,
              -33.849924397
            ],
            [
              151.148404959,
              -33.849387165
            ],
            [
              151.148408883,
              -33.849217299
            ],
            [
              151.148405115,
              -33.84904739
            ],
            [
              151.148381558,
              -33.84853337
            ],
            [
              151.148378089,
              -33.848383215
            ],
            [
              151.148397325,
              -33.848220058
            ],
            [
              151.148397474,
              -33.847712374
            ],
            [
              151.148421431,
              -33.847549217
            ],
            [
              151.148459149,
              -33.847334758
            ],
            [
              151.148459249,
              -33.846929635
            ],
            [
              151.148512535,
              -33.846715218
            ],
            [
              151.148492595,
              -33.846473087
            ],
            [
              151.14844237,
              -33.846081342
            ],
            [
              151.14842469,
              -33.845881177
            ],
            [
              151.148350608,
              -33.84575761
            ],
            [
              151.148202544,
              -33.845325105
            ],
            [
              151.148142574,
              -33.845097142
            ],
            [
              151.14812153,
              -33.84504709
            ],
            [
              151.148128561,
              -33.844985328
            ],
            [
              151.14810872,
              -33.844291565
            ],
            [
              151.148115955,
              -33.844213091
            ],
            [
              151.148136246,
              -33.844157455
            ],
            [
              151.148202995,
              -33.844054227
            ],
            [
              151.148493845,
              -33.843621519
            ],
            [
              151.148639297,
              -33.843379224
            ],
            [
              151.14877219,
              -33.843019486
            ],
            [
              151.149021958,
              -33.842696967
            ],
            [
              151.149116933,
              -33.842545355
            ],
            [
              151.149141391,
              -33.842493219
            ],
            [
              151.149203922,
              -33.842426207
            ],
            [
              151.149346863,
              -33.842426251
            ],
            [
              151.150120978,
              -33.842476061
            ],
            [
              151.150204352,
              -33.842476103
            ],
            [
              151.150284359,
              -33.842478891
            ],
            [
              151.150960838,
              -33.842342373
            ],
            [
              151.151204831,
              -33.842347246
            ],
            [
              151.151319015,
              -33.84244986
            ]
          ]
        ]
      }
    },
    {
      "type": "Feature",
      "properties": {
        "anef": 25,
        "source_paths": [
          "cont25",
          "cont25.1"
        ],
        "source_vertex_count_excluding_closure": 1579,
        "coordinate_reference_system": "EPSG:4326",
        "source": "ANEF2045 contours.svg matched to the endorsed PDF vector contours"
      },
      "geometry": {
        "type": "MultiLineString",
        "coordinates": [
          [
            [
              151.175909397,
              -33.918728443
            ],
            [
              151.176215368,
              -33.919153534
            ],
            [
              151.176442886,
              -33.919118451
            ],
            [
              151.176989083,
              -33.919118458
            ],
            [
              151.177216652,
              -33.919062655
            ],
            [
              151.177394647,
              -33.918621824
            ],
            [
              151.177431261,
              -33.918473422
            ],
            [
              151.177486659,
              -33.918248337
            ],
            [
              151.177562948,
              -33.917927386
            ],
            [
              151.177635372,
              -33.917638708
            ],
            [
              151.177784991,
              -33.917277763
            ],
            [
              151.177842498,
              -33.917117027
            ],
            [
              151.177963388,
              -33.916804009
            ],
            [
              151.178003366,
              -33.916625144
            ],
            [
              151.178217926,
              -33.916234897
            ],
            [
              151.178337763,
              -33.9160692
            ],
            [
              151.178477538,
              -33.915969311
            ],
            [
              151.178390999,
              -33.915825062
            ],
            [
              151.178283567,
              -33.915189396
            ],
            [
              151.178263427,
              -33.915134632
            ],
            [
              151.178277694,
              -33.91508483
            ],
            [
              151.178217925,
              -33.914967683
            ],
            [
              151.178072272,
              -33.914421371
            ],
            [
              151.178035858,
              -33.914299965
            ],
            [
              151.178022548,
              -33.914137106
            ],
            [
              151.177995375,
              -33.913650755
            ],
            [
              151.177979503,
              -33.9134653
            ],
            [
              151.178048211,
              -33.913323814
            ],
            [
              151.17821792,
              -33.913067812
            ],
            [
              151.178635087,
              -33.913117528
            ],
            [
              151.178843671,
              -33.91315229
            ],
            [
              151.179219154,
              -33.913201719
            ],
            [
              151.179297153,
              -33.913400264
            ],
            [
              151.179330452,
              -33.913465277
            ],
            [
              151.179383792,
              -33.913602507
            ],
            [
              151.179456068,
              -33.914102493
            ],
            [
              151.179598957,
              -33.914299945
            ],
            [
              151.179901514,
              -33.914565875
            ],
            [
              151.180220492,
              -33.914925953
            ],
            [
              151.180281165,
              -33.915084021
            ],
            [
              151.180310145,
              -33.915134617
            ],
            [
              151.180376541,
              -33.915264736
            ],
            [
              151.180560317,
              -33.915686023
            ],
            [
              151.180739721,
              -33.915969287
            ],
            [
              151.180917316,
              -33.91622313
            ],
            [
              151.181221832,
              -33.916692697
            ],
            [
              151.181250057,
              -33.916780501
            ],
            [
              151.181258596,
              -33.916804009
            ],
            [
              151.181290338,
              -33.916861052
            ],
            [
              151.181547542,
              -33.917367201
            ],
            [
              151.181722526,
              -33.917638679
            ],
            [
              151.181869385,
              -33.91793365
            ],
            [
              151.182198861,
              -33.918453058
            ],
            [
              151.182210711,
              -33.918473388
            ],
            [
              151.182214933,
              -33.91848029
            ],
            [
              151.182223268,
              -33.918495293
            ],
            [
              151.182448528,
              -33.919120295
            ],
            [
              151.182529492,
              -33.919308043
            ],
            [
              151.18273421,
              -33.919716866
            ],
            [
              151.182747818,
              -33.919745258
            ],
            [
              151.182942038,
              -33.920142751
            ],
            [
              151.183017929,
              -33.920315118
            ],
            [
              151.183224706,
              -33.920704576
            ],
            [
              151.183321439,
              -33.920896856
            ],
            [
              151.183358757,
              -33.920977459
            ],
            [
              151.18342862,
              -33.921147417
            ],
            [
              151.18357573,
              -33.921519657
            ],
            [
              151.18370084,
              -33.921812218
            ],
            [
              151.183857845,
              -33.922119237
            ],
            [
              151.183999731,
              -33.922458136
            ],
            [
              151.18408632,
              -33.922646926
            ],
            [
              151.184125846,
              -33.922730616
            ],
            [
              151.184226247,
              -33.922964116
            ],
            [
              151.184422778,
              -33.923317902
            ],
            [
              151.184508513,
              -33.923481687
            ],
            [
              151.18473327,
              -33.923893805
            ],
            [
              151.184743724,
              -33.923912976
            ],
            [
              151.18496376,
              -33.924316434
            ],
            [
              151.185050699,
              -33.924464005
            ],
            [
              151.185227794,
              -33.92478195
            ],
            [
              151.185405691,
              -33.925002909
            ],
            [
              151.185523117,
              -33.925151196
            ],
            [
              151.18581824,
              -33.925493809
            ],
            [
              151.186229331,
              -33.925956618
            ],
            [
              151.186274836,
              -33.925985908
            ],
            [
              151.186814352,
              -33.926333031
            ],
            [
              151.187230817,
              -33.92659038
            ],
            [
              151.18742986,
              -33.92665468
            ],
            [
              151.187993835,
              -33.926820593
            ],
            [
              151.188173339,
              -33.926869694
            ],
            [
              151.188232253,
              -33.926885779
            ],
            [
              151.188326727,
              -33.926899324
            ],
            [
              151.189012597,
              -33.92700481
            ],
            [
              151.189233687,
              -33.927035483
            ],
            [
              151.189532375,
              -33.927069452
            ],
            [
              151.189892185,
              -33.9271063
            ],
            [
              151.190235122,
              -33.927146481
            ],
            [
              151.190678256,
              -33.927189738
            ],
            [
              151.19078202,
              -33.927199246
            ],
            [
              151.191236556,
              -33.9272443
            ],
            [
              151.191667736,
              -33.927295657
            ],
            [
              151.191837448,
              -33.92732112
            ],
            [
              151.192237991,
              -33.927372008
            ],
            [
              151.192506845,
              -33.927430851
            ],
            [
              151.193187444,
              -33.927611522
            ],
            [
              151.193239475,
              -33.927623895
            ],
            [
              151.193266949,
              -33.927631969
            ],
            [
              151.193330534,
              -33.927654853
            ],
            [
              151.193973915,
              -33.927877406
            ],
            [
              151.194241012,
              -33.927988682
            ],
            [
              151.194609663,
              -33.928182229
            ],
            [
              151.195099457,
              -33.92848946
            ],
            [
              151.19518258,
              -33.928539432
            ],
            [
              151.195242548,
              -33.928588818
            ],
            [
              151.195683724,
              -33.928956438
            ],
            [
              151.196066139,
              -33.929324135
            ],
            [
              151.196140119,
              -33.929410821
            ],
            [
              151.196244186,
              -33.929571441
            ],
            [
              151.19647919,
              -33.929963061
            ],
            [
              151.19658411,
              -33.930158845
            ],
            [
              151.196794,
              -33.930535553
            ],
            [
              151.196850605,
              -33.930664121
            ],
            [
              151.197011275,
              -33.930993644
            ],
            [
              151.197072349,
              -33.931138388
            ],
            [
              151.197246128,
              -33.931589929
            ],
            [
              151.197321768,
              -33.931765435
            ],
            [
              151.197348036,
              -33.931828443
            ],
            [
              151.197408606,
              -33.931963797
            ],
            [
              151.197588565,
              -33.932377934
            ],
            [
              151.197720757,
              -33.932663242
            ],
            [
              151.197936574,
              -33.932922751
            ],
            [
              151.19824802,
              -33.933196014
            ],
            [
              151.19845565,
              -33.933324884
            ],
            [
              151.198957446,
              -33.933497881
            ],
            [
              151.199211133,
              -33.933529883
            ],
            [
              151.199249555,
              -33.933528581
            ],
            [
              151.199282051,
              -33.933524414
            ],
            [
              151.200205938,
              -33.933534844
            ],
            [
              151.20025109,
              -33.933530547
            ],
            [
              151.200284388,
              -33.933525077
            ],
            [
              151.200706279,
              -33.933497238
            ],
            [
              151.201166688,
              -33.933425562
            ],
            [
              151.201252523,
              -33.933424001
            ],
            [
              151.201357494,
              -33.933409624
            ],
            [
              151.201972648,
              -33.933262518
            ],
            [
              151.202253958,
              -33.933233804
            ],
            [
              151.202649077,
              -33.933167467
            ],
            [
              151.202812357,
              -33.9331275
            ],
            [
              151.203255391,
              -33.933068535
            ],
            [
              151.203654578,
              -33.932994566
            ],
            [
              151.203883804,
              -33.932972767
            ],
            [
              151.204256825,
              -33.932914843
            ],
            [
              151.204539138,
              -33.932896978
            ],
            [
              151.205083024,
              -33.932807591
            ],
            [
              151.205258308,
              -33.93279371
            ],
            [
              151.205401901,
              -33.93278121
            ],
            [
              151.20588416,
              -33.93266136
            ],
            [
              151.206176218,
              -33.932591688
            ],
            [
              151.206259691,
              -33.932578926
            ],
            [
              151.206386007,
              -33.932555928
            ],
            [
              151.206984235,
              -33.932430284
            ],
            [
              151.207261125,
              -33.93238395
            ],
            [
              151.207642834,
              -33.932342696
            ],
            [
              151.207864527,
              -33.932329102
            ],
            [
              151.208262558,
              -33.93228019
            ],
            [
              151.208761945,
              -33.932244355
            ],
            [
              151.208764754,
              -33.932244473
            ],
            [
              151.20926399,
              -33.932196761
            ],
            [
              151.209680505,
              -33.932172802
            ],
            [
              151.209908928,
              -33.932122756
            ],
            [
              151.210265423,
              -33.93209321
            ],
            [
              151.210620112,
              -33.932121019
            ],
            [
              151.210978617,
              -33.932065595
            ],
            [
              151.211266908,
              -33.932108433
            ],
            [
              151.211699395,
              -33.93218559
            ],
            [
              151.211955442,
              -33.932085898
            ],
            [
              151.212143384,
              -33.93255545
            ],
            [
              151.212242277,
              -33.932659769
            ],
            [
              151.211458217,
              -33.932819207
            ],
            [
              151.211267212,
              -33.93287755
            ],
            [
              151.210833922,
              -33.933021402
            ],
            [
              151.210729504,
              -33.933046745
            ],
            [
              151.210265879,
              -33.933267449
            ],
            [
              151.210080097,
              -33.933340287
            ],
            [
              151.209927967,
              -33.933495239
            ],
            [
              151.209449173,
              -33.933649262
            ],
            [
              151.209264547,
              -33.93369931
            ],
            [
              151.208909557,
              -33.933791447
            ],
            [
              151.208681839,
              -33.93384458
            ],
            [
              151.208263163,
              -33.933963688
            ],
            [
              151.207912594,
              -33.934038322
            ],
            [
              151.207383776,
              -33.934229019
            ],
            [
              151.207261781,
              -33.934263529
            ],
            [
              151.207204976,
              -33.934283403
            ],
            [
              151.207122056,
              -33.934330794
            ],
            [
              151.206497157,
              -33.934528314
            ],
            [
              151.206260397,
              -33.934592791
            ],
            [
              151.205768044,
              -33.934755488
            ],
            [
              151.205744137,
              -33.934761478
            ],
            [
              151.205258965,
              -33.934901124
            ],
            [
              151.205028734,
              -33.934974144
            ],
            [
              151.204352406,
              -33.935166259
            ],
            [
              151.204287917,
              -33.935191589
            ],
            [
              151.204257582,
              -33.935200444
            ],
            [
              151.204186313,
              -33.935225657
            ],
            [
              151.203607822,
              -33.935459565
            ],
            [
              151.203256148,
              -33.935560793
            ],
            [
              151.202857816,
              -33.935669352
            ],
            [
              151.202576355,
              -33.935733359
            ],
            [
              151.202254716,
              -33.935814127
            ],
            [
              151.202089073,
              -33.935863471
            ],
            [
              151.201528414,
              -33.936001696
            ],
            [
              151.201352075,
              -33.936084042
            ],
            [
              151.201253282,
              -33.936121001
            ],
            [
              151.200944198,
              -33.93625949
            ],
            [
              151.200702367,
              -33.936377389
            ],
            [
              151.2002519,
              -33.936541701
            ],
            [
              151.200018455,
              -33.936642227
            ],
            [
              151.199377033,
              -33.93683696
            ],
            [
              151.199309179,
              -33.936885927
            ],
            [
              151.199250466,
              -33.936923604
            ],
            [
              151.198756304,
              -33.937259917
            ],
            [
              151.198711254,
              -33.937286628
            ],
            [
              151.198249085,
              -33.937566797
            ],
            [
              151.198182034,
              -33.937616142
            ],
            [
              151.198095798,
              -33.937672064
            ],
            [
              151.197963004,
              -33.937910614
            ],
            [
              151.197829809,
              -33.938157369
            ],
            [
              151.197624691,
              -33.938507022
            ],
            [
              151.197569445,
              -33.938775163
            ],
            [
              151.197507569,
              -33.939125521
            ],
            [
              151.197464777,
              -33.939341971
            ],
            [
              151.19745941,
              -33.939518179
            ],
            [
              151.197440929,
              -33.940016146
            ],
            [
              151.197435954,
              -33.940176895
            ],
            [
              151.197447412,
              -33.940342971
            ],
            [
              151.197472024,
              -33.940825349
            ],
            [
              151.197485287,
              -33.941011807
            ],
            [
              151.197518788,
              -33.941237193
            ],
            [
              151.197560576,
              -33.941586627
            ],
            [
              151.19760141,
              -33.94184672
            ],
            [
              151.197668209,
              -33.942196507
            ],
            [
              151.197691665,
              -33.942312364
            ],
            [
              151.197826723,
              -33.943034884
            ],
            [
              151.197849875,
              -33.943182623
            ],
            [
              151.197909594,
              -33.943516599
            ],
            [
              151.197948268,
              -33.943768657
            ],
            [
              151.19800643,
              -33.944147902
            ],
            [
              151.198037671,
              -33.944351525
            ],
            [
              151.198068709,
              -33.944503341
            ],
            [
              151.198208388,
              -33.945186478
            ],
            [
              151.198215215,
              -33.945216276
            ],
            [
              151.198251026,
              -33.945395232
            ],
            [
              151.198366193,
              -33.945925551
            ],
            [
              151.198384726,
              -33.946021444
            ],
            [
              151.198422948,
              -33.94616456
            ],
            [
              151.198550068,
              -33.946607348
            ],
            [
              151.198613704,
              -33.946856358
            ],
            [
              151.198727817,
              -33.947253446
            ],
            [
              151.198737407,
              -33.947286279
            ],
            [
              151.198852625,
              -33.947691325
            ],
            [
              151.198910435,
              -33.947977165
            ],
            [
              151.198968997,
              -33.948289197
            ],
            [
              151.199015959,
              -33.948526316
            ],
            [
              151.199044085,
              -33.948700897
            ],
            [
              151.199108978,
              -33.949240709
            ],
            [
              151.19912726,
              -33.94936132
            ],
            [
              151.199140978,
              -33.949455298
            ],
            [
              151.199232489,
              -33.950178443
            ],
            [
              151.199235048,
              -33.950196324
            ],
            [
              151.199236963,
              -33.950210455
            ],
            [
              151.199253989,
              -33.950363312
            ],
            [
              151.199329379,
              -33.950968607
            ],
            [
              151.19933762,
              -33.951031328
            ],
            [
              151.199345248,
              -33.951107216
            ],
            [
              151.199414961,
              -33.951732424
            ],
            [
              151.199428114,
              -33.951866319
            ],
            [
              151.199442523,
              -33.952023188
            ],
            [
              151.199494558,
              -33.952501281
            ],
            [
              151.199512438,
              -33.952701362
            ],
            [
              151.199530269,
              -33.952931123
            ],
            [
              151.199547899,
              -33.953291979
            ],
            [
              151.199567839,
              -33.953536404
            ],
            [
              151.199600286,
              -33.953824342
            ],
            [
              151.199633986,
              -33.95405547
            ],
            [
              151.199667487,
              -33.954371447
            ],
            [
              151.199686624,
              -33.954731144
            ],
            [
              151.199682104,
              -33.954850583
            ],
            [
              151.199704255,
              -33.95520649
            ],
            [
              151.199821934,
              -33.955569235
            ],
            [
              151.199851163,
              -33.95570313
            ],
            [
              151.199946643,
              -33.956041534
            ],
            [
              151.19998602,
              -33.956267623
            ],
            [
              151.199998829,
              -33.956661116
            ],
            [
              151.200029416,
              -33.956876616
            ],
            [
              151.200061308,
              -33.957040114
            ],
            [
              151.200235642,
              -33.957693323
            ],
            [
              151.200239613,
              -33.95771166
            ],
            [
              151.20024247,
              -33.957724293
            ],
            [
              151.200257694,
              -33.95779518
            ],
            [
              151.200402695,
              -33.958425976
            ],
            [
              151.200441871,
              -33.958546744
            ],
            [
              151.200495211,
              -33.958744493
            ],
            [
              151.200594707,
              -33.959101157
            ],
            [
              151.20066884,
              -33.959381788
            ],
            [
              151.200792796,
              -33.959771284
            ],
            [
              151.200813388,
              -33.959844555
            ],
            [
              151.200926195,
              -33.960216872
            ],
            [
              151.201002386,
              -33.960431761
            ],
            [
              151.201183297,
              -33.960987698
            ],
            [
              151.201205196,
              -33.961051917
            ],
            [
              151.201218506,
              -33.961086847
            ],
            [
              151.201260444,
              -33.961203785
            ],
            [
              151.201471038,
              -33.961711562
            ],
            [
              151.201536633,
              -33.961887015
            ],
            [
              151.201680076,
              -33.962236581
            ],
            [
              151.201722567,
              -33.962337149
            ],
            [
              151.201875854,
              -33.9627221
            ],
            [
              151.201977561,
              -33.962959807
            ],
            [
              151.202190315,
              -33.963496665
            ],
            [
              151.202215227,
              -33.963557185
            ],
            [
              151.202227783,
              -33.963586475
            ],
            [
              151.202262941,
              -33.963676455
            ],
            [
              151.202493423,
              -33.964200277
            ],
            [
              151.202573031,
              -33.96439227
            ],
            [
              151.202722149,
              -33.964774721
            ],
            [
              151.202743294,
              -33.964827271
            ],
            [
              151.202894624,
              -33.965227355
            ],
            [
              151.202982417,
              -33.965463238
            ],
            [
              151.203155744,
              -33.965970962
            ],
            [
              151.203188441,
              -33.966062478
            ],
            [
              151.20320597,
              -33.966112163
            ],
            [
              151.203265638,
              -33.966292826
            ],
            [
              151.203434746,
              -33.966756752
            ],
            [
              151.203482712,
              -33.966897615
            ],
            [
              151.203564329,
              -33.967146365
            ],
            [
              151.203652222,
              -33.967410757
            ],
            [
              151.203756792,
              -33.967732738
            ],
            [
              151.2038591,
              -33.968073604
            ],
            [
              151.20391455,
              -33.968273099
            ],
            [
              151.204000385,
              -33.968567874
            ],
            [
              151.20404835,
              -33.968751194
            ],
            [
              151.204194256,
              -33.969341187
            ],
            [
              151.204210127,
              -33.969403036
            ],
            [
              151.204216452,
              -33.969446417
            ],
            [
              151.204268636,
              -33.969820622
            ],
            [
              151.204325191,
              -33.970191155
            ],
            [
              151.204332725,
              -33.970238209
            ],
            [
              151.204344371,
              -33.970301256
            ],
            [
              151.204461096,
              -33.970913259
            ],
            [
              151.204490477,
              -33.971073409
            ],
            [
              151.204537137,
              -33.971296828
            ],
            [
              151.204607604,
              -33.97162648
            ],
            [
              151.204665916,
              -33.971908622
            ],
            [
              151.204742359,
              -33.972302871
            ],
            [
              151.204749987,
              -33.972343205
            ],
            [
              151.20482854,
              -33.972743796
            ],
            [
              151.204880173,
              -33.973070101
            ],
            [
              151.20491513,
              -33.973281812
            ],
            [
              151.204962643,
              -33.973579048
            ],
            [
              151.204992477,
              -33.973811922
            ],
            [
              151.205059077,
              -33.974236763
            ],
            [
              151.205082784,
              -33.974414248
            ],
            [
              151.205102623,
              -33.974555527
            ],
            [
              151.205206791,
              -33.975194866
            ],
            [
              151.205214733,
              -33.975249499
            ],
            [
              151.205223475,
              -33.975290224
            ],
            [
              151.205272395,
              -33.975495137
            ],
            [
              151.205396552,
              -33.975981358
            ],
            [
              151.205424779,
              -33.976084713
            ],
            [
              151.205495346,
              -33.976270299
            ],
            [
              151.205626433,
              -33.976625152
            ],
            [
              151.20574135,
              -33.976919928
            ],
            [
              151.205903225,
              -33.977229785
            ],
            [
              151.206110102,
              -33.977617524
            ],
            [
              151.206182879,
              -33.977755092
            ],
            [
              151.206214973,
              -33.977805272
            ],
            [
              151.206275242,
              -33.977897714
            ],
            [
              151.206576845,
              -33.978338967
            ],
            [
              151.206748664,
              -33.978590271
            ],
            [
              151.206958957,
              -33.978855823
            ],
            [
              151.207277736,
              -33.979251403
            ],
            [
              151.207363771,
              -33.979353717
            ],
            [
              151.207422986,
              -33.979425399
            ],
            [
              151.207791388,
              -33.97983261
            ],
            [
              151.207867428,
              -33.979916677
            ],
            [
              151.208178473,
              -33.980260541
            ],
            [
              151.208222169,
              -33.980308885
            ],
            [
              151.208280177,
              -33.980370851
            ],
            [
              151.2086644,
              -33.980775523
            ],
            [
              151.208968411,
              -33.98109567
            ],
            [
              151.209103468,
              -33.981244909
            ],
            [
              151.20928262,
              -33.981439573
            ],
            [
              151.209531134,
              -33.981723762
            ],
            [
              151.209706218,
              -33.981930799
            ],
            [
              151.209930775,
              -33.982225993
            ],
            [
              151.210285162,
              -33.982746091
            ],
            [
              151.21029345,
              -33.982759115
            ],
            [
              151.210297562,
              -33.982766017
            ],
            [
              151.210306304,
              -33.982783638
            ],
            [
              151.210578274,
              -33.983357171
            ],
            [
              151.210707402,
              -33.983601273
            ],
            [
              151.210818703,
              -33.983992266
            ],
            [
              151.2108404,
              -33.984063648
            ],
            [
              151.210949389,
              -33.984436565
            ],
            [
              151.210986154,
              -33.984688153
            ],
            [
              151.21106737,
              -33.98508782
            ],
            [
              151.211096702,
              -33.985271895
            ],
            [
              151.211102227,
              -33.985427018
            ],
            [
              151.211181181,
              -33.986017713
            ],
            [
              151.211184901,
              -33.986107237
            ],
            [
              151.211170744,
              -33.986205499
            ],
            [
              151.211143122,
              -33.986821082
            ],
            [
              151.211121928,
              -33.986942604
            ],
            [
              151.211042323,
              -33.98714827
            ],
            [
              151.21094554,
              -33.987491634
            ],
            [
              151.210801747,
              -33.987778059
            ],
            [
              151.210596831,
              -33.988036195
            ],
            [
              151.210287345,
              -33.988307289
            ],
            [
              151.210106687,
              -33.988462983
            ],
            [
              151.209863498,
              -33.988613714
            ],
            [
              151.209504844,
              -33.988796703
            ],
            [
              151.209285411,
              -33.988880468
            ],
            [
              151.208799586,
              -33.989044324
            ],
            [
              151.20875805,
              -33.9890537
            ],
            [
              151.208283374,
              -33.989185727
            ],
            [
              151.208049176,
              -33.989254319
            ],
            [
              151.207345276,
              -33.989396423
            ],
            [
              151.207281339,
              -33.989412376
            ],
            [
              151.207247337,
              -33.989421492
            ],
            [
              151.207123081,
              -33.98944983
            ],
            [
              151.20645941,
              -33.989600179
            ],
            [
              151.206279252,
              -33.989633152
            ],
            [
              151.205970922,
              -33.989707122
            ],
            [
              151.205671632,
              -33.989779008
            ],
            [
              151.205277166,
              -33.989873684
            ],
            [
              151.204921776,
              -33.989989407
            ],
            [
              151.204401998,
              -33.990180104
            ],
            [
              151.20427513,
              -33.990224448
            ],
            [
              151.204230782,
              -33.990248918
            ],
            [
              151.204180607,
              -33.990285878
            ],
            [
              151.203740187,
              -33.990675276
            ],
            [
              151.203607241,
              -33.990842939
            ],
            [
              151.20337209,
              -33.991121444
            ],
            [
              151.203338841,
              -33.99117613
            ],
            [
              151.203273348,
              -33.991355411
            ],
            [
              151.203156727,
              -33.991859589
            ],
            [
              151.203144673,
              -33.991956952
            ],
            [
              151.203141911,
              -33.992066675
            ],
            [
              151.203090934,
              -33.992639996
            ],
            [
              151.203087466,
              -33.992792358
            ],
            [
              151.203093838,
              -33.992942389
            ],
            [
              151.203102174,
              -33.993484623
            ],
            [
              151.203107998,
              -33.993627817
            ],
            [
              151.203117635,
              -33.993758182
            ],
            [
              151.203162888,
              -33.994370432
            ],
            [
              151.203169716,
              -33.994463237
            ],
            [
              151.203177203,
              -33.994544165
            ],
            [
              151.20326073,
              -33.995287197
            ],
            [
              151.203262786,
              -33.995308491
            ],
            [
              151.203274542,
              -33.995391503
            ],
            [
              151.203363845,
              -33.996059844
            ],
            [
              151.203372587,
              -33.996134118
            ],
            [
              151.203384642,
              -33.996225673
            ],
            [
              151.203458726,
              -33.996816421
            ],
            [
              151.203479218,
              -33.996969577
            ],
            [
              151.20350398,
              -33.997160359
            ],
            [
              151.203548279,
              -33.997577399
            ],
            [
              151.203579219,
              -33.997805037
            ],
            [
              151.203614275,
              -33.998087544
            ],
            [
              151.203636526,
              -33.99833951
            ],
            [
              151.203676456,
              -33.998640497
            ],
            [
              151.2037194,
              -33.999010404
            ],
            [
              151.203725678,
              -33.999100879
            ],
            [
              151.203773192,
              -33.999475996
            ],
            [
              151.203808602,
              -33.999867444
            ],
            [
              151.203818443,
              -33.999928212
            ],
            [
              151.203857219,
              -34.000311455
            ],
            [
              151.203877561,
              -34.000645639
            ],
            [
              151.203906541,
              -34.00083689
            ],
            [
              151.20392829,
              -34.001146954
            ],
            [
              151.203936672,
              -34.001432091
            ],
            [
              151.20397399,
              -34.001728402
            ],
            [
              151.203982733,
              -34.001982452
            ],
            [
              151.203979422,
              -34.002232165
            ],
            [
              151.204018197,
              -34.002600496
            ],
            [
              151.204014635,
              -34.002817989
            ],
            [
              151.203997057,
              -34.003053207
            ],
            [
              151.204018605,
              -34.003436163
            ],
            [
              151.203998063,
              -34.003653539
            ],
            [
              151.203952209,
              -34.003926381
            ],
            [
              151.203945476,
              -34.004210554
            ],
            [
              151.203883399,
              -34.004489113
            ],
            [
              151.203760098,
              -34.004891408
            ],
            [
              151.203722982,
              -34.004953282
            ],
            [
              151.203554127,
              -34.005324698
            ],
            [
              151.203461965,
              -34.005478387
            ],
            [
              151.20327769,
              -34.005643093
            ],
            [
              151.203124906,
              -34.005452128
            ],
            [
              151.202980608,
              -34.005324808
            ],
            [
              151.202648622,
              -34.00501362
            ],
            [
              151.202275097,
              -34.004795784
            ],
            [
              151.202167466,
              -34.004579111
            ],
            [
              151.202115231,
              -34.00448943
            ],
            [
              151.201976962,
              -34.004241083
            ],
            [
              151.201854562,
              -34.004004327
            ],
            [
              151.201633973,
              -34.003654005
            ],
            [
              151.201510772,
              -34.003455304
            ],
            [
              151.201272303,
              -34.003157232
            ],
            [
              151.201165624,
              -34.002907439
            ],
            [
              151.201126249,
              -34.00281854
            ],
            [
              151.201039107,
              -34.002624294
            ],
            [
              151.200897573,
              -34.002295227
            ],
            [
              151.200750362,
              -34.001983077
            ],
            [
              151.200614754,
              -34.001695438
            ],
            [
              151.200364934,
              -34.001227214
            ],
            [
              151.200324503,
              -34.001147614
            ],
            [
              151.200308129,
              -34.001115406
            ],
            [
              151.200269457,
              -34.00105051
            ],
            [
              151.200048516,
              -34.000496239
            ],
            [
              151.199976292,
              -34.00031219
            ],
            [
              151.199821046,
              -33.9999387
            ],
            [
              151.199794024,
              -33.999872774
            ],
            [
              151.199626924,
              -33.999476727
            ],
            [
              151.199531647,
              -33.999255899
            ],
            [
              151.199266558,
              -33.998676115
            ],
            [
              151.199256058,
              -33.998650029
            ],
            [
              151.199252888,
              -33.998641303
            ],
            [
              151.199246562,
              -33.998624672
            ],
            [
              151.199008846,
              -33.998020509
            ],
            [
              151.198929993,
              -33.99780588
            ],
            [
              151.198763847,
              -33.997389165
            ],
            [
              151.198762748,
              -33.997386169
            ],
            [
              151.198600119,
              -33.996970457
            ],
            [
              151.19851564,
              -33.996760582
            ],
            [
              151.198263711,
              -33.996135033
            ],
            [
              151.197999827,
              -33.99551946
            ],
            [
              151.197916804,
              -33.995299622
            ],
            [
              151.197750509,
              -33.99489175
            ],
            [
              151.197740511,
              -33.994863775
            ],
            [
              151.197587224,
              -33.994464199
            ],
            [
              151.197504954,
              -33.994260914
            ],
            [
              151.197269347,
              -33.9936359
            ],
            [
              151.197265125,
              -33.99362522
            ],
            [
              151.197260856,
              -33.993614411
            ],
            [
              151.196972964,
              -33.993033337
            ],
            [
              151.196872063,
              -33.992793456
            ],
            [
              151.196703809,
              -33.992422166
            ],
            [
              151.196651574,
              -33.992285809
            ],
            [
              151.196515113,
              -33.991958071
            ],
            [
              151.196444194,
              -33.99180309
            ],
            [
              151.19625816,
              -33.991335322
            ],
            [
              151.196167302,
              -33.991198418
            ],
            [
              151.196126971,
              -33.991122699
            ],
            [
              151.196000655,
              -33.990908148
            ],
            [
              151.195833908,
              -33.99064089
            ],
            [
              151.195648275,
              -33.990287352
            ],
            [
              151.195521105,
              -33.990066146
            ],
            [
              151.195255614,
              -33.98951754
            ],
            [
              151.195220105,
              -33.989481569
            ],
            [
              151.195197453,
              -33.989452018
            ],
            [
              151.195044569,
              -33.989276147
            ],
            [
              151.194796507,
              -33.988999264
            ],
            [
              151.194513088,
              -33.988616682
            ],
            [
              151.194406861,
              -33.988488646
            ],
            [
              151.194253173,
              -33.988265903
            ],
            [
              151.193903003,
              -33.988073268
            ],
            [
              151.193526517,
              -33.98778142
            ],
            [
              151.193374085,
              -33.987678766
            ],
            [
              151.193250932,
              -33.987567752
            ],
            [
              151.19299157,
              -33.987565275
            ],
            [
              151.192389475,
              -33.987664325
            ],
            [
              151.192248796,
              -33.987662239
            ],
            [
              151.192194302,
              -33.987736134
            ],
            [
              151.192174613,
              -33.987781599
            ],
            [
              151.192149903,
              -33.987864076
            ],
            [
              151.191940617,
              -33.988359957
            ],
            [
              151.191882005,
              -33.988617015
            ],
            [
              151.191848206,
              -33.988951159
            ],
            [
              151.191818021,
              -33.989093062
            ],
            [
              151.191788389,
              -33.98945242
            ],
            [
              151.191780355,
              -33.989843256
            ],
            [
              151.191774783,
              -33.989892302
            ],
            [
              151.191767847,
              -33.9902878
            ],
            [
              151.191790399,
              -33.990670379
            ],
            [
              151.19178883,
              -33.990739391
            ],
            [
              151.19180877,
              -33.99112322
            ],
            [
              151.191840564,
              -33.991464072
            ],
            [
              151.191843625,
              -33.991620315
            ],
            [
              151.191871751,
              -33.991958627
            ],
            [
              151.191908567,
              -33.992242892
            ],
            [
              151.191928607,
              -33.992526453
            ],
            [
              151.1919603,
              -33.992794087
            ],
            [
              151.191990486,
              -33.993010173
            ],
            [
              151.192033681,
              -33.993449392
            ],
            [
              151.192057338,
              -33.993629469
            ],
            [
              151.192078885,
              -33.993771998
            ],
            [
              151.192155529,
              -33.99438624
            ],
            [
              151.192166987,
              -33.994464928
            ],
            [
              151.192176373,
              -33.994526308
            ],
            [
              151.192250055,
              -33.995036545
            ],
            [
              151.192291743,
              -33.995265668
            ],
            [
              151.192296012,
              -33.995300388
            ],
            [
              151.192302886,
              -33.995344356
            ],
            [
              151.192423679,
              -33.995991235
            ],
            [
              151.192444924,
              -33.996135797
            ],
            [
              151.192474859,
              -33.99632301
            ],
            [
              151.19254638,
              -33.9967245
            ],
            [
              151.192584501,
              -33.996971257
            ],
            [
              151.192638394,
              -33.997294658
            ],
            [
              151.192668078,
              -33.997458611
            ],
            [
              151.192787514,
              -33.998194636
            ],
            [
              151.192798768,
              -33.998263648
            ],
            [
              151.192860194,
              -33.998642229
            ],
            [
              151.19290595,
              -33.998931534
            ],
            [
              151.192957583,
              -33.999231336
            ],
            [
              151.19299736,
              -33.999477677
            ],
            [
              151.193025638,
              -33.999667351
            ],
            [
              151.193120716,
              -34.000202697
            ],
            [
              151.193137893,
              -34.000313189
            ],
            [
              151.193150151,
              -34.000399157
            ],
            [
              151.193253415,
              -34.00098157
            ],
            [
              151.19327908,
              -34.001127304
            ],
            [
              151.19328269,
              -34.001148688
            ],
            [
              151.193287258,
              -34.001176858
            ],
            [
              151.193396299,
              -34.001865204
            ],
            [
              151.193415736,
              -34.001984188
            ],
            [
              151.193440496,
              -34.002139923
            ],
            [
              151.193507649,
              -34.002608015
            ],
            [
              151.193542305,
              -34.002819687
            ],
            [
              151.193584997,
              -34.003095786
            ],
            [
              151.193618348,
              -34.003351373
            ],
            [
              151.193667568,
              -34.003655186
            ],
            [
              151.193721461,
              -34.00404485
            ],
            [
              151.193726986,
              -34.004096449
            ],
            [
              151.193784746,
              -34.004490737
            ],
            [
              151.193829648,
              -34.004846553
            ],
            [
              151.193853556,
              -34.004990372
            ],
            [
              151.193898557,
              -34.005326275
            ],
            [
              151.193929346,
              -34.005599118
            ],
            [
              151.1939858,
              -34.005935985
            ],
            [
              151.194013475,
              -34.006161813
            ],
            [
              151.19403,
              -34.00635085
            ],
            [
              151.194106242,
              -34.006871791
            ],
            [
              151.194118249,
              -34.006997364
            ],
            [
              151.194131606,
              -34.0071018
            ],
            [
              151.19425702,
              -34.007636325
            ],
            [
              151.194287758,
              -34.007807312
            ],
            [
              151.194292232,
              -34.007832903
            ],
            [
              151.194298008,
              -34.007867037
            ],
            [
              151.194382537,
              -34.008564044
            ],
            [
              151.194401824,
              -34.00866848
            ],
            [
              151.194408401,
              -34.008794469
            ],
            [
              151.194393837,
              -34.009390334
            ],
            [
              151.194400618,
              -34.009504108
            ],
            [
              151.194415388,
              -34.009635763
            ],
            [
              151.19447124,
              -34.010161536
            ],
            [
              151.194491481,
              -34.010339698
            ],
            [
              151.194505294,
              -34.010546107
            ],
            [
              151.194499268,
              -34.010973943
            ],
            [
              151.194514791,
              -34.011175274
            ],
            [
              151.194525088,
              -34.011398119
            ],
            [
              151.194511984,
              -34.011799074
            ],
            [
              151.194523285,
              -34.012010902
            ],
            [
              151.194519472,
              -34.012228863
            ],
            [
              151.194496721,
              -34.012647569
            ],
            [
              151.194493049,
              -34.012846529
            ],
            [
              151.194489487,
              -34.013039394
            ],
            [
              151.194440519,
              -34.013530198
            ],
            [
              151.194437254,
              -34.013682156
            ],
            [
              151.194429627,
              -34.013825011
            ],
            [
              151.194305623,
              -34.014478517
            ],
            [
              151.194302955,
              -34.014517809
            ],
            [
              151.194298937,
              -34.014551618
            ],
            [
              151.194258456,
              -34.014703562
            ],
            [
              151.193932145,
              -34.015081462
            ],
            [
              151.193381481,
              -34.015353595
            ],
            [
              151.193301723,
              -34.015391596
            ],
            [
              151.193256169,
              -34.015402796
            ],
            [
              151.193229399,
              -34.015375915
            ],
            [
              151.193203382,
              -34.015353619
            ],
            [
              151.192722278,
              -34.014962998
            ],
            [
              151.192253578,
              -34.01463747
            ],
            [
              151.19220732,
              -34.014556659
            ],
            [
              151.192181956,
              -34.014518109
            ],
            [
              151.192099336,
              -34.014389579
            ],
            [
              151.191865941,
              -34.014005538
            ],
            [
              151.191630285,
              -34.013682513
            ],
            [
              151.191490859,
              -34.013482562
            ],
            [
              151.191250883,
              -34.013195078
            ],
            [
              151.191131498,
              -34.012946405
            ],
            [
              151.191078008,
              -34.012846931
            ],
            [
              151.190937529,
              -34.012585834
            ],
            [
              151.190822914,
              -34.012368001
            ],
            [
              151.190624174,
              -34.012011376
            ],
            [
              151.190508104,
              -34.011794754
            ],
            [
              151.190248189,
              -34.011361498
            ],
            [
              151.19018832,
              -34.011225675
            ],
            [
              151.190165768,
              -34.011175794
            ],
            [
              151.190117401,
              -34.011066813
            ],
            [
              151.189920719,
              -34.010613058
            ],
            [
              151.189796212,
              -34.010340253
            ],
            [
              151.189634587,
              -34.010015979
            ],
            [
              151.18946829,
              -34.009690324
            ],
            [
              151.18937437,
              -34.009504659
            ],
            [
              151.189336601,
              -34.00942868
            ],
            [
              151.189245441,
              -34.009262069
            ],
            [
              151.189050216,
              -34.00883177
            ],
            [
              151.188979701,
              -34.008669066
            ],
            [
              151.188844393,
              -34.008334881
            ],
            [
              151.188795624,
              -34.008208396
            ],
            [
              151.188636209,
              -34.007833564
            ],
            [
              151.188524057,
              -34.00759914
            ],
            [
              151.188242796,
              -34.006997984
            ],
            [
              151.187967762,
              -34.006391645
            ],
            [
              151.187868317,
              -34.00616243
            ],
            [
              151.1876975,
              -34.00578132
            ],
            [
              151.187648632,
              -34.005667338
            ],
            [
              151.187499663,
              -34.005326927
            ],
            [
              151.187429499,
              -34.005169147
            ],
            [
              151.187240148,
              -34.004733977
            ],
            [
              151.187152557,
              -34.004564396
            ],
            [
              151.187118253,
              -34.004491386
            ],
            [
              151.187035079,
              -34.004320478
            ],
            [
              151.186859542,
              -34.003973073
            ],
            [
              151.186713187,
              -34.003655884
            ],
            [
              151.186579486,
              -34.003370954
            ],
            [
              151.186396415,
              -34.00295274
            ],
            [
              151.186336598,
              -34.002820382
            ],
            [
              151.186308572,
              -34.002761202
            ],
            [
              151.186237604,
              -34.002597587
            ],
            [
              151.185981154,
              -34.002198583
            ],
            [
              151.18585735,
              -34.001984878
            ],
            [
              151.185652331,
              -34.001637135
            ],
            [
              151.185525712,
              -34.001391536
            ],
            [
              151.185394223,
              -34.001149362
            ],
            [
              151.185343495,
              -34.001059017
            ],
            [
              151.185235109,
              -34.000839973
            ],
            [
              151.184955758,
              -34.000546746
            ],
            [
              151.184761789,
              -34.000313896
            ],
            [
              151.184539945,
              -34.000057851
            ],
            [
              151.184232768,
              -33.999652477
            ],
            [
              151.184093545,
              -33.999594456
            ],
            [
              151.183874765,
              -33.999478427
            ],
            [
              151.183477584,
              -33.999272429
            ],
            [
              151.183230429,
              -33.999120389
            ],
            [
              151.182742845,
              -33.99907204
            ],
            [
              151.182717079,
              -33.999070738
            ],
            [
              151.18222819,
              -33.999014184
            ],
            [
              151.1817393,
              -33.999070804
            ],
            [
              151.181709768,
              -33.999074971
            ],
            [
              151.181225903,
              -33.999134314
            ],
            [
              151.180773276,
              -33.999101007
            ],
            [
              151.180676291,
              -33.999101006
            ],
            [
              151.180223664,
              -33.999060628
            ],
            [
              151.179925076,
              -33.998891748
            ],
            [
              151.179522071,
              -33.998642864
            ],
            [
              151.179349297,
              -33.998536212
            ],
            [
              151.179221375,
              -33.998433989
            ],
            [
              151.178952118,
              -33.99803182
            ],
            [
              151.178811337,
              -33.997807358
            ],
            [
              151.178596724,
              -33.99749259
            ],
            [
              151.17837945,
              -33.997105593
            ],
            [
              151.178299291,
              -33.996971893
            ],
            [
              151.178271868,
              -33.996927925
            ],
            [
              151.178219081,
              -33.996832658
            ],
            [
              151.178016623,
              -33.996305216
            ],
            [
              151.177962078,
              -33.99613643
            ],
            [
              151.177861126,
              -33.995838034
            ],
            [
              151.177795079,
              -33.995654415
            ],
            [
              151.177681269,
              -33.995300968
            ],
            [
              151.177583028,
              -33.994995696
            ],
            [
              151.177498699,
              -33.994700478
            ],
            [
              151.177426626,
              -33.994465507
            ],
            [
              151.177382327,
              -33.994327522
            ],
            [
              151.177216835,
              -33.993713605
            ],
            [
              151.177201673,
              -33.993642717
            ],
            [
              151.177199256,
              -33.993630085
            ],
            [
              151.17719574,
              -33.993612503
            ],
            [
              151.1770535,
              -33.992930785
            ],
            [
              151.177026781,
              -33.992794676
            ],
            [
              151.17697977,
              -33.992597005
            ],
            [
              151.176885094,
              -33.99223577
            ],
            [
              151.176822564,
              -33.991959215
            ],
            [
              151.176715784,
              -33.991541498
            ],
            [
              151.176612369,
              -33.991123793
            ],
            [
              151.176542205,
              -33.99085078
            ],
            [
              151.176462848,
              -33.99049525
            ],
            [
              151.17641207,
              -33.990288371
            ],
            [
              151.176379575,
              -33.990150934
            ],
            [
              151.176232916,
              -33.989468161
            ],
            [
              151.176229447,
              -33.98945295
            ],
            [
              151.176226983,
              -33.989442661
            ],
            [
              151.176214677,
              -33.989383313
            ],
            [
              151.176092881,
              -33.98871906
            ],
            [
              151.176075151,
              -33.988617541
            ],
            [
              151.176051394,
              -33.98848138
            ],
            [
              151.175957471,
              -33.987996579
            ],
            [
              151.17592136,
              -33.98778212
            ],
            [
              151.175871084,
              -33.987495693
            ],
            [
              151.175828492,
              -33.98726868
            ],
            [
              151.175773294,
              -33.986946751
            ],
            [
              151.175700668,
              -33.986539869
            ],
            [
              151.175696352,
              -33.986514656
            ],
            [
              151.175625232,
              -33.986111369
            ],
            [
              151.175566869,
              -33.985816021
            ],
            [
              151.175514584,
              -33.985527744
            ],
            [
              151.175466017,
              -33.985275986
            ],
            [
              151.175424631,
              -33.985099296
            ],
            [
              151.175296153,
              -33.984510254
            ],
            [
              151.175280181,
              -33.984440656
            ],
            [
              151.175267828,
              -33.984394643
            ],
            [
              151.17521263,
              -33.984176811
            ],
            [
              151.175097362,
              -33.983701387
            ],
            [
              151.175075514,
              -33.983605286
            ],
            [
              151.175041261,
              -33.983462378
            ],
            [
              151.1749276,
              -33.98300757
            ],
            [
              151.174871749,
              -33.982769942
            ],
            [
              151.174796713,
              -33.982423164
            ],
            [
              151.174770193,
              -33.982303439
            ],
            [
              151.174691188,
              -33.981934612
            ],
            [
              151.174621977,
              -33.981591702
            ],
            [
              151.174587172,
              -33.981413136
            ],
            [
              151.174524439,
              -33.981099268
            ],
            [
              151.174484359,
              -33.980871109
            ],
            [
              151.174409924,
              -33.980430014
            ],
            [
              151.174381045,
              -33.980263938
            ],
            [
              151.174358192,
              -33.980140996
            ],
            [
              151.174234184,
              -33.979448156
            ],
            [
              151.174230574,
              -33.979428608
            ],
            [
              151.174227765,
              -33.979414399
            ],
            [
              151.174210738,
              -33.979324211
            ],
            [
              151.174086028,
              -33.978697245
            ],
            [
              151.174066139,
              -33.978593317
            ],
            [
              151.174035401,
              -33.978447154
            ],
            [
              151.173938265,
              -33.977985143
            ],
            [
              151.17389055,
              -33.977758026
            ],
            [
              151.173815111,
              -33.977428165
            ],
            [
              151.173780757,
              -33.97728122
            ],
            [
              151.173699593,
              -33.976922721
            ],
            [
              151.173612954,
              -33.976585789
            ],
            [
              151.173560166,
              -33.976380329
            ],
            [
              151.173484879,
              -33.976087429
            ],
            [
              151.173434302,
              -33.975899473
            ],
            [
              151.17326002,
              -33.975252137
            ],
            [
              151.173250069,
              -33.975217794
            ],
            [
              151.173208884,
              -33.975070602
            ],
            [
              151.173049268,
              -33.974549959
            ],
            [
              151.173008485,
              -33.974416884
            ],
            [
              151.172929279,
              -33.974183749
            ],
            [
              151.172830486,
              -33.973897074
            ],
            [
              151.17272446,
              -33.97358163
            ],
            [
              151.172609495,
              -33.973246104
            ],
            [
              151.172530741,
              -33.973016225
            ],
            [
              151.172438225,
              -33.972746338
            ],
            [
              151.172389206,
              -33.97259447
            ],
            [
              151.172207038,
              -33.97201552
            ],
            [
              151.172179363,
              -33.971934214
            ],
            [
              151.172171688,
              -33.971911084
            ],
            [
              151.172158975,
              -33.971870998
            ],
            [
              151.171962291,
              -33.971279962
            ],
            [
              151.171899711,
              -33.97107587
            ],
            [
              151.171797251,
              -33.970734184
            ],
            [
              151.171758928,
              -33.970614276
            ],
            [
              151.171651748,
              -33.970240617
            ],
            [
              151.17157204,
              -33.969934889
            ],
            [
              151.171508506,
              -33.969658177
            ],
            [
              151.171445322,
              -33.969405416
            ],
            [
              151.171406547,
              -33.969237634
            ],
            [
              151.171280029,
              -33.968632417
            ],
            [
              151.17126606,
              -33.968570203
            ],
            [
              151.171256973,
              -33.968527147
            ],
            [
              151.17120539,
              -33.968256974
            ],
            [
              151.171112221,
              -33.967812675
            ],
            [
              151.171096501,
              -33.96773499
            ],
            [
              151.171069079,
              -33.967621346
            ],
            [
              151.17094487,
              -33.967116996
            ],
            [
              151.170893037,
              -33.966899776
            ],
            [
              151.170778172,
              -33.966543582
            ],
            [
              151.170746279,
              -33.966447403
            ],
            [
              151.170625488,
              -33.966064575
            ],
            [
              151.170550601,
              -33.965775348
            ],
            [
              151.170480938,
              -33.96546053
            ],
            [
              151.170424132,
              -33.965229401
            ],
            [
              151.170384405,
              -33.965078783
            ],
            [
              151.170228203,
              -33.964414569
            ],
            [
              151.170219664,
              -33.964380981
            ],
            [
              151.170203793,
              -33.964310719
            ],
            [
              151.170045633,
              -33.963690928
            ],
            [
              151.170013991,
              -33.963559065
            ],
            [
              151.169965021,
              -33.963359948
            ],
            [
              151.169874264,
              -33.962998661
            ],
            [
              151.169807313,
              -33.96272389
            ],
            [
              151.169698726,
              -33.962309858
            ],
            [
              151.169696717,
              -33.962301002
            ],
            [
              151.16959285,
              -33.961888716
            ],
            [
              151.169522434,
              -33.961621746
            ],
            [
              151.169427609,
              -33.961241497
            ],
            [
              151.169379041,
              -33.961053541
            ],
            [
              151.169345942,
              -33.960933776
            ],
            [
              151.169202297,
              -33.960370286
            ],
            [
              151.169167591,
              -33.960247344
            ],
            [
              151.169159649,
              -33.960218418
            ],
            [
              151.169145837,
              -33.960171364
            ],
            [
              151.168966633,
              -33.959579795
            ],
            [
              151.16891018,
              -33.959383295
            ],
            [
              151.168815506,
              -33.959060767
            ],
            [
              151.168768997,
              -33.958909485
            ],
            [
              151.168666134,
              -33.95854816
            ],
            [
              151.168575328,
              -33.958235855
            ],
            [
              151.168499939,
              -33.957962503
            ],
            [
              151.168428869,
              -33.957713037
            ],
            [
              151.168383617,
              -33.957560635
            ],
            [
              151.168200846,
              -33.956877953
            ],
            [
              151.167993063,
              -33.95621607
            ],
            [
              151.167940026,
              -33.95604283
            ],
            [
              151.167845703,
              -33.955746674
            ],
            [
              151.167782569,
              -33.955556517
            ],
            [
              151.167674836,
              -33.955207733
            ],
            [
              151.167571472,
              -33.95489742
            ],
            [
              151.16748172,
              -33.954608037
            ],
            [
              151.167405578,
              -33.954372649
            ],
            [
              151.167361178,
              -33.954237751
            ],
            [
              151.167199403,
              -33.953723151
            ],
            [
              151.167149529,
              -33.953579162
            ],
            [
              151.167135465,
              -33.953537565
            ],
            [
              151.167111709,
              -33.953464424
            ],
            [
              151.166929642,
              -33.952927437
            ],
            [
              151.166858725,
              -33.952702481
            ],
            [
              151.166737229,
              -33.952317074
            ],
            [
              151.166721056,
              -33.952266347
            ],
            [
              151.166596548,
              -33.951867397
            ],
            [
              151.166511767,
              -33.951605805
            ],
            [
              151.166377616,
              -33.951182084
            ],
            [
              151.16632955,
              -33.951032352
            ],
            [
              151.166300569,
              -33.950946878
            ],
            [
              151.16619806,
              -33.950630262
            ],
            [
              151.166078774,
              -33.95029678
            ],
            [
              151.166042311,
              -33.950197306
            ],
            [
              151.165987313,
              -33.950021514
            ],
            [
              151.165857381,
              -33.949646357
            ],
            [
              151.16577486,
              -33.949362261
            ],
            [
              151.165654521,
              -33.948980515
            ],
            [
              151.165622879,
              -33.948882538
            ],
            [
              151.165509722,
              -33.948527216
            ],
            [
              151.165424338,
              -33.948337424
            ],
            [
              151.165196768,
              -33.94788488
            ],
            [
              151.165116307,
              -33.947759267
            ],
            [
              151.165074973,
              -33.947692169
            ],
            [
              151.164856644,
              -33.947408528
            ],
            [
              151.16473319,
              -33.947243622
            ],
            [
              151.164404568,
              -33.94685708
            ],
            [
              151.164294022,
              -33.946774731
            ],
            [
              151.164195281,
              -33.94671451
            ],
            [
              151.163849079,
              -33.946568395
            ],
            [
              151.163652901,
              -33.946474167
            ],
            [
              151.163193694,
              -33.946328376
            ],
            [
              151.162912534,
              -33.946256275
            ],
            [
              151.162347002,
              -33.946150999
            ],
            [
              151.162192059,
              -33.94611612
            ],
            [
              151.16208297,
              -33.946112733
            ],
            [
              151.161381529,
              -33.946180941
            ],
            [
              151.161190423,
              -33.946176641
            ],
            [
              151.160974808,
              -33.946201357
            ],
            [
              151.160517058,
              -33.946295199
            ],
            [
              151.160188739,
              -33.946324407
            ],
            [
              151.159701959,
              -33.946427222
            ],
            [
              151.159680915,
              -33.946433082
            ],
            [
              151.159187054,
              -33.946516752
            ],
            [
              151.158865967,
              -33.946588599
            ],
            [
              151.158453018,
              -33.946633148
            ],
            [
              151.15818537,
              -33.946681149
            ],
            [
              151.158023293,
              -33.946721038
            ],
            [
              151.157212764,
              -33.946831794
            ],
            [
              151.157183684,
              -33.946837654
            ],
            [
              151.157166758,
              -33.946841951
            ],
            [
              151.157060232,
              -33.946856068
            ],
            [
              151.15638079,
              -33.94702164
            ],
            [
              151.156182,
              -33.947054562
            ],
            [
              151.155866185,
              -33.947119115
            ],
            [
              151.155584072,
              -33.947192369
            ],
            [
              151.155180315,
              -33.947261506
            ],
            [
              151.154779621,
              -33.947356638
            ],
            [
              151.154543765,
              -33.947386186
            ],
            [
              151.15417858,
              -33.947456443
            ],
            [
              151.153952116,
              -33.94750171
            ],
            [
              151.153282619,
              -33.947602179
            ],
            [
              151.153176895,
              -33.947621348
            ],
            [
              151.153106933,
              -33.947632026
            ],
            [
              151.152776201,
              -33.947690277
            ],
            [
              151.152317698,
              -33.947809006
            ],
            [
              151.152175161,
              -33.94783513
            ],
            [
              151.151935287,
              -33.94789006
            ],
            [
              151.151541022,
              -33.947996406
            ],
            [
              151.151173425,
              -33.94806988
            ],
            [
              151.150743952,
              -33.948166809
            ],
            [
              151.150566508,
              -33.948195732
            ],
            [
              151.150171691,
              -33.948274819
            ],
            [
              151.14993252,
              -33.948325243
            ],
            [
              151.149263173,
              -33.94844681
            ],
            [
              151.149170005,
              -33.948465393
            ],
            [
              151.149107728,
              -33.948472555
            ],
            [
              151.148869461,
              -33.948524399
            ],
            [
              151.148333059,
              -33.948661634
            ],
            [
              151.148168221,
              -33.948694634
            ],
            [
              151.147901125,
              -33.948746803
            ],
            [
              151.147525494,
              -33.948823272
            ],
            [
              151.147166487,
              -33.948891655
            ],
            [
              151.146711801,
              -33.948979844
            ],
            [
              151.146590909,
              -33.949003637
            ],
            [
              151.146164751,
              -33.949086735
            ],
            [
              151.145893185,
              -33.949132236
            ],
            [
              151.145238153,
              -33.949295803
            ],
            [
              151.145163017,
              -33.949310636
            ],
            [
              151.145118116,
              -33.949321054
            ],
            [
              151.144989238,
              -33.94935843
            ],
            [
              151.14434626,
              -33.949512491
            ],
            [
              151.144161231,
              -33.949550335
            ],
            [
              151.143855011,
              -33.949613339
            ],
            [
              151.14354226,
              -33.949677151
            ],
            [
              151.143159447,
              -33.949756368
            ],
            [
              151.142705715,
              -33.949814578
            ],
            [
              151.14257508,
              -33.949844882
            ],
            [
              151.142157711,
              -33.949911336
            ],
            [
              151.14184672,
              -33.949933303
            ],
            [
              151.141302533,
              -33.950070199
            ],
            [
              151.141155977,
              -33.950085735
            ],
            [
              151.141036943,
              -33.950093157
            ],
            [
              151.140506168,
              -33.950192207
            ],
            [
              151.140192914,
              -33.950224332
            ],
            [
              151.140154191,
              -33.950230714
            ],
            [
              151.140095678,
              -33.950240871
            ],
            [
              151.139332211,
              -33.950341625
            ],
            [
              151.139152457,
              -33.95037693
            ],
            [
              151.138890684,
              -33.95040985
            ],
            [
              151.138433186,
              -33.95042697
            ],
            [
              151.13815072,
              -33.95047264
            ],
            [
              151.137767706,
              -33.95051056
            ],
            [
              151.137524668,
              -33.950504306
            ],
            [
              151.137148986,
              -33.950556773
            ],
            [
              151.136674311,
              -33.950630233
            ],
            [
              151.136531472,
              -33.950705586
            ],
            [
              151.13614715,
              -33.950837197
            ],
            [
              151.136009635,
              -33.950911038
            ],
            [
              151.13587212,
              -33.951025644
            ],
            [
              151.135268868,
              -33.951128405
            ],
            [
              151.135145316,
              -33.951154659
            ],
            [
              151.134970885,
              -33.951170702
            ],
            [
              151.134295009,
              -33.951151276
            ],
            [
              151.13414358,
              -33.951170653
            ],
            [
              151.133932685,
              -33.951200734
            ],
            [
              151.133394577,
              -33.95123541
            ],
            [
              151.133141845,
              -33.951280663
            ],
            [
              151.132865106,
              -33.951255277
            ],
            [
              151.132207058,
              -33.95102431
            ],
            [
              151.132823417,
              -33.950758846
            ],
            [
              151.133142245,
              -33.950530678
            ],
            [
              151.133435709,
              -33.950434334
            ],
            [
              151.133569607,
              -33.95018978
            ],
            [
              151.13402595,
              -33.950091393
            ],
            [
              151.134144179,
              -33.95006226
            ],
            [
              151.134340007,
              -33.9500268
            ],
            [
              151.134865961,
              -33.94995687
            ],
            [
              151.135145915,
              -33.949898072
            ],
            [
              151.135538472,
              -33.949863278
            ],
            [
              151.135800445,
              -33.949901205
            ],
            [
              151.136147649,
              -33.949842161
            ],
            [
              151.136576519,
              -33.949713311
            ],
            [
              151.137093132,
              -33.94935603
            ],
            [
              151.137137129,
              -33.949345612
            ],
            [
              151.137149529,
              -33.949342226
            ],
            [
              151.137172632,
              -33.949336757
            ],
            [
              151.137951318,
              -33.949189561
            ],
            [
              151.138151313,
              -33.949133393
            ],
            [
              151.138590328,
              -33.94899053
            ],
            [
              151.138682391,
              -33.94896412
            ],
            [
              151.139153149,
              -33.948785834
            ],
            [
              151.139391365,
              -33.948720289
            ],
            [
              151.139829125,
              -33.948521868
            ],
            [
              151.140080751,
              -33.948460114
            ],
            [
              151.140154983,
              -33.948441152
            ],
            [
              151.140301188,
              -33.948400143
            ],
            [
              151.140839648,
              -33.94825788
            ],
            [
              151.141156768,
              -33.948163529
            ],
            [
              151.141559119,
              -33.94802275
            ],
            [
              151.141925409,
              -33.947881813
            ],
            [
              151.142158552,
              -33.947795301
            ],
            [
              151.142243734,
              -33.947758589
            ],
            [
              151.142397824,
              -33.947687651
            ],
            [
              151.142942262,
              -33.947506006
            ],
            [
              151.143160388,
              -33.94744795
            ],
            [
              151.143536019,
              -33.947374853
            ],
            [
              151.143742695,
              -33.947338429
            ],
            [
              151.144162122,
              -33.947251971
            ],
            [
              151.144541922,
              -33.947169875
            ],
            [
              151.144891086,
              -33.947080733
            ],
            [
              151.145163858,
              -33.947017221
            ],
            [
              151.145318952,
              -33.946982763
            ],
            [
              151.145734964,
              -33.946853574
            ],
            [
              151.146054545,
              -33.946761137
            ],
            [
              151.146165592,
              -33.946733307
            ],
            [
              151.146379449,
              -33.946675499
            ],
            [
              151.146805908,
              -33.946552653
            ],
            [
              151.147167327,
              -33.94646105
            ],
            [
              151.147560587,
              -33.946346864
            ],
            [
              151.147862036,
              -33.946275069
            ],
            [
              151.148169061,
              -33.946193845
            ],
            [
              151.148332191,
              -33.946155259
            ],
            [
              151.148872963,
              -33.946019404
            ],
            [
              151.14908908,
              -33.945951346
            ],
            [
              151.149170795,
              -33.945930014
            ],
            [
              151.149339903,
              -33.945878586
            ],
            [
              151.149811013,
              -33.945718272
            ],
            [
              151.150172531,
              -33.945622332
            ],
            [
              151.15057237,
              -33.94551811
            ],
            [
              151.150848457,
              -33.945456434
            ],
            [
              151.151174265,
              -33.945377138
            ],
            [
              151.151348546,
              -33.945330294
            ],
            [
              151.151988712,
              -33.945185142
            ],
            [
              151.152123364,
              -33.945141345
            ],
            [
              151.15217595,
              -33.945127593
            ],
            [
              151.152286343,
              -33.945093212
            ],
            [
              151.152837361,
              -33.944901643
            ],
            [
              151.153177684,
              -33.944809297
            ],
            [
              151.153581442,
              -33.944687063
            ],
            [
              151.153845473,
              -33.944628891
            ],
            [
              151.154179369,
              -33.944541468
            ],
            [
              151.154345713,
              -33.944489285
            ],
            [
              151.154980706,
              -33.944350774
            ],
            [
              151.155117369,
              -33.944297718
            ],
            [
              151.155181053,
              -33.944277636
            ],
            [
              151.155327509,
              -33.944228787
            ],
            [
              151.155817803,
              -33.944046763
            ],
            [
              151.156182738,
              -33.943942124
            ],
            [
              151.156544557,
              -33.943817727
            ],
            [
              151.156922047,
              -33.943734915
            ],
            [
              151.157184421,
              -33.943661948
            ],
            [
              151.157307925,
              -33.943619193
            ],
            [
              151.157791239,
              -33.943516339
            ],
            [
              151.158054265,
              -33.943406489
            ],
            [
              151.158186107,
              -33.943361481
            ],
            [
              151.158525525,
              -33.943233542
            ],
            [
              151.158741693,
              -33.94314462
            ],
            [
              151.15918779,
              -33.943000012
            ],
            [
              151.159450968,
              -33.942901037
            ],
            [
              151.160143268,
              -33.942720292
            ],
            [
              151.160189475,
              -33.942705914
            ],
            [
              151.160209164,
              -33.942698231
            ],
            [
              151.160267825,
              -33.942681861
            ],
            [
              151.160778813,
              -33.942338216
            ],
            [
              151.161191158,
              -33.942071577
            ],
            [
              151.161344092,
              -33.941974515
            ],
            [
              151.161667591,
              -33.941847083
            ],
            [
              151.161963164,
              -33.941655628
            ],
            [
              151.162192892,
              -33.941448258
            ],
            [
              151.16243372,
              -33.941213004
            ],
            [
              151.16276013,
              -33.941012302
            ],
            [
              151.162923461,
              -33.940786307
            ],
            [
              151.163194674,
              -33.94032925
            ],
            [
              151.163257505,
              -33.940229816
            ],
            [
              151.163287841,
              -33.940177436
            ],
            [
              151.163322898,
              -33.940070578
            ],
            [
              151.163505464,
              -33.939601526
            ],
            [
              151.163579243,
              -33.939342567
            ],
            [
              151.163595464,
              -33.939008579
            ],
            [
              151.163603296,
              -33.93884809
            ],
            [
              151.163619869,
              -33.938507643
            ],
            [
              151.163605397,
              -33.938165541
            ],
            [
              151.163597768,
              -33.938008464
            ],
            [
              151.163583406,
              -33.937672731
            ],
            [
              151.163545889,
              -33.937380339
            ],
            [
              151.163519972,
              -33.937108577
            ],
            [
              151.163486923,
              -33.936837818
            ],
            [
              151.163454225,
              -33.936621901
            ],
            [
              151.163403999,
              -33.936176848
            ],
            [
              151.163379086,
              -33.936002944
            ],
            [
              151.163351261,
              -33.935872995
            ],
            [
              151.163206562,
              -33.935177225
            ],
            [
              151.1632046,
              -33.935167979
            ],
            [
              151.163202999,
              -33.935161727
            ],
            [
              151.163195465,
              -33.93512405
            ],
            [
              151.163043483,
              -33.934459914
            ],
            [
              151.163017114,
              -33.934333104
            ],
            [
              151.162970304,
              -33.934145278
            ],
            [
              151.162867091,
              -33.933772153
            ],
            [
              151.162802651,
              -33.933498229
            ],
            [
              151.162685625,
              -33.933088638
            ],
            [
              151.162679897,
              -33.933068139
            ],
            [
              151.162565333,
              -33.932663353
            ],
            [
              151.162501396,
              -33.932407428
            ],
            [
              151.162427665,
              -33.932022842
            ],
            [
              151.162382864,
              -33.931828479
            ],
            [
              151.16235539,
              -33.931694401
            ],
            [
              151.162251874,
              -33.93104131
            ],
            [
              151.162242786,
              -33.930993592
            ],
            [
              151.162237607,
              -33.930957842
            ],
            [
              151.162194715,
              -33.93069896
            ],
            [
              151.162098181,
              -33.93023932
            ],
            [
              151.162081255,
              -33.930158756
            ],
            [
              151.162041878,
              -33.93003119
            ],
            [
              151.161886782,
              -33.92958077
            ],
            [
              151.161813453,
              -33.929323881
            ],
            [
              151.161683018,
              -33.928915891
            ],
            [
              151.161674825,
              -33.928890209
            ],
            [
              151.16154655,
              -33.928489044
            ],
            [
              151.161478745,
              -33.928251455
            ],
            [
              151.161335051,
              -33.927771941
            ],
            [
              151.161300797,
              -33.927654208
            ],
            [
              151.16128377,
              -33.927579244
            ],
            [
              151.161193916,
              -33.92723679
            ],
            [
              151.161099393,
              -33.92689819
            ],
            [
              151.161076791,
              -33.926819371
            ],
            [
              151.161055445,
              -33.926703853
            ],
            [
              151.160971567,
              -33.926170083
            ],
            [
              151.160935354,
              -33.925984549
            ],
            [
              151.160919988,
              -33.925755999
            ],
            [
              151.16091476,
              -33.925382758
            ],
            [
              151.160897583,
              -33.925149755
            ],
            [
              151.160913246,
              -33.924915449
            ],
            [
              151.160956288,
              -33.924513465
            ],
            [
              151.160970444,
              -33.924315
            ],
            [
              151.160998771,
              -33.924151894
            ],
            [
              151.161143667,
              -33.923522678
            ],
            [
              151.161151703,
              -33.92348026
            ],
            [
              151.161157934,
              -33.923449707
            ],
            [
              151.161194648,
              -33.92328763
            ],
            [
              151.161304791,
              -33.922737231
            ],
            [
              151.161323123,
              -33.922645507
            ],
            [
              151.161333826,
              -33.922529572
            ],
            [
              151.161392788,
              -33.921975786
            ],
            [
              151.161407698,
              -33.921810766
            ],
            [
              151.161407697,
              -33.921633385
            ],
            [
              151.161421508,
              -33.921164838
            ],
            [
              151.161421557,
              -33.92097605
            ],
            [
              151.161404179,
              -33.92080173
            ],
            [
              151.161359929,
              -33.920278627
            ],
            [
              151.161346572,
              -33.920141306
            ],
            [
              151.161327387,
              -33.920031114
            ],
            [
              151.161208803,
              -33.919317763
            ],
            [
              151.161206888,
              -33.919306562
            ],
            [
              151.161205224,
              -33.919298358
            ],
            [
              151.161195383,
              -33.919246967
            ],
            [
              151.161061984,
              -33.91858313
            ],
            [
              151.161042346,
              -33.918471857
            ],
            [
              151.16100548,
              -33.9183134
            ],
            [
              151.160906686,
              -33.917877944
            ],
            [
              151.160849982,
              -33.9176371
            ],
            [
              151.160723564,
              -33.917243475
            ],
            [
              151.160711714,
              -33.917205889
            ],
            [
              151.160580526,
              -33.916802354
            ],
            [
              151.160504133,
              -33.916544292
            ],
            [
              151.160383844,
              -33.916125376
            ],
            [
              151.160337736,
              -33.915967635
            ],
            [
              151.1603075,
              -33.915873579
            ],
            [
              151.160194745,
              -33.915532127
            ],
            [
              151.160084701,
              -33.915224693
            ],
            [
              151.160047986,
              -33.915132889
            ],
            [
              151.159958033,
              -33.914935426
            ],
            [
              151.159813986,
              -33.914615775
            ],
            [
              151.159667329,
              -33.914298169
            ],
            [
              151.159574713,
              -33.913980602
            ],
            [
              151.159474213,
              -33.91369717
            ],
            [
              151.15940003,
              -33.913463462
            ],
            [
              151.159376022,
              -33.913311686
            ],
            [
              151.159194105,
              -33.912628757
            ],
            [
              151.159078386,
              -33.911890647
            ],
            [
              151.159045136,
              -33.911794078
            ],
            [
              151.159065678,
              -33.911686855
            ],
            [
              151.159194353,
              -33.911376754
            ],
            [
              151.159329206,
              -33.911071823
            ],
            [
              151.159394698,
              -33.910959457
            ],
            [
              151.159619253,
              -33.910605441
            ],
            [
              151.159672993,
              -33.910523758
            ],
            [
              151.159905986,
              -33.910124929
            ],
            [
              151.159990012,
              -33.909953358
            ],
            [
              151.160195982,
              -33.909418745
            ],
            [
              151.160227021,
              -33.909316225
            ],
            [
              151.160235261,
              -33.909290347
            ],
            [
              151.160248728,
              -33.909246419
            ],
            [
              151.160466702,
              -33.908681318
            ],
            [
              151.160524461,
              -33.908455778
            ],
            [
              151.160567051,
              -33.908146665
            ],
            [
              151.160602158,
              -33.907959504
            ],
            [
              151.160644597,
              -33.907621154
            ],
            [
              151.160680857,
              -33.90721736
            ],
            [
              151.160684467,
              -33.907193436
            ],
            [
              151.160717112,
              -33.906786569
            ],
            [
              151.160717161,
              -33.906385939
            ],
            [
              151.160714806,
              -33.906354566
            ],
            [
              151.160714906,
              -33.905951983
            ],
            [
              151.160694463,
              -33.905537026
            ],
            [
              151.160694563,
              -33.905532364
            ],
            [
              151.160676129,
              -33.905117365
            ],
            [
              151.160649711,
              -33.904739915
            ],
            [
              151.160646603,
              -33.904657689
            ],
            [
              151.160621741,
              -33.904282781
            ],
            [
              151.160586381,
              -33.903958216
            ],
            [
              151.160572521,
              -33.903761177
            ],
            [
              151.160540426,
              -33.903448198
            ],
            [
              151.160505218,
              -33.903191438
            ],
            [
              151.16047031,
              -33.902841243
            ],
            [
              151.160440829,
              -33.902613614
            ],
            [
              151.160413606,
              -33.902433369
            ],
            [
              151.160359512,
              -33.901914182
            ],
            [
              151.160340476,
              -33.90177903
            ],
            [
              151.160324504,
              -33.901673175
            ],
            [
              151.16023475,
              -33.90097541
            ],
            [
              151.160230229,
              -33.900944487
            ],
            [
              151.16022516,
              -33.900921525
            ],
            [
              151.160197686,
              -33.900768785
            ],
            [
              151.160072121,
              -33.900214674
            ],
            [
              151.160054793,
              -33.900109903
            ],
            [
              151.160030032,
              -33.899970042
            ],
            [
              151.159938572,
              -33.89949157
            ],
            [
              151.159901354,
              -33.899275361
            ],
            [
              151.159840078,
              -33.898976967
            ],
            [
              151.159793167,
              -33.898778343
            ],
            [
              151.159728076,
              -33.898440817
            ],
            [
              151.159654545,
              -33.898059449
            ],
            [
              151.159646964,
              -33.897981267
            ],
            [
              151.15958398,
              -33.897606275
            ],
            [
              151.159529889,
              -33.897328968
            ],
            [
              151.159478507,
              -33.897006112
            ],
            [
              151.159435062,
              -33.896771731
            ],
            [
              151.159411254,
              -33.896593487
            ],
            [
              151.159330492,
              -33.896048003
            ],
            [
              151.159315377,
              -33.89593719
            ],
            [
              151.159303668,
              -33.895848796
            ],
            [
              151.159229282,
              -33.895128986
            ],
            [
              151.15922597,
              -33.895102689
            ],
            [
              151.159223114,
              -33.895081559
            ],
            [
              151.1591978,
              -33.894894063
            ],
            [
              151.1591086,
              -33.894342661
            ],
            [
              151.159099465,
              -33.894268188
            ],
            [
              151.15908299,
              -33.894172377
            ],
            [
              151.158968877,
              -33.893624725
            ],
            [
              151.158938289,
              -33.893433686
            ],
            [
              151.158884499,
              -33.893172176
            ],
            [
              151.15882242,
              -33.892912456
            ],
            [
              151.158762148,
              -33.892599186
            ],
            [
              151.158705945,
              -33.892188686
            ],
            [
              151.158704281,
              -33.8921766
            ],
            [
              151.158647929,
              -33.891764726
            ],
            [
              151.158604383,
              -33.891425533
            ],
            [
              151.158580073,
              -33.891249081
            ],
            [
              151.158538536,
              -33.890930226
            ],
            [
              151.158503176,
              -33.890675549
            ],
            [
              151.158456066,
              -33.890311101
            ],
            [
              151.158426633,
              -33.890095767
            ],
            [
              151.15840383,
              -33.889924065
            ],
            [
              151.158315231,
              -33.889359078
            ],
            [
              151.158301764,
              -33.889261308
            ],
            [
              151.158299551,
              -33.889176666
            ],
            [
              151.158232098,
              -33.888455146
            ],
            [
              151.158231313,
              -33.888426891
            ],
            [
              151.158229649,
              -33.888400678
            ],
            [
              151.158198308,
              -33.888093115
            ],
            [
              151.15815456,
              -33.887628981
            ],
            [
              151.158150338,
              -33.887592432
            ],
            [
              151.158141752,
              -33.887545214
            ],
            [
              151.158029397,
              -33.886899043
            ],
            [
              151.158003281,
              -33.886758015
            ],
            [
              151.157973095,
              -33.886569977
            ],
            [
              151.157915937,
              -33.886159311
            ],
            [
              151.157876459,
              -33.885923555
            ],
            [
              151.157838287,
              -33.885623037
            ],
            [
              151.157819954,
              -33.885405076
            ],
            [
              151.15777656,
              -33.885089138
            ],
            [
              151.157672241,
              -33.884693892
            ],
            [
              151.157658335,
              -33.88463838
            ],
            [
              151.15755894,
              -33.884254719
            ],
            [
              151.157514791,
              -33.883990917
            ],
            [
              151.157429809,
              -33.883613257
            ],
            [
              151.157394701,
              -33.883420302
            ],
            [
              151.157389128,
              -33.883261395
            ],
            [
              151.157356631,
              -33.882717704
            ],
            [
              151.157351859,
              -33.882585926
            ],
            [
              151.157362751,
              -33.88244915
            ],
            [
              151.157347478,
              -33.881875535
            ],
            [
              151.157359422,
              -33.881751594
            ],
            [
              151.157368917,
              -33.881609817
            ],
            [
              151.157360173,
              -33.881051622
            ],
            [
              151.157370563,
              -33.880917221
            ],
            [
              151.1573783,
              -33.880767774
            ],
            [
              151.157387747,
              -33.880240085
            ],
            [
              151.157396332,
              -33.880082888
            ],
            [
              151.157399392,
              -33.87991598
            ],
            [
              151.157390005,
              -33.879407462
            ],
            [
              151.157393065,
              -33.879248556
            ],
            [
              151.157423903,
              -33.879061394
            ],
            [
              151.157481259,
              -33.878649062
            ],
            [
              151.15752189,
              -33.878414224
            ],
            [
              151.157558453,
              -33.878115124
            ],
            [
              151.157558503,
              -33.877878993
            ],
            [
              151.157604356,
              -33.877579935
            ],
            [
              151.157693756,
              -33.877168187
            ],
            [
              151.157693756,
              -33.877157351
            ],
            [
              151.157833831,
              -33.876745646
            ],
            [
              151.157895055,
              -33.876490722
            ],
            [
              151.15799244,
              -33.876085184
            ],
            [
              151.158034176,
              -33.875911358
            ],
            [
              151.15811318,
              -33.875838219
            ],
            [
              151.158201023,
              -33.875776833
            ],
            [
              151.158286556,
              -33.875840096
            ],
            [
              151.158379673,
              -33.875911404
            ],
            [
              151.158513674,
              -33.876172165
            ],
            [
              151.158594035,
              -33.876418007
            ],
            [
              151.158888856,
              -33.876745825
            ],
            [
              151.159049928,
              -33.87687227
            ],
            [
              151.159201556,
              -33.876991253
            ],
            [
              151.159387641,
              -33.877425009
            ],
            [
              151.159462527,
              -33.877580207
            ],
            [
              151.159754486,
              -33.877953493
            ],
            [
              151.159924146,
              -33.878182873
            ],
            [
              151.160097874,
              -33.87841463
            ],
            [
              151.160137954,
              -33.8784681
            ],
            [
              151.160202092,
              -33.87853053
            ],
            [
              151.160496059,
              -33.879003877
            ],
            [
              151.16063895,
              -33.879249053
            ],
            [
              151.160783548,
              -33.879598541
            ],
            [
              151.160889173,
              -33.879822045
            ],
            [
              151.161005544,
              -33.880083431
            ],
            [
              151.161046779,
              -33.880213374
            ],
            [
              151.161202577,
              -33.88057649
            ],
            [
              151.161281181,
              -33.880852254
            ],
            [
              151.161303732,
              -33.880917852
            ],
            [
              151.1613526,
              -33.881043002
            ],
            [
              151.161527687,
              -33.881481048
            ],
            [
              151.1616313,
              -33.881752229
            ],
            [
              151.161776553,
              -33.882107885
            ],
            [
              151.161869519,
              -33.882308509
            ],
            [
              151.161991165,
              -33.882586649
            ],
            [
              151.162052288,
              -33.882712342
            ],
            [
              151.162203015,
              -33.883041784
            ],
            [
              151.162339427,
              -33.88342107
            ],
            [
              151.162407181,
              -33.883591354
            ],
            [
              151.162563331,
              -33.883955012
            ],
            [
              151.162673826,
              -33.884255489
            ],
            [
              151.162776136,
              -33.884611894
            ],
            [
              151.162838516,
              -33.884785555
            ],
            [
              151.162934797,
              -33.885089909
            ],
            [
              151.162986931,
              -33.885270529
            ],
            [
              151.163203453,
              -33.885896572
            ],
            [
              151.163211787,
              -33.885924369
            ],
            [
              151.163215256,
              -33.885934202
            ],
            [
              151.163428713,
              -33.886570915
            ],
            [
              151.163496669,
              -33.886758787
            ],
            [
              151.163685967,
              -33.887161244
            ],
            [
              151.163696311,
              -33.887182206
            ],
            [
              151.163878628,
              -33.887593248
            ],
            [
              151.163962907,
              -33.887794331
            ],
            [
              151.164204038,
              -33.888387994
            ],
            [
              151.164215841,
              -33.888417875
            ],
            [
              151.16421931,
              -33.888427708
            ],
            [
              151.16422664,
              -33.888446587
            ],
            [
              151.164477666,
              -33.889033998
            ],
            [
              151.164558378,
              -33.889262169
            ],
            [
              151.164687708,
              -33.889665585
            ],
            [
              151.164694897,
              -33.889687298
            ],
            [
              151.164823424,
              -33.890096672
            ],
            [
              151.16489841,
              -33.890352015
            ],
            [
              151.165024326,
              -33.890780769
            ],
            [
              151.165068474,
              -33.890931132
            ],
            [
              151.165096149,
              -33.891021567
            ],
            [
              151.165204585,
              -33.891436859
            ],
            [
              151.165278668,
              -33.891703789
            ],
            [
              151.165294285,
              -33.891765592
            ],
            [
              151.165324419,
              -33.891865571
            ],
            [
              151.165481173,
              -33.892369423
            ],
            [
              151.165549378,
              -33.892600095
            ],
            [
              151.165683732,
              -33.892999718
            ],
            [
              151.165693526,
              -33.893026807
            ],
            [
              151.165822755,
              -33.893434597
            ],
            [
              151.165922654,
              -33.893670229
            ],
            [
              151.166116222,
              -33.894194919
            ],
            [
              151.166145654,
              -33.894269101
            ],
            [
              151.166160016,
              -33.894306776
            ],
            [
              151.166205167,
              -33.89444297
            ],
            [
              151.166393915,
              -33.894946238
            ],
            [
              151.16644434,
              -33.895103603
            ],
            [
              151.166527413,
              -33.895372367
            ],
            [
              151.166603556,
              -33.895605956
            ],
            [
              151.166702499,
              -33.895938148
            ],
            [
              151.166797727,
              -33.896278509
            ],
            [
              151.166850414,
              -33.896476215
            ],
            [
              151.166931878,
              -33.89677265
            ],
            [
              151.166985118,
              -33.89695677
            ],
            [
              151.167159149,
              -33.897568228
            ],
            [
              151.167170355,
              -33.897607194
            ],
            [
              151.167178595,
              -33.897629907
            ],
            [
              151.167205868,
              -33.897716049
            ],
            [
              151.167404057,
              -33.898276455
            ],
            [
              151.167452977,
              -33.898441738
            ],
            [
              151.167528667,
              -33.89871096
            ],
            [
              151.167599333,
              -33.898948132
            ],
            [
              151.167688333,
              -33.899276283
            ],
            [
              151.167783962,
              -33.899628729
            ],
            [
              151.167914699,
              -33.900110826
            ],
            [
              151.167971957,
              -33.90030649
            ],
            [
              151.168123838,
              -33.900876397
            ],
            [
              151.168143326,
              -33.900945411
            ],
            [
              151.168156541,
              -33.900987128
            ],
            [
              151.168206615,
              -33.901154036
            ],
            [
              151.168381802,
              -33.901633885
            ],
            [
              151.168428259,
              -33.901779997
            ],
            [
              151.168513794,
              -33.902036175
            ],
            [
              151.168602894,
              -33.902284058
            ],
            [
              151.16870701,
              -33.902614583
            ],
            [
              151.168817959,
              -33.902939358
            ],
            [
              151.168890081,
              -33.903184532
            ],
            [
              151.168975114,
              -33.903449169
            ],
            [
              151.169025038,
              -33.903601242
            ],
            [
              151.169207456,
              -33.904206114
            ],
            [
              151.16923051,
              -33.9042645
            ],
            [
              151.169237086,
              -33.904283755
            ],
            [
              151.169249345,
              -33.90431872
            ],
            [
              151.169469231,
              -33.904900047
            ],
            [
              151.169541102,
              -33.905118342
            ],
            [
              151.16968078,
              -33.905513047
            ],
            [
              151.169693791,
              -33.905547386
            ],
            [
              151.169828897,
              -33.905952965
            ],
            [
              151.169911418,
              -33.906200556
            ],
            [
              151.170046473,
              -33.906652604
            ],
            [
              151.170089517,
              -33.906787593
            ],
            [
              151.170115785,
              -33.906864732
            ],
            [
              151.170208349,
              -33.907156381
            ],
            [
              151.170356665,
              -33.907498537
            ],
            [
              151.170403677,
              -33.907622222
            ],
            [
              151.170499556,
              -33.907864981
            ],
            [
              151.170607591,
              -33.908123955
            ],
            [
              151.170731948,
              -33.908456851
            ],
            [
              151.170853694,
              -33.908753411
            ],
            [
              151.170976295,
              -33.909097194
            ],
            [
              151.17105093,
              -33.90929148
            ],
            [
              151.171090004,
              -33.909391006
            ],
            [
              151.17120934,
              -33.909718523
            ],
            [
              151.171352883,
              -33.9100065
            ],
            [
              151.171404013,
              -33.910126148
            ],
            [
              151.171514055,
              -33.91038016
            ],
            [
              151.171622693,
              -33.91061616
            ],
            [
              151.171761666,
              -33.910960816
            ],
            [
              151.171877788,
              -33.911238128
            ],
            [
              151.172028413,
              -33.911643708
            ],
            [
              151.172118618,
              -33.91187205
            ],
            [
              151.172210429,
              -33.912143227
            ],
            [
              151.172372808,
              -33.91249476
            ],
            [
              151.172427151,
              -33.912630114
            ],
            [
              151.172557938,
              -33.912919849
            ],
            [
              151.172645128,
              -33.913102427
            ],
            [
              151.172797664,
              -33.913464834
            ],
            [
              151.172910569,
              -33.913715799
            ],
            [
              151.173101877,
              -33.914208025
            ],
            [
              151.173140048,
              -33.914299502
            ],
            [
              151.173159235,
              -33.914343131
            ],
            [
              151.17321157,
              -33.914475243
            ],
            [
              151.173466161,
              -33.914922004
            ],
            [
              151.173569172,
              -33.915134211
            ],
            [
              151.173765954,
              -33.915506712
            ],
            [
              151.173830545,
              -33.915650232
            ],
            [
              151.173984233,
              -33.915968932
            ],
            [
              151.174052892,
              -33.916102202
            ],
            [
              151.174212808,
              -33.916455819
            ],
            [
              151.174373429,
              -33.916669693
            ],
            [
              151.174455044,
              -33.916803641
            ],
            [
              151.174728922,
              -33.91720805
            ],
            [
              151.174753985,
              -33.917254818
            ],
            [
              151.174977637,
              -33.91763835
            ],
            [
              151.175061412,
              -33.91776563
            ],
            [
              151.175214047,
              -33.918043775
            ],
            [
              151.175475268,
              -33.918255319
            ],
            [
              151.175664666,
              -33.918473075
            ],
            [
              151.175909397,
              -33.918728443
            ]
          ],
          [
            [
              151.213269842,
              -33.932036437
            ],
            [
              151.212949407,
              -33.932092317
            ],
            [
              151.212468603,
              -33.931825303
            ],
            [
              151.213147945,
              -33.931723624
            ],
            [
              151.213269691,
              -33.931699532
            ],
            [
              151.21338581,
              -33.93172825
            ],
            [
              151.21357787,
              -33.931824978
            ],
            [
              151.213399874,
              -33.931933462
            ],
            [
              151.213269842,
              -33.932036437
            ]
          ]
        ]
      }
    },
    {
      "type": "Feature",
      "properties": {
        "anef": 30,
        "source_paths": [
          "cont30",
          "cont30.1"
        ],
        "source_vertex_count_excluding_closure": 1012,
        "coordinate_reference_system": "EPSG:4326",
        "source": "ANEF2045 contours.svg matched to the endorsed PDF vector contours"
      },
      "geometry": {
        "type": "MultiLineString",
        "coordinates": [
          [
            [
              151.165203187,
              -33.901510002
            ],
            [
              151.165279629,
              -33.901716251
            ],
            [
              151.165310065,
              -33.901780015
            ],
            [
              151.16534899,
              -33.90190158
            ],
            [
              151.165444872,
              -33.902412976
            ],
            [
              151.165532363,
              -33.902614601
            ],
            [
              151.165675254,
              -33.903008263
            ],
            [
              151.165685001,
              -33.903047354
            ],
            [
              151.165876109,
              -33.903449187
            ],
            [
              151.166004885,
              -33.903615221
            ],
            [
              151.166204028,
              -33.903786633
            ],
            [
              151.166339083,
              -33.904171169
            ],
            [
              151.166382528,
              -33.904283817
            ],
            [
              151.16645646,
              -33.90449436
            ],
            [
              151.166541543,
              -33.904836929
            ],
            [
              151.166667808,
              -33.905118445
            ],
            [
              151.16683787,
              -33.905424466
            ],
            [
              151.167091859,
              -33.905858811
            ],
            [
              151.167146002,
              -33.905953076
            ],
            [
              151.1671579,
              -33.905992251
            ],
            [
              151.167204911,
              -33.906072307
            ],
            [
              151.167373015,
              -33.906647466
            ],
            [
              151.167417213,
              -33.906787704
            ],
            [
              151.167489888,
              -33.907025371
            ],
            [
              151.167575875,
              -33.907312931
            ],
            [
              151.167671955,
              -33.907622332
            ],
            [
              151.167789383,
              -33.907969528
            ],
            [
              151.167866982,
              -33.908174441
            ],
            [
              151.167967733,
              -33.908456961
            ],
            [
              151.168024889,
              -33.908607774
            ],
            [
              151.1682058,
              -33.908981603
            ],
            [
              151.168295955,
              -33.909216405
            ],
            [
              151.16832147,
              -33.909291629
            ],
            [
              151.168358887,
              -33.909419273
            ],
            [
              151.168493793,
              -33.909886077
            ],
            [
              151.168564861,
              -33.910126257
            ],
            [
              151.168711419,
              -33.910539261
            ],
            [
              151.168715532,
              -33.910551373
            ],
            [
              151.168858372,
              -33.910960951
            ],
            [
              151.168920702,
              -33.911199412
            ],
            [
              151.169066707,
              -33.911678888
            ],
            [
              151.169099103,
              -33.911795618
            ],
            [
              151.169128937,
              -33.911860462
            ],
            [
              151.169206686,
              -33.912051583
            ],
            [
              151.169385236,
              -33.912481427
            ],
            [
              151.169436014,
              -33.912630286
            ],
            [
              151.169526068,
              -33.912896592
            ],
            [
              151.169610396,
              -33.913128346
            ],
            [
              151.169717577,
              -33.913465006
            ],
            [
              151.169826667,
              -33.91378269
            ],
            [
              151.169904214,
              -33.914046612
            ],
            [
              151.16998568,
              -33.914299673
            ],
            [
              151.170035052,
              -33.914443609
            ],
            [
              151.170207726,
              -33.915020566
            ],
            [
              151.170241578,
              -33.915106118
            ],
            [
              151.170251216,
              -33.915134379
            ],
            [
              151.170270452,
              -33.915186721
            ],
            [
              151.170491242,
              -33.91573267
            ],
            [
              151.170570899,
              -33.915969086
            ],
            [
              151.170718462,
              -33.916377922
            ],
            [
              151.17072474,
              -33.916400219
            ],
            [
              151.17085638,
              -33.916803806
            ],
            [
              151.170933476,
              -33.917033346
            ],
            [
              151.171068632,
              -33.917521652
            ],
            [
              151.171104946,
              -33.917638512
            ],
            [
              151.171126693,
              -33.917706938
            ],
            [
              151.171208761,
              -33.918015466
            ],
            [
              151.17134884,
              -33.918356449
            ],
            [
              151.171392737,
              -33.918473271
            ],
            [
              151.171490123,
              -33.918707813
            ],
            [
              151.171608455,
              -33.918974744
            ],
            [
              151.171737031,
              -33.919307978
            ],
            [
              151.171855513,
              -33.919603535
            ],
            [
              151.171976003,
              -33.919947696
            ],
            [
              151.172049382,
              -33.920142737
            ],
            [
              151.172089463,
              -33.920243214
            ],
            [
              151.172209952,
              -33.920607991
            ],
            [
              151.172334259,
              -33.920873842
            ],
            [
              151.172377855,
              -33.920977483
            ],
            [
              151.172469868,
              -33.921194196
            ],
            [
              151.1725998,
              -33.921487213
            ],
            [
              151.172731291,
              -33.921812243
            ],
            [
              151.17285153,
              -33.922112085
            ],
            [
              151.172972222,
              -33.92244778
            ],
            [
              151.173048011,
              -33.922647028
            ],
            [
              151.173089196,
              -33.922748716
            ],
            [
              151.173211192,
              -33.923079294
            ],
            [
              151.173356143,
              -33.923360929
            ],
            [
              151.173420732,
              -33.923481788
            ],
            [
              151.173654379,
              -33.923851281
            ],
            [
              151.173693103,
              -33.923914797
            ],
            [
              151.173968438,
              -33.924316589
            ],
            [
              151.174075217,
              -33.924431028
            ],
            [
              151.174212531,
              -33.924547134
            ],
            [
              151.17463412,
              -33.924799899
            ],
            [
              151.175048928,
              -33.925013907
            ],
            [
              151.175213866,
              -33.925101883
            ],
            [
              151.175250078,
              -33.925121223
            ],
            [
              151.175299349,
              -33.925151386
            ],
            [
              151.175862672,
              -33.925445373
            ],
            [
              151.176215253,
              -33.925725812
            ],
            [
              151.17636658,
              -33.925860047
            ],
            [
              151.176465625,
              -33.925986194
            ],
            [
              151.176726796,
              -33.926394615
            ],
            [
              151.176739807,
              -33.926423488
            ],
            [
              151.176946837,
              -33.926821034
            ],
            [
              151.177022023,
              -33.926983321
            ],
            [
              151.177216696,
              -33.927447116
            ],
            [
              151.17729786,
              -33.927588149
            ],
            [
              151.177332215,
              -33.927655833
            ],
            [
              151.177460941,
              -33.927859418
            ],
            [
              151.177645568,
              -33.928133135
            ],
            [
              151.177840092,
              -33.928490633
            ],
            [
              151.17792909,
              -33.928731556
            ],
            [
              151.178073236,
              -33.92920465
            ],
            [
              151.178114321,
              -33.92932547
            ],
            [
              151.178133256,
              -33.929396227
            ],
            [
              151.178218138,
              -33.929719667
            ],
            [
              151.178343751,
              -33.930055571
            ],
            [
              151.178378055,
              -33.930160293
            ],
            [
              151.178424966,
              -33.930332673
            ],
            [
              151.178540986,
              -33.930725998
            ],
            [
              151.178610749,
              -33.93099513
            ],
            [
              151.178699247,
              -33.931396138
            ],
            [
              151.17870518,
              -33.931423969
            ],
            [
              151.178796238,
              -33.931829965
            ],
            [
              151.178879261,
              -33.932113696
            ],
            [
              151.178971876,
              -33.932458222
            ],
            [
              151.17903044,
              -33.932664801
            ],
            [
              151.179066602,
              -33.932792419
            ],
            [
              151.179219689,
              -33.933380407
            ],
            [
              151.179270417,
              -33.933499638
            ],
            [
              151.179309743,
              -33.933574745
            ],
            [
              151.179573677,
              -33.934039466
            ],
            [
              151.179709335,
              -33.934334515
            ],
            [
              151.179849714,
              -33.934644255
            ],
            [
              151.179978944,
              -33.934967396
            ],
            [
              151.180064778,
              -33.935169405
            ],
            [
              151.180111588,
              -33.935260792
            ],
            [
              151.180221281,
              -33.935490502
            ],
            [
              151.180535488,
              -33.935742354
            ],
            [
              151.180822223,
              -33.936004235
            ],
            [
              151.181040702,
              -33.936156065
            ],
            [
              151.181222817,
              -33.936288465
            ],
            [
              151.181475147,
              -33.936214624
            ],
            [
              151.182066192,
              -33.936004211
            ],
            [
              151.182161068,
              -33.935951493
            ],
            [
              151.182224301,
              -33.935895323
            ],
            [
              151.182374923,
              -33.935294915
            ],
            [
              151.182396972,
              -33.935169342
            ],
            [
              151.182410579,
              -33.935014024
            ],
            [
              151.182467935,
              -33.934537637
            ],
            [
              151.18248476,
              -33.934334471
            ],
            [
              151.182492387,
              -33.934110883
            ],
            [
              151.182506951,
              -33.933735311
            ],
            [
              151.182514893,
              -33.933499598
            ],
            [
              151.182523383,
              -33.933250172
            ],
            [
              151.182532878,
              -33.93292211
            ],
            [
              151.182541666,
              -33.932664765
            ],
            [
              151.182560801,
              -33.932384044
            ],
            [
              151.182541866,
              -33.932094817
            ],
            [
              151.182564767,
              -33.931829893
            ],
            [
              151.182647739,
              -33.931476696
            ],
            [
              151.182654927,
              -33.93135421
            ],
            [
              151.182777072,
              -33.930995062
            ],
            [
              151.182796307,
              -33.930637281
            ],
            [
              151.182814137,
              -33.930503086
            ],
            [
              151.182835029,
              -33.93016023
            ],
            [
              151.182952805,
              -33.929932971
            ],
            [
              151.183225375,
              -33.929595456
            ],
            [
              151.183490162,
              -33.929939489
            ],
            [
              151.183816073,
              -33.93016015
            ],
            [
              151.18397845,
              -33.930367278
            ],
            [
              151.184226913,
              -33.93046372
            ],
            [
              151.184416412,
              -33.930837042
            ],
            [
              151.1845253,
              -33.930994953
            ],
            [
              151.184778836,
              -33.931369786
            ],
            [
              151.184970043,
              -33.931614331
            ],
            [
              151.185133125,
              -33.931829794
            ],
            [
              151.18516803,
              -33.931880182
            ],
            [
              151.185228502,
              -33.931958194
            ],
            [
              151.185546729,
              -33.932399369
            ],
            [
              151.185746976,
              -33.932664595
            ],
            [
              151.185946922,
              -33.932900649
            ],
            [
              151.186230141,
              -33.933275808
            ],
            [
              151.186390811,
              -33.93336549
            ],
            [
              151.186625512,
              -33.9334994
            ],
            [
              151.1870025,
              -33.933690434
            ],
            [
              151.187231677,
              -33.933814134
            ],
            [
              151.187716649,
              -33.933903572
            ],
            [
              151.187742967,
              -33.933908001
            ],
            [
              151.188233213,
              -33.934003117
            ],
            [
              151.188584887,
              -33.934040994
            ],
            [
              151.188903766,
              -33.934058254
            ],
            [
              151.189234697,
              -33.934090061
            ],
            [
              151.189475576,
              -33.934133276
            ],
            [
              151.190172296,
              -33.934280685
            ],
            [
              151.190236231,
              -33.934292927
            ],
            [
              151.190267572,
              -33.934307931
            ],
            [
              151.19030956,
              -33.934334018
            ],
            [
              151.190955855,
              -33.934568944
            ],
            [
              151.191237818,
              -33.934711606
            ],
            [
              151.191537009,
              -33.934919361
            ],
            [
              151.191821081,
              -33.935168752
            ],
            [
              151.192096665,
              -33.935287725
            ],
            [
              151.192239454,
              -33.935341957
            ],
            [
              151.192511473,
              -33.935395421
            ],
            [
              151.192855314,
              -33.935490159
            ],
            [
              151.19324099,
              -33.935549173
            ],
            [
              151.193693115,
              -33.935545401
            ],
            [
              151.193774729,
              -33.935558452
            ],
            [
              151.194242524,
              -33.935555853
            ],
            [
              151.194689024,
              -33.935540569
            ],
            [
              151.194791985,
              -33.935545128
            ],
            [
              151.195244009,
              -33.93553224
            ],
            [
              151.195692869,
              -33.935542404
            ],
            [
              151.195801103,
              -33.935538628
            ],
            [
              151.196245543,
              -33.935550225
            ],
            [
              151.196703896,
              -33.935550152
            ],
            [
              151.196821825,
              -33.935522518
            ],
            [
              151.197247079,
              -33.935522445
            ],
            [
              151.197683282,
              -33.93563918
            ],
            [
              151.19782346,
              -33.936002746
            ],
            [
              151.197440949,
              -33.936164324
            ],
            [
              151.197247231,
              -33.936225037
            ],
            [
              151.196884004,
              -33.936305714
            ],
            [
              151.196654376,
              -33.936343596
            ],
            [
              151.196245747,
              -33.93645295
            ],
            [
              151.195896183,
              -33.936546506
            ],
            [
              151.19538404,
              -33.936838019
            ],
            [
              151.195314279,
              -33.936896311
            ],
            [
              151.195244315,
              -33.936944615
            ],
            [
              151.194815546,
              -33.93731548
            ],
            [
              151.194397827,
              -33.937673049
            ],
            [
              151.19439246,
              -33.937797645
            ],
            [
              151.194435504,
              -33.938347511
            ],
            [
              151.194429823,
              -33.938507961
            ],
            [
              151.19442375,
              -33.938658486
            ],
            [
              151.194404364,
              -33.93920856
            ],
            [
              151.194398997,
              -33.939342872
            ],
            [
              151.194374939,
              -33.939452608
            ],
            [
              151.194243401,
              -33.939841137
            ],
            [
              151.19418037,
              -33.940125231
            ],
            [
              151.194154354,
              -33.940177793
            ],
            [
              151.194089865,
              -33.940305892
            ],
            [
              151.193925933,
              -33.940747986
            ],
            [
              151.193729755,
              -33.941012778
            ],
            [
              151.193604544,
              -33.941314961
            ],
            [
              151.193292901,
              -33.941805514
            ],
            [
              151.193269848,
              -33.941847775
            ],
            [
              151.193266489,
              -33.941868027
            ],
            [
              151.193242231,
              -33.941952171
            ],
            [
              151.193079304,
              -33.942546836
            ],
            [
              151.193016221,
              -33.942682775
            ],
            [
              151.193014417,
              -33.942872814
            ],
            [
              151.193038627,
              -33.943347743
            ],
            [
              151.193036869,
              -33.943517726
            ],
            [
              151.193075644,
              -33.943656843
            ],
            [
              151.193242643,
              -33.944179909
            ],
            [
              151.193285736,
              -33.944316722
            ],
            [
              151.193297335,
              -33.944352654
            ],
            [
              151.193330434,
              -33.944425794
            ],
            [
              151.193565085,
              -33.944918893
            ],
            [
              151.193679448,
              -33.94518757
            ],
            [
              151.193838963,
              -33.945525636
            ],
            [
              151.193922237,
              -33.945753809
            ],
            [
              151.194033737,
              -33.946022486
            ],
            [
              151.194084414,
              -33.946156107
            ],
            [
              151.194244784,
              -33.946690464
            ],
            [
              151.19428627,
              -33.946822862
            ],
            [
              151.19429597,
              -33.946857452
            ],
            [
              151.194314955,
              -33.946915928
            ],
            [
              151.19450104,
              -33.94747895
            ],
            [
              151.194569246,
              -33.947692419
            ],
            [
              151.194727154,
              -33.948094288
            ],
            [
              151.194736948,
              -33.948117379
            ],
            [
              151.194886217,
              -33.948527374
            ],
            [
              151.194953721,
              -33.948771761
            ],
            [
              151.195058894,
              -33.949205588
            ],
            [
              151.19510028,
              -33.949362379
            ],
            [
              151.195123483,
              -33.949465317
            ],
            [
              151.195247139,
              -33.950073647
            ],
            [
              151.195270243,
              -33.950178122
            ],
            [
              151.195274104,
              -33.950197384
            ],
            [
              151.195278468,
              -33.95022347
            ],
            [
              151.195402776,
              -33.950902765
            ],
            [
              151.195424122,
              -33.951032375
            ],
            [
              151.195453052,
              -33.95120383
            ],
            [
              151.195524624,
              -33.951636329
            ],
            [
              151.195563849,
              -33.95186738
            ],
            [
              151.195620354,
              -33.952178069
            ],
            [
              151.19565511,
              -33.95236273
            ],
            [
              151.195716034,
              -33.952702423
            ],
            [
              151.195766309,
              -33.953105215
            ],
            [
              151.195769229,
              -33.953137058
            ],
            [
              151.195816793,
              -33.953537427
            ],
            [
              151.195865463,
              -33.953857741
            ],
            [
              151.19590258,
              -33.954083075
            ],
            [
              151.195947432,
              -33.954372471
            ],
            [
              151.195989268,
              -33.954589716
            ],
            [
              151.196060138,
              -33.955049304
            ],
            [
              151.196089018,
              -33.955207514
            ],
            [
              151.196109158,
              -33.955324947
            ],
            [
              151.19621634,
              -33.956014375
            ],
            [
              151.196221064,
              -33.956042597
            ],
            [
              151.196225082,
              -33.956063512
            ],
            [
              151.196250245,
              -33.956216591
            ],
            [
              151.196355218,
              -33.956790239
            ],
            [
              151.196370082,
              -33.95687764
            ],
            [
              151.196392432,
              -33.956996037
            ],
            [
              151.196492883,
              -33.957510676
            ],
            [
              151.196530552,
              -33.957712723
            ],
            [
              151.196593435,
              -33.957998486
            ],
            [
              151.196644163,
              -33.958219782
            ],
            [
              151.19671498,
              -33.958547767
            ],
            [
              151.196808501,
              -33.958918001
            ],
            [
              151.196836828,
              -33.959036241
            ],
            [
              151.196922813,
              -33.95938285
            ],
            [
              151.196987856,
              -33.959603691
            ],
            [
              151.197123916,
              -33.960110411
            ],
            [
              151.197154503,
              -33.960217934
            ],
            [
              151.197175347,
              -33.960282609
            ],
            [
              151.197252996,
              -33.960548081
            ],
            [
              151.197383983,
              -33.96094392
            ],
            [
              151.197419041,
              -33.961053018
            ],
            [
              151.1974878,
              -33.961248606
            ],
            [
              151.197609997,
              -33.961590709
            ],
            [
              151.197713261,
              -33.961888102
            ],
            [
              151.197837016,
              -33.962236756
            ],
            [
              151.197901204,
              -33.962428047
            ],
            [
              151.198003362,
              -33.9627232
            ],
            [
              151.198061674,
              -33.962884731
            ],
            [
              151.198255543,
              -33.963436501
            ],
            [
              151.198290902,
              -33.963528851
            ],
            [
              151.198301701,
              -33.963558323
            ],
            [
              151.198323348,
              -33.963614794
            ],
            [
              151.198534143,
              -33.964161315
            ],
            [
              151.19862249,
              -33.964393408
            ],
            [
              151.198774271,
              -33.96479641
            ],
            [
              151.198789589,
              -33.964838293
            ],
            [
              151.19893469,
              -33.965228532
            ],
            [
              151.199006161,
              -33.965438367
            ],
            [
              151.199188328,
              -33.966005531
            ],
            [
              151.199207665,
              -33.966063668
            ],
            [
              151.199218416,
              -33.966096748
            ],
            [
              151.199258145,
              -33.966222738
            ],
            [
              151.199437549,
              -33.966749346
            ],
            [
              151.199486921,
              -33.966898791
            ],
            [
              151.199570847,
              -33.967159302
            ],
            [
              151.199652916,
              -33.967405056
            ],
            [
              151.199756178,
              -33.967733914
            ],
            [
              151.199855525,
              -33.968071485
            ],
            [
              151.199911326,
              -33.968277987
            ],
            [
              151.199994347,
              -33.968569089
            ],
            [
              151.200037441,
              -33.96875517
            ],
            [
              151.200161047,
              -33.969321069
            ],
            [
              151.200179982,
              -33.969404251
            ],
            [
              151.200188725,
              -33.969464393
            ],
            [
              151.200261049,
              -33.970007462
            ],
            [
              151.200291637,
              -33.970214002
            ],
            [
              151.2002952,
              -33.970239463
            ],
            [
              151.200298622,
              -33.970270719
            ],
            [
              151.200374364,
              -33.970980411
            ],
            [
              151.200384864,
              -33.971074636
            ],
            [
              151.200402795,
              -33.971192577
            ],
            [
              151.200482101,
              -33.971725969
            ],
            [
              151.200510328,
              -33.971909849
            ],
            [
              151.200521127,
              -33.972126182
            ],
            [
              151.200528003,
              -33.972523126
            ],
            [
              151.200539712,
              -33.972745086
            ],
            [
              151.200515655,
              -33.972956679
            ],
            [
              151.200425954,
              -33.973443692
            ],
            [
              151.200408628,
              -33.973580335
            ],
            [
              151.200393216,
              -33.973689693
            ],
            [
              151.20026223,
              -33.974371668
            ],
            [
              151.200254948,
              -33.974409592
            ],
            [
              151.200253535,
              -33.974415583
            ],
            [
              151.200252907,
              -33.974423397
            ],
            [
              151.200196256,
              -33.975195678
            ],
            [
              151.200191531,
              -33.975250898
            ],
            [
              151.200193384,
              -33.975308488
            ],
            [
              151.20022558,
              -33.976055217
            ],
            [
              151.200226522,
              -33.976086148
            ],
            [
              151.200228374,
              -33.976114696
            ],
            [
              151.20026273,
              -33.976503774
            ],
            [
              151.200297888,
              -33.976892227
            ],
            [
              151.200301404,
              -33.976921438
            ],
            [
              151.200308185,
              -33.976959155
            ],
            [
              151.200405574,
              -33.977637915
            ],
            [
              151.200428375,
              -33.97775669
            ],
            [
              151.200468706,
              -33.977928015
            ],
            [
              151.200550876,
              -33.978352179
            ],
            [
              151.200612352,
              -33.978591942
            ],
            [
              151.200710392,
              -33.978964507
            ],
            [
              151.200726715,
              -33.979041034
            ],
            [
              151.200839723,
              -33.979427195
            ],
            [
              151.200912599,
              -33.979721502
            ],
            [
              151.201026762,
              -33.98006324
            ],
            [
              151.20108236,
              -33.980262488
            ],
            [
              151.201105063,
              -33.980396513
            ],
            [
              151.201266036,
              -33.980986376
            ],
            [
              151.201290798,
              -33.981077111
            ],
            [
              151.201298379,
              -33.98109774
            ],
            [
              151.201303197,
              -33.981128697
            ],
            [
              151.201349808,
              -33.981863432
            ],
            [
              151.201362663,
              -33.981933069
            ],
            [
              151.201356589,
              -33.982008332
            ],
            [
              151.201266438,
              -33.982455168
            ],
            [
              151.201216414,
              -33.982726643
            ],
            [
              151.201205161,
              -33.982768396
            ],
            [
              151.201153078,
              -33.982862998
            ],
            [
              151.200911346,
              -33.983307592
            ],
            [
              151.200744852,
              -33.983603849
            ],
            [
              151.200568011,
              -33.983856698
            ],
            [
              151.200264855,
              -33.984342915
            ],
            [
              151.200241249,
              -33.984419545
            ],
            [
              151.200237577,
              -33.984439301
            ],
            [
              151.20023326,
              -33.984465687
            ],
            [
              151.200075858,
              -33.985116939
            ],
            [
              151.200053759,
              -33.985274679
            ],
            [
              151.200033921,
              -33.985467466
            ],
            [
              151.1999733,
              -33.985866623
            ],
            [
              151.1999504,
              -33.986110046
            ],
            [
              151.199924937,
              -33.986393893
            ],
            [
              151.199901683,
              -33.986642199
            ],
            [
              151.199874663,
              -33.986945425
            ],
            [
              151.199840059,
              -33.98730025
            ],
            [
              151.199831819,
              -33.987419142
            ],
            [
              151.199794653,
              -33.987780844
            ],
            [
              151.199747846,
              -33.988184338
            ],
            [
              151.199740564,
              -33.988218798
            ],
            [
              151.199687226,
              -33.988616249
            ],
            [
              151.19963459,
              -33.988925192
            ],
            [
              151.199539163,
              -33.989222374
            ],
            [
              151.199490397,
              -33.989451705
            ],
            [
              151.199450418,
              -33.989606945
            ],
            [
              151.199264236,
              -33.989967681
            ],
            [
              151.199009092,
              -33.989664412
            ],
            [
              151.19866284,
              -33.989451825
            ],
            [
              151.19843954,
              -33.989303797
            ],
            [
              151.198261895,
              -33.98925695
            ],
            [
              151.198042812,
              -33.988799066
            ],
            [
              151.197939399,
              -33.988616527
            ],
            [
              151.197723532,
              -33.988229778
            ],
            [
              151.19762062,
              -33.988082247
            ],
            [
              151.197423687,
              -33.987781232
            ],
            [
              151.197367435,
              -33.987691174
            ],
            [
              151.197259351,
              -33.987564271
            ],
            [
              151.197052323,
              -33.987118422
            ],
            [
              151.196970757,
              -33.986945937
            ],
            [
              151.196777088,
              -33.986544094
            ],
            [
              151.196766337,
              -33.986521342
            ],
            [
              151.196563277,
              -33.986110591
            ],
            [
              151.196473875,
              -33.985929719
            ],
            [
              151.196256802,
              -33.985537553
            ],
            [
              151.196156704,
              -33.985358686
            ],
            [
              151.19611356,
              -33.985275296
            ],
            [
              151.196001407,
              -33.985062504
            ],
            [
              151.195848622,
              -33.984780074
            ],
            [
              151.195676651,
              -33.984440002
            ],
            [
              151.19554933,
              -33.984194155
            ],
            [
              151.195270983,
              -33.98361863
            ],
            [
              151.195261189,
              -33.983598912
            ],
            [
              151.195254251,
              -33.983583831
            ],
            [
              151.19491056,
              -33.983055801
            ],
            [
              151.194739845,
              -33.982769451
            ],
            [
              151.194578623,
              -33.982497141
            ],
            [
              151.19430816,
              -33.981981081
            ],
            [
              151.194282394,
              -33.981934157
            ],
            [
              151.194272647,
              -33.981916809
            ],
            [
              151.194251854,
              -33.981874469
            ],
            [
              151.193892896,
              -33.981398039
            ],
            [
              151.19352565,
              -33.980868811
            ],
            [
              151.193249512,
              -33.98043601
            ],
            [
              151.193163476,
              -33.980335324
            ],
            [
              151.193107878,
              -33.980263642
            ],
            [
              151.192854693,
              -33.979934652
            ],
            [
              151.192770967,
              -33.979827168
            ],
            [
              151.192476899,
              -33.979428423
            ],
            [
              151.192390412,
              -33.979309101
            ],
            [
              151.192247219,
              -33.979100319
            ],
            [
              151.191992931,
              -33.978805125
            ],
            [
              151.191826534,
              -33.978593204
            ],
            [
              151.191593891,
              -33.9783024
            ],
            [
              151.191244978,
              -33.977838302
            ],
            [
              151.191200027,
              -33.977795415
            ],
            [
              151.191165421,
              -33.977757946
            ],
            [
              151.190789437,
              -33.977378332
            ],
            [
              151.190748102,
              -33.977336865
            ],
            [
              151.190362474,
              -33.976922778
            ],
            [
              151.190304715,
              -33.976871178
            ],
            [
              151.190242787,
              -33.976816713
            ],
            [
              151.189861078,
              -33.97660462
            ],
            [
              151.189715928,
              -33.976526725
            ],
            [
              151.189240699,
              -33.976224248
            ],
            [
              151.189101978,
              -33.976203239
            ],
            [
              151.188739705,
              -33.976087625
            ],
            [
              151.1883589,
              -33.975987444
            ],
            [
              151.188238662,
              -33.975924265
            ],
            [
              151.188090849,
              -33.975964428
            ],
            [
              151.187904716,
              -33.976087706
            ],
            [
              151.187564695,
              -33.976361092
            ],
            [
              151.187284492,
              -33.976883267
            ],
            [
              151.18725727,
              -33.976923027
            ],
            [
              151.187251541,
              -33.976935269
            ],
            [
              151.187236819,
              -33.977027371
            ],
            [
              151.187188354,
              -33.977717799
            ],
            [
              151.187189923,
              -33.977758263
            ],
            [
              151.187193533,
              -33.977794443
            ],
            [
              151.187188058,
              -33.978552672
            ],
            [
              151.187191527,
              -33.978593553
            ],
            [
              151.187195843,
              -33.978627896
            ],
            [
              151.187231606,
              -33.97942418
            ],
            [
              151.187232548,
              -33.979432645
            ],
            [
              151.187237115,
              -33.979488529
            ],
            [
              151.187332947,
              -33.980184299
            ],
            [
              151.18733516,
              -33.980264146
            ],
            [
              151.187340984,
              -33.980350661
            ],
            [
              151.187429631,
              -33.980939117
            ],
            [
              151.187439018,
              -33.981099436
            ],
            [
              151.187458405,
              -33.981283758
            ],
            [
              151.187529726,
              -33.981691057
            ],
            [
              151.187552328,
              -33.981934766
            ],
            [
              151.187587335,
              -33.982226493
            ],
            [
              151.187624854,
              -33.982447125
            ],
            [
              151.187660213,
              -33.982770109
            ],
            [
              151.187708079,
              -33.983162351
            ],
            [
              151.187714954,
              -33.983207478
            ],
            [
              151.187760811,
              -33.983605438
            ],
            [
              151.187803853,
              -33.983968808
            ],
            [
              151.18781641,
              -33.984087869
            ],
            [
              151.187857345,
              -33.984440768
            ],
            [
              151.187890293,
              -33.984732117
            ],
            [
              151.187928967,
              -33.985016968
            ],
            [
              151.187959304,
              -33.985276149
            ],
            [
              151.187980701,
              -33.985492197
            ],
            [
              151.188053377,
              -33.985955952
            ],
            [
              151.188070253,
              -33.986111479
            ],
            [
              151.188080706,
              -33.986244306
            ],
            [
              151.188186282,
              -33.986902021
            ],
            [
              151.188190347,
              -33.986946861
            ],
            [
              151.188192262,
              -33.986986739
            ],
            [
              151.188240178,
              -33.9872986
            ],
            [
              151.188292462,
              -33.987738679
            ],
            [
              151.18829794,
              -33.987782229
            ],
            [
              151.188304171,
              -33.987835496
            ],
            [
              151.188365297,
              -33.988513422
            ],
            [
              151.188378011,
              -33.988617611
            ],
            [
              151.188390819,
              -33.988743053
            ],
            [
              151.188421659,
              -33.989301958
            ],
            [
              151.188438485,
              -33.989452979
            ],
            [
              151.188452501,
              -33.989629721
            ],
            [
              151.188459785,
              -33.990105653
            ],
            [
              151.188475957,
              -33.990288399
            ],
            [
              151.188486709,
              -33.99049361
            ],
            [
              151.188471642,
              -33.990931279
            ],
            [
              151.188483399,
              -33.991123818
            ],
            [
              151.188487261,
              -33.991329356
            ],
            [
              151.188444924,
              -33.991789072
            ],
            [
              151.188448785,
              -33.991959237
            ],
            [
              151.188443104,
              -33.992127853
            ],
            [
              151.188349536,
              -33.992704129
            ],
            [
              151.188345769,
              -33.992794695
            ],
            [
              151.188336823,
              -33.992874659
            ],
            [
              151.188240946,
              -33.993212397
            ],
            [
              151.187900571,
              -33.993078446
            ],
            [
              151.187579082,
              -33.993078442
            ],
            [
              151.187238707,
              -33.993009556
            ],
            [
              151.187162263,
              -33.992858444
            ],
            [
              151.187124546,
              -33.992794719
            ],
            [
              151.187021332,
              -33.9926136
            ],
            [
              151.186849161,
              -33.992283986
            ],
            [
              151.186634348,
              -33.991959333
            ],
            [
              151.186496579,
              -33.991742464
            ],
            [
              151.186236365,
              -33.991434806
            ],
            [
              151.186134859,
              -33.99120856
            ],
            [
              151.186096888,
              -33.991123959
            ],
            [
              151.186010451,
              -33.990935703
            ],
            [
              151.185859674,
              -33.990602469
            ],
            [
              151.185712967,
              -33.990288574
            ],
            [
              151.185579871,
              -33.99000031
            ],
            [
              151.185346223,
              -33.989546711
            ],
            [
              151.185300166,
              -33.989453202
            ],
            [
              151.18528093,
              -33.989414066
            ],
            [
              151.185233969,
              -33.98933134
            ],
            [
              151.184996454,
              -33.988815775
            ],
            [
              151.184915391,
              -33.988617778
            ],
            [
              151.184738848,
              -33.988205112
            ],
            [
              151.184735584,
              -33.988197819
            ],
            [
              151.184565772,
              -33.987782445
            ],
            [
              151.184480139,
              -33.98757537
            ],
            [
              151.184231624,
              -33.986947113
            ],
            [
              151.183934642,
              -33.986359241
            ],
            [
              151.183830725,
              -33.986111728
            ],
            [
              151.183668046,
              -33.985746116
            ],
            [
              151.183614405,
              -33.985597335
            ],
            [
              151.183485578,
              -33.985276395
            ],
            [
              151.18341707,
              -33.985119943
            ],
            [
              151.183229328,
              -33.984615891
            ],
            [
              151.183155397,
              -33.984502651
            ],
            [
              151.183121948,
              -33.984441062
            ],
            [
              151.183019588,
              -33.984266233
            ],
            [
              151.182821049,
              -33.983946035
            ],
            [
              151.18264295,
              -33.983605715
            ],
            [
              151.182513469,
              -33.983367084
            ],
            [
              151.18225923,
              -33.982797133
            ],
            [
              151.182246219,
              -33.982770382
            ],
            [
              151.1822406,
              -33.982759182
            ],
            [
              151.182227133,
              -33.982725256
            ],
            [
              151.181871036,
              -33.982231907
            ],
            [
              151.181687514,
              -33.981935099
            ],
            [
              151.18153493,
              -33.98167675
            ],
            [
              151.181273859,
              -33.981140517
            ],
            [
              151.181252463,
              -33.981099766
            ],
            [
              151.181243674,
              -33.981084177
            ],
            [
              151.18122499,
              -33.981042162
            ],
            [
              151.180895011,
              -33.980539477
            ],
            [
              151.180733034,
              -33.980264457
            ],
            [
              151.180552977,
              -33.979989281
            ],
            [
              151.180222848,
              -33.979429162
            ],
            [
              151.179908237,
              -33.978856136
            ],
            [
              151.179771927,
              -33.978593867
            ],
            [
              151.179594431,
              -33.978282382
            ],
            [
              151.179395086,
              -33.977903851
            ],
            [
              151.179316233,
              -33.977758573
            ],
            [
              151.179285445,
              -33.977704681
            ],
            [
              151.179220805,
              -33.977579576
            ],
            [
              151.179004636,
              -33.977103434
            ],
            [
              151.178926838,
              -33.976923279
            ],
            [
              151.178730908,
              -33.976514937
            ],
            [
              151.178724426,
              -33.976501731
            ],
            [
              151.178531057,
              -33.976088024
            ],
            [
              151.178439397,
              -33.975904104
            ],
            [
              151.178218758,
              -33.975419796
            ],
            [
              151.178169436,
              -33.975293819
            ],
            [
              151.178154117,
              -33.97525273
            ],
            [
              151.178118557,
              -33.97516921
            ],
            [
              151.17790274,
              -33.974680903
            ],
            [
              151.177795208,
              -33.974417475
            ],
            [
              151.177640212,
              -33.974064445
            ],
            [
              151.177563268,
              -33.97387111
            ],
            [
              151.177442676,
              -33.973582221
            ],
            [
              151.177388083,
              -33.973439391
            ],
            [
              151.177216763,
              -33.972962507
            ],
            [
              151.177160712,
              -33.972793683
            ],
            [
              151.177145802,
              -33.972746967
            ],
            [
              151.177125661,
              -33.972671027
            ],
            [
              151.176973427,
              -33.972114582
            ],
            [
              151.17692054,
              -33.971911714
            ],
            [
              151.176834001,
              -33.97159265
            ],
            [
              151.176790405,
              -33.971431914
            ],
            [
              151.176694024,
              -33.971076501
            ],
            [
              151.176594828,
              -33.970759689
            ],
            [
              151.176509496,
              -33.970486924
            ],
            [
              151.1764326,
              -33.970241247
            ],
            [
              151.17637906,
              -33.970104343
            ],
            [
              151.176214824,
              -33.969705887
            ],
            [
              151.176122258,
              -33.969483223
            ],
            [
              151.176089611,
              -33.969406032
            ],
            [
              151.175986751,
              -33.969215914
            ],
            [
              151.175812872,
              -33.9689059
            ],
            [
              151.175642306,
              -33.968570829
            ],
            [
              151.175500822,
              -33.968330856
            ],
            [
              151.175238144,
              -33.96775662
            ],
            [
              151.175227502,
              -33.967735613
            ],
            [
              151.17522339,
              -33.967726887
            ],
            [
              151.175213,
              -33.967694849
            ],
            [
              151.175004012,
              -33.967074549
            ],
            [
              151.174955897,
              -33.966900385
            ],
            [
              151.174870262,
              -33.966614661
            ],
            [
              151.174805019,
              -33.966405294
            ],
            [
              151.174705624,
              -33.966065184
            ],
            [
              151.174579407,
              -33.965758205
            ],
            [
              151.174462734,
              -33.965439766
            ],
            [
              151.174381168,
              -33.965230008
            ],
            [
              151.1743438,
              -33.965119451
            ],
            [
              151.174211155,
              -33.964659641
            ],
            [
              151.174143501,
              -33.964451225
            ],
            [
              151.174127178,
              -33.964394846
            ],
            [
              151.174105329,
              -33.964306572
            ],
            [
              151.173964699,
              -33.96376517
            ],
            [
              151.173915076,
              -33.963559672
            ],
            [
              151.173847624,
              -33.963256574
            ],
            [
              151.173804128,
              -33.963063865
            ],
            [
              151.173729091,
              -33.96272451
            ],
            [
              151.173649382,
              -33.962357767
            ],
            [
              151.173622362,
              -33.962233614
            ],
            [
              151.173547525,
              -33.961889375
            ],
            [
              151.173491925,
              -33.96165387
            ],
            [
              151.173387407,
              -33.961202578
            ],
            [
              151.1733526,
              -33.961054253
            ],
            [
              151.173328241,
              -33.960955235
            ],
            [
              151.173209507,
              -33.960453958
            ],
            [
              151.173159533,
              -33.960260754
            ],
            [
              151.173149033,
              -33.960219078
            ],
            [
              151.173130098,
              -33.960152906
            ],
            [
              151.172963752,
              -33.959588829
            ],
            [
              151.172906344,
              -33.959383956
            ],
            [
              151.172807098,
              -33.959048469
            ],
            [
              151.172767218,
              -33.958917608
            ],
            [
              151.172660189,
              -33.958548872
            ],
            [
              151.17256928,
              -33.958247519
            ],
            [
              151.172479478,
              -33.957940202
            ],
            [
              151.172412025,
              -33.957713736
            ],
            [
              151.172371392,
              -33.957577379
            ],
            [
              151.172207859,
              -33.956991475
            ],
            [
              151.172180737,
              -33.956901248
            ],
            [
              151.172174255,
              -33.956878613
            ],
            [
              151.172162954,
              -33.956841196
            ],
            [
              151.171975312,
              -33.956237437
            ],
            [
              151.171917954,
              -33.956043529
            ],
            [
              151.171822979,
              -33.955722628
            ],
            [
              151.171776018,
              -33.955568521
            ],
            [
              151.171671548,
              -33.955208445
            ],
            [
              151.171577075,
              -33.954899344
            ],
            [
              151.171490034,
              -33.954609908
            ],
            [
              151.171418213,
              -33.954373361
            ],
            [
              151.17137537,
              -33.954232407
            ],
            [
              151.171206312,
              -33.953666755
            ],
            [
              151.171173866,
              -33.953565405
            ],
            [
              151.171165736,
              -33.953538277
            ],
            [
              151.171152222,
              -33.953493177
            ],
            [
              151.170970707,
              -33.952899719
            ],
            [
              151.170912546,
              -33.952703233
            ],
            [
              151.170821487,
              -33.952382332
            ],
            [
              151.170775982,
              -33.952227
            ],
            [
              151.170676135,
              -33.951868188
            ],
            [
              151.17058839,
              -33.951548368
            ],
            [
              151.170518879,
              -33.951294982
            ],
            [
              151.170447056,
              -33.951033143
            ],
            [
              151.170401451,
              -33.95086919
            ],
            [
              151.170221795,
              -33.950212177
            ],
            [
              151.170217871,
              -33.95019806
            ],
            [
              151.17020486,
              -33.95015292
            ],
            [
              151.170010689,
              -33.949524963
            ],
            [
              151.169963125,
              -33.949363054
            ],
            [
              151.169883316,
              -33.949094912
            ],
            [
              151.169810892,
              -33.948856529
            ],
            [
              151.169714358,
              -33.948528009
            ],
            [
              151.169629026,
              -33.948173182
            ],
            [
              151.169599292,
              -33.948023034
            ],
            [
              151.169524456,
              -33.947693004
            ],
            [
              151.16946981,
              -33.947470914
            ],
            [
              151.169330786,
              -33.946964102
            ],
            [
              151.169303664,
              -33.94685796
            ],
            [
              151.16928493,
              -33.94679012
            ],
            [
              151.169203516,
              -33.946510061
            ],
            [
              151.169080915,
              -33.946125189
            ],
            [
              151.169048871,
              -33.946022954
            ],
            [
              151.168953142,
              -33.945814212
            ],
            [
              151.168820949,
              -33.945506973
            ],
            [
              151.168663091,
              -33.94518796
            ],
            [
              151.168473492,
              -33.944961661
            ],
            [
              151.168202075,
              -33.944703649
            ],
            [
              151.167992235,
              -33.944527855
            ],
            [
              151.167759241,
              -33.944352907
            ],
            [
              151.167334188,
              -33.944241421
            ],
            [
              151.16720049,
              -33.944223876
            ],
            [
              151.167055238,
              -33.944231819
            ],
            [
              151.166405328,
              -33.944180707
            ],
            [
              151.166198854,
              -33.944189039
            ],
            [
              151.16605938,
              -33.944236508
            ],
            [
              151.165276022,
              -33.944287056
            ],
            [
              151.16519722,
              -33.944303634
            ],
            [
              151.165162062,
              -33.944323352
            ],
            [
              151.164955086,
              -33.944352652
            ],
            [
              151.164472324,
              -33.944583267
            ],
            [
              151.164195585,
              -33.944636399
            ],
            [
              151.163800617,
              -33.944681742
            ],
            [
              151.163624027,
              -33.94471103
            ],
            [
              151.163193951,
              -33.944753872
            ],
            [
              151.162744037,
              -33.944812329
            ],
            [
              151.162642381,
              -33.944812328
            ],
            [
              151.162192265,
              -33.944856707
            ],
            [
              151.161874845,
              -33.944922811
            ],
            [
              151.161425985,
              -33.944991192
            ],
            [
              151.161190632,
              -33.945035195
            ],
            [
              151.161008265,
              -33.945035193
            ],
            [
              151.160382814,
              -33.945187131
            ],
            [
              151.16024329,
              -33.945232386
            ],
            [
              151.160188946,
              -33.945242544
            ],
            [
              151.160092917,
              -33.945267131
            ],
            [
              151.159508902,
              -33.945455118
            ],
            [
              151.159187262,
              -33.945520662
            ],
            [
              151.158695109,
              -33.94559713
            ],
            [
              151.158680496,
              -33.945599474
            ],
            [
              151.15818558,
              -33.945676112
            ],
            [
              151.157804022,
              -33.945703704
            ],
            [
              151.157472187,
              -33.945781424
            ],
            [
              151.157183946,
              -33.945811336
            ],
            [
              151.156949346,
              -33.945826089
            ],
            [
              151.156598124,
              -33.946021541
            ],
            [
              151.156295268,
              -33.946115763
            ],
            [
              151.156182211,
              -33.946138435
            ],
            [
              151.156010844,
              -33.946164311
            ],
            [
              151.155453097,
              -33.946248566
            ],
            [
              151.155180527,
              -33.946289744
            ],
            [
              151.154807356,
              -33.946332287
            ],
            [
              151.154557638,
              -33.946336972
            ],
            [
              151.154178891,
              -33.946393438
            ],
            [
              151.153724056,
              -33.946400205
            ],
            [
              151.15358011,
              -33.946356861
            ],
            [
              151.153177207,
              -33.946370478
            ],
            [
              151.152833016,
              -33.946307844
            ],
            [
              151.152676513,
              -33.946020817
            ],
            [
              151.153048329,
              -33.945913351
            ],
            [
              151.153177356,
              -33.945878463
            ],
            [
              151.153419389,
              -33.945819248
            ],
            [
              151.153832489,
              -33.945732152
            ],
            [
              151.15417909,
              -33.945636928
            ],
            [
              151.154620164,
              -33.945553921
            ],
            [
              151.154952654,
              -33.945376467
            ],
            [
              151.155180775,
              -33.945289629
            ],
            [
              151.155274997,
              -33.945264911
            ],
            [
              151.155291068,
              -33.945186393
            ],
            [
              151.155919331,
              -33.94496711
            ],
            [
              151.156182508,
              -33.944900563
            ],
            [
              151.156636943,
              -33.944807841
            ],
            [
              151.156713486,
              -33.944794246
            ],
            [
              151.157184194,
              -33.944689777
            ],
            [
              151.157512915,
              -33.944625809
            ],
            [
              151.158159007,
              -33.944374359
            ],
            [
              151.158185877,
              -33.944366675
            ],
            [
              151.158200788,
              -33.944364331
            ],
            [
              151.158211492,
              -33.944351959
            ],
            [
              151.158880286,
              -33.944095912
            ],
            [
              151.159187562,
              -33.944016654
            ],
            [
              151.159655156,
              -33.943906976
            ],
            [
              151.159743049,
              -33.943889174
            ],
            [
              151.160189246,
              -33.943790578
            ],
            [
              151.160446297,
              -33.94373165
            ],
            [
              151.161144875,
              -33.943555788
            ],
            [
              151.161190881,
              -33.943544849
            ],
            [
              151.161222373,
              -33.943543547
            ],
            [
              151.161270537,
              -33.943517331
            ],
            [
              151.16186068,
              -33.943240784
            ],
            [
              151.162192565,
              -33.943130726
            ],
            [
              151.162526912,
              -33.942961242
            ],
            [
              151.163054824,
              -33.942798846
            ],
            [
              151.16319425,
              -33.942746493
            ],
            [
              151.163235484,
              -33.942717034
            ],
            [
              151.163500972,
              -33.942682694
            ],
            [
              151.16396304,
              -33.942488662
            ],
            [
              151.164195883,
              -33.942421698
            ],
            [
              151.164649715,
              -33.942304557
            ],
            [
              151.164718674,
              -33.942283668
            ],
            [
              151.165197518,
              -33.942177871
            ],
            [
              151.165469735,
              -33.942074897
            ],
            [
              151.166130192,
              -33.941905534
            ],
            [
              151.166199151,
              -33.94188419
            ],
            [
              151.166223209,
              -33.941868106
            ],
            [
              151.166295835,
              -33.941848064
            ],
            [
              151.166599844,
              -33.941514131
            ],
            [
              151.166683369,
              -33.941416781
            ],
            [
              151.167067286,
              -33.941124512
            ],
            [
              151.167200835,
              -33.94102125
            ],
            [
              151.1672057,
              -33.941017213
            ],
            [
              151.167213784,
              -33.941013176
            ],
            [
              151.167222526,
              -33.940995126
            ],
            [
              151.16749886,
              -33.940426639
            ],
            [
              151.167618245,
              -33.940178308
            ],
            [
              151.167637932,
              -33.939814067
            ],
            [
              151.167642656,
              -33.939711546
            ],
            [
              151.167662795,
              -33.939343384
            ],
            [
              151.167633362,
              -33.938983023
            ],
            [
              151.167624981,
              -33.9388618
            ],
            [
              151.167596653,
              -33.938508433
            ],
            [
              151.167560088,
              -33.938209243
            ],
            [
              151.167537285,
              -33.937953696
            ],
            [
              151.167504738,
              -33.93767352
            ],
            [
              151.167463452,
              -33.937454972
            ],
            [
              151.167378873,
              -33.936986672
            ],
            [
              151.167351248,
              -33.936838633
            ],
            [
              151.167326839,
              -33.936733989
            ],
            [
              151.167201426,
              -33.936093191
            ],
            [
              151.167185303,
              -33.936017134
            ],
            [
              151.167182745,
              -33.936003719
            ],
            [
              151.16717722,
              -33.935983507
            ],
            [
              151.166996208,
              -33.935339961
            ],
            [
              151.166949598,
              -33.935168805
            ],
            [
              151.166866374,
              -33.934889371
            ],
            [
              151.166799022,
              -33.934669495
            ],
            [
              151.166700882,
              -33.93433393
            ],
            [
              151.166594102,
              -33.934005488
            ],
            [
              151.166523537,
              -33.933768564
            ],
            [
              151.166438956,
              -33.933499002
            ],
            [
              151.166383959,
              -33.933345845
            ],
            [
              151.166200336,
              -33.932738347
            ],
            [
              151.166180697,
              -33.93268051
            ],
            [
              151.166175769,
              -33.932664126
            ],
            [
              151.166166681,
              -33.932636086
            ],
            [
              151.165955835,
              -33.93203316
            ],
            [
              151.165893607,
              -33.93182925
            ],
            [
              151.165805863,
              -33.931500314
            ],
            [
              151.165764477,
              -33.931357863
            ],
            [
              151.165672314,
              -33.930994414
            ],
            [
              151.16561822,
              -33.930645006
            ],
            [
              151.165599737,
              -33.930493477
            ],
            [
              151.165550515,
              -33.93015954
            ],
            [
              151.165528917,
              -33.929884692
            ],
            [
              151.165497074,
              -33.92957296
            ],
            [
              151.165476882,
              -33.929324706
            ],
            [
              151.165440269,
              -33.92912387
            ],
            [
              151.165342479,
              -33.92860914
            ],
            [
              151.16532048,
              -33.928489871
            ],
            [
              151.165325,
              -33.928385227
            ],
            [
              151.165297525,
              -33.927736759
            ],
            [
              151.16530159,
              -33.927655076
            ],
            [
              151.165352869,
              -33.927527264
            ],
            [
              151.16548742,
              -33.927060216
            ],
            [
              151.165615493,
              -33.926820285
            ],
            [
              151.16579821,
              -33.926484437
            ],
            [
              151.166053553,
              -33.926108569
            ],
            [
              151.166131751,
              -33.925985588
            ],
            [
              151.166150033,
              -33.925942911
            ],
            [
              151.166201162,
              -33.92582764
            ],
            [
              151.166412808,
              -33.925327175
            ],
            [
              151.166469512,
              -33.925150798
            ],
            [
              151.16648337,
              -33.924915672
            ],
            [
              151.166520837,
              -33.9245824
            ],
            [
              151.166535198,
              -33.924316057
            ],
            [
              151.16651365,
              -33.924055755
            ],
            [
              151.166494715,
              -33.923725765
            ],
            [
              151.166475277,
              -33.923481262
            ],
            [
              151.166449159,
              -33.9232748
            ],
            [
              151.166407571,
              -33.92281826
            ],
            [
              151.166387028,
              -33.922646518
            ],
            [
              151.166370152,
              -33.922505981
            ],
            [
              151.166318571,
              -33.921909204
            ],
            [
              151.166307474,
              -33.921811762
            ],
            [
              151.16629859,
              -33.921730951
            ],
            [
              151.166231939,
              -33.921002102
            ],
            [
              151.166229223,
              -33.920977006
            ],
            [
              151.166227418,
              -33.920955634
            ],
            [
              151.166201852,
              -33.920500006
            ],
            [
              151.166178898,
              -33.920161434
            ],
            [
              151.166177643,
              -33.920142263
            ],
            [
              151.16617543,
              -33.920120175
            ],
            [
              151.166110638,
              -33.919383695
            ],
            [
              151.166102696,
              -33.919307507
            ],
            [
              151.16609375,
              -33.919217241
            ],
            [
              151.166039103,
              -33.918608664
            ],
            [
              151.166025385,
              -33.918472803
            ],
            [
              151.166005595,
              -33.91830898
            ],
            [
              151.165939045,
              -33.917857428
            ],
            [
              151.165913832,
              -33.917638046
            ],
            [
              151.16587752,
              -33.917367378
            ],
            [
              151.165832618,
              -33.917111491
            ],
            [
              151.165794345,
              -33.916803341
            ],
            [
              151.165745324,
              -33.916422351
            ],
            [
              151.165732171,
              -33.916360593
            ],
            [
              151.165689077,
              -33.915968637
            ],
            [
              151.165635537,
              -33.915606557
            ],
            [
              151.165625193,
              -33.915487417
            ],
            [
              151.165577478,
              -33.915133919
            ],
            [
              151.165537599,
              -33.914853575
            ],
            [
              151.165514394,
              -33.914560272
            ],
            [
              151.165480692,
              -33.914299254
            ],
            [
              151.165455327,
              -33.914087596
            ],
            [
              151.165413992,
              -33.913641748
            ],
            [
              151.16539365,
              -33.913464589
            ],
            [
              151.16537366,
              -33.913321057
            ],
            [
              151.165314041,
              -33.912723654
            ],
            [
              151.165301736,
              -33.912629885
            ],
            [
              151.165294202,
              -33.912552694
            ],
            [
              151.165201686,
              -33.911833183
            ],
            [
              151.165196004,
              -33.91179996
            ],
            [
              151.165194749,
              -33.911789411
            ],
            [
              151.165072046,
              -33.911068636
            ],
            [
              151.165059537,
              -33.910960541
            ],
            [
              151.165045818,
              -33.910830514
            ],
            [
              151.164977161,
              -33.910313193
            ],
            [
              151.164958325,
              -33.910125875
            ],
            [
              151.164925477,
              -33.90989545
            ],
            [
              151.164874498,
              -33.90956417
            ],
            [
              151.164836477,
              -33.909291197
            ],
            [
              151.164799208,
              -33.908955424
            ],
            [
              151.16478549,
              -33.908803856
            ],
            [
              151.16474546,
              -33.908456584
            ],
            [
              151.164701561,
              -33.908039284
            ],
            [
              151.164656609,
              -33.907621957
            ],
            [
              151.164611656,
              -33.907279673
            ],
            [
              151.164552994,
              -33.907080673
            ],
            [
              151.164503622,
              -33.906787331
            ],
            [
              151.164494235,
              -33.906543074
            ],
            [
              151.164414024,
              -33.906130111
            ],
            [
              151.164405234,
              -33.905952743
            ],
            [
              151.164401514,
              -33.905785795
            ],
            [
              151.164334865,
              -33.905229431
            ],
            [
              151.164331945,
              -33.905118118
            ],
            [
              151.164337925,
              -33.905004345
            ],
            [
              151.164291364,
              -33.904358466
            ],
            [
              151.164296229,
              -33.904283534
            ],
            [
              151.164311846,
              -33.904191558
            ],
            [
              151.164201599,
              -33.903448951
            ],
            [
              151.164186325,
              -33.902627245
            ],
            [
              151.164184614,
              -33.902614364
            ],
            [
              151.164182652,
              -33.902598486
            ],
            [
              151.164182801,
              -33.901795701
            ],
            [
              151.164180336,
              -33.901779823
            ],
            [
              151.164180022,
              -33.90176161
            ],
            [
              151.16420192,
              -33.901571198
            ],
            [
              151.164368767,
              -33.901640756
            ],
            [
              151.164835959,
              -33.901473895
            ],
            [
              151.165203187,
              -33.901510002
            ]
          ],
          [
            [
              151.151173828,
              -33.946949597
            ],
            [
              151.151050073,
              -33.946958582
            ],
            [
              151.150361188,
              -33.946855258
            ],
            [
              151.15104721,
              -33.946749789
            ],
            [
              151.151173878,
              -33.946712947
            ],
            [
              151.151369252,
              -33.946692658
            ],
            [
              151.151755884,
              -33.946855574
            ],
            [
              151.151265086,
              -33.946931495
            ],
            [
              151.151173828,
              -33.946949597
            ]
          ]
        ]
      }
    },
    {
      "type": "Feature",
      "properties": {
        "anef": 35,
        "source_paths": [
          "cont35",
          "cont35.1",
          "cont35.2",
          "cont35.3"
        ],
        "source_vertex_count_excluding_closure": 969,
        "coordinate_reference_system": "EPSG:4326",
        "source": "ANEF2045 contours.svg matched to the endorsed PDF vector contours"
      },
      "geometry": {
        "type": "MultiLineString",
        "coordinates": [
          [
            [
              151.168967874,
              -33.91680364
            ],
            [
              151.16914773,
              -33.916852441
            ],
            [
              151.169206292,
              -33.91685114
            ],
            [
              151.169401769,
              -33.917475385
            ],
            [
              151.169449934,
              -33.917638414
            ],
            [
              151.169504078,
              -33.917886721
            ],
            [
              151.169551793,
              -33.918184986
            ],
            [
              151.169622511,
              -33.918473132
            ],
            [
              151.169739184,
              -33.918863462
            ],
            [
              151.169769168,
              -33.918942554
            ],
            [
              151.169890813,
              -33.919307878
            ],
            [
              151.16993225,
              -33.919537223
            ],
            [
              151.170207334,
              -33.920096794
            ],
            [
              151.170219592,
              -33.920132427
            ],
            [
              151.170222605,
              -33.920142585
            ],
            [
              151.17022868,
              -33.920160375
            ],
            [
              151.170455045,
              -33.920770751
            ],
            [
              151.170520138,
              -33.920977331
            ],
            [
              151.170660517,
              -33.921355197
            ],
            [
              151.170685178,
              -33.921413634
            ],
            [
              151.170816014,
              -33.92181209
            ],
            [
              151.170868902,
              -33.922095183
            ],
            [
              151.170968751,
              -33.922446962
            ],
            [
              151.171011692,
              -33.922646834
            ],
            [
              151.171045796,
              -33.922782488
            ],
            [
              151.171208426,
              -33.923226084
            ],
            [
              151.171283914,
              -33.923418702
            ],
            [
              151.171303201,
              -33.923481632
            ],
            [
              151.171341623,
              -33.923592697
            ],
            [
              151.171526352,
              -33.924051336
            ],
            [
              151.171606713,
              -33.92431643
            ],
            [
              151.171733079,
              -33.924713753
            ],
            [
              151.17174529,
              -33.924764024
            ],
            [
              151.171856691,
              -33.925151228
            ],
            [
              151.171935544,
              -33.925379765
            ],
            [
              151.17206141,
              -33.925862405
            ],
            [
              151.17209963,
              -33.925986012
            ],
            [
              151.172123286,
              -33.926058032
            ],
            [
              151.172209624,
              -33.926286791
            ],
            [
              151.172581942,
              -33.926510462
            ],
            [
              151.172907952,
              -33.926568186
            ],
            [
              151.173211059,
              -33.926667246
            ],
            [
              151.173362789,
              -33.926694337
            ],
            [
              151.17406408,
              -33.926820869
            ],
            [
              151.174192706,
              -33.926837332
            ],
            [
              151.174212444,
              -33.926848663
            ],
            [
              151.174696061,
              -33.927252632
            ],
            [
              151.174969989,
              -33.927655752
            ],
            [
              151.175042363,
              -33.927798699
            ],
            [
              151.175213831,
              -33.928186359
            ],
            [
              151.175333619,
              -33.928390739
            ],
            [
              151.175386758,
              -33.928490591
            ],
            [
              151.175479674,
              -33.928712174
            ],
            [
              151.175612822,
              -33.928992819
            ],
            [
              151.175733713,
              -33.929325389
            ],
            [
              151.17579961,
              -33.92967188
            ],
            [
              151.175828389,
              -33.929837735
            ],
            [
              151.175888257,
              -33.930160224
            ],
            [
              151.175917138,
              -33.930408726
            ],
            [
              151.175963446,
              -33.930785185
            ],
            [
              151.175988108,
              -33.930995059
            ],
            [
              151.17600338,
              -33.931171671
            ],
            [
              151.176050794,
              -33.93169286
            ],
            [
              151.176062754,
              -33.931829932
            ],
            [
              151.176079227,
              -33.931943289
            ],
            [
              151.17617978,
              -33.932635178
            ],
            [
              151.176184049,
              -33.932664767
            ],
            [
              151.176190029,
              -33.932685774
            ],
            [
              151.176215243,
              -33.932776913
            ],
            [
              151.176409162,
              -33.933337942
            ],
            [
              151.176451352,
              -33.933499643
            ],
            [
              151.176510066,
              -33.933745397
            ],
            [
              151.176585554,
              -33.934025795
            ],
            [
              151.176654815,
              -33.934334518
            ],
            [
              151.176738743,
              -33.934732934
            ],
            [
              151.176750687,
              -33.934780861
            ],
            [
              151.176837126,
              -33.935169353
            ],
            [
              151.176918341,
              -33.935418117
            ],
            [
              151.177012262,
              -33.935833828
            ],
            [
              151.177060981,
              -33.936004281
            ],
            [
              151.177088254,
              -33.936111334
            ],
            [
              151.17721673,
              -33.936578229
            ],
            [
              151.177294831,
              -33.936774051
            ],
            [
              151.177317884,
              -33.936839156
            ],
            [
              151.177363489,
              -33.936961474
            ],
            [
              151.177541437,
              -33.937403351
            ],
            [
              151.177635207,
              -33.937674072
            ],
            [
              151.177781012,
              -33.938038563
            ],
            [
              151.177860567,
              -33.93821076
            ],
            [
              151.177989497,
              -33.938508948
            ],
            [
              151.178079851,
              -33.93862439
            ],
            [
              151.178218272,
              -33.938749795
            ],
            [
              151.178687775,
              -33.938900326
            ],
            [
              151.178728055,
              -33.938918912
            ],
            [
              151.179219857,
              -33.939008689
            ],
            [
              151.17968966,
              -33.938952224
            ],
            [
              151.179735817,
              -33.938939058
            ],
            [
              151.180221392,
              -33.938902637
            ],
            [
              151.18055182,
              -33.938784374
            ],
            [
              151.180910577,
              -33.938769324
            ],
            [
              151.181222925,
              -33.938704405
            ],
            [
              151.181402026,
              -33.938658226
            ],
            [
              151.182130991,
              -33.938586853
            ],
            [
              151.18222451,
              -33.938568894
            ],
            [
              151.182306326,
              -33.9385771
            ],
            [
              151.182506773,
              -33.938508925
            ],
            [
              151.182928211,
              -33.938260623
            ],
            [
              151.183226043,
              -33.938160697
            ],
            [
              151.183609509,
              -33.937993662
            ],
            [
              151.183951039,
              -33.937904442
            ],
            [
              151.184227527,
              -33.937813099
            ],
            [
              151.184339779,
              -33.937767505
            ],
            [
              151.184881856,
              -33.937673911
            ],
            [
              151.185045036,
              -33.937520457
            ],
            [
              151.18522906,
              -33.937410775
            ],
            [
              151.185588219,
              -33.937374444
            ],
            [
              151.185800368,
              -33.937315229
            ],
            [
              151.186230595,
              -33.937288718
            ],
            [
              151.186616371,
              -33.937160532
            ],
            [
              151.186861368,
              -33.937147902
            ],
            [
              151.187232078,
              -33.937072553
            ],
            [
              151.187396563,
              -33.936975959
            ],
            [
              151.188059984,
              -33.936838764
            ],
            [
              151.188164603,
              -33.936781254
            ],
            [
              151.188233562,
              -33.936760964
            ],
            [
              151.188507637,
              -33.936610272
            ],
            [
              151.188766195,
              -33.936447911
            ],
            [
              151.189235044,
              -33.936301389
            ],
            [
              151.189557539,
              -33.936272585
            ],
            [
              151.189925235,
              -33.936263212
            ],
            [
              151.190236579,
              -33.936239045
            ],
            [
              151.190730942,
              -33.93642642
            ],
            [
              151.190794226,
              -33.936468421
            ],
            [
              151.191238165,
              -33.936740358
            ],
            [
              151.19134404,
              -33.936750127
            ],
            [
              151.192159893,
              -33.936771768
            ],
            [
              151.192239699,
              -33.936778151
            ],
            [
              151.192300572,
              -33.936787529
            ],
            [
              151.192458077,
              -33.936838244
            ],
            [
              151.192496751,
              -33.937052494
            ],
            [
              151.192670129,
              -33.937314425
            ],
            [
              151.192693383,
              -33.937673119
            ],
            [
              151.192907342,
              -33.937951643
            ],
            [
              151.193014474,
              -33.938318712
            ],
            [
              151.193103172,
              -33.938507997
            ],
            [
              151.193103222,
              -33.93862332
            ],
            [
              151.193115686,
              -33.939237809
            ],
            [
              151.193115687,
              -33.939342922
            ],
            [
              151.193005344,
              -33.939539992
            ],
            [
              151.19286788,
              -33.939866099
            ],
            [
              151.192597068,
              -33.940177866
            ],
            [
              151.192460908,
              -33.940361782
            ],
            [
              151.192240371,
              -33.940547482
            ],
            [
              151.191978099,
              -33.940794196
            ],
            [
              151.191518993,
              -33.941012934
            ],
            [
              151.191386952,
              -33.941136382
            ],
            [
              151.19123894,
              -33.941232481
            ],
            [
              151.190944471,
              -33.941258433
            ],
            [
              151.190528056,
              -33.941255303
            ],
            [
              151.190237356,
              -33.941288431
            ],
            [
              151.190002102,
              -33.941209115
            ],
            [
              151.189779404,
              -33.94101303
            ],
            [
              151.189409697,
              -33.940868035
            ],
            [
              151.189235668,
              -33.940652533
            ],
            [
              151.188888463,
              -33.940467582
            ],
            [
              151.188656674,
              -33.940178222
            ],
            [
              151.188440858,
              -33.940005814
            ],
            [
              151.18823393,
              -33.939574773
            ],
            [
              151.188032175,
              -33.939511541
            ],
            [
              151.1877586,
              -33.939343339
            ],
            [
              151.187312453,
              -33.939276614
            ],
            [
              151.187232343,
              -33.939278437
            ],
            [
              151.187180009,
              -33.939299847
            ],
            [
              151.186883482,
              -33.939343485
            ],
            [
              151.18663708,
              -33.939682132
            ],
            [
              151.186431209,
              -33.940011443
            ],
            [
              151.186321969,
              -33.940178429
            ],
            [
              151.186332721,
              -33.940263329
            ],
            [
              151.186350101,
              -33.940914075
            ],
            [
              151.186365373,
              -33.941013393
            ],
            [
              151.18657004,
              -33.941295954
            ],
            [
              151.186689577,
              -33.941466029
            ],
            [
              151.186992282,
              -33.941848273
            ],
            [
              151.187070282,
              -33.941983679
            ],
            [
              151.18723271,
              -33.942121496
            ],
            [
              151.187434163,
              -33.942515291
            ],
            [
              151.187481475,
              -33.94268319
            ],
            [
              151.187612914,
              -33.943000002
            ],
            [
              151.187681924,
              -33.943143743
            ],
            [
              151.187813363,
              -33.943518119
            ],
            [
              151.187939781,
              -33.943763783
            ],
            [
              151.188116323,
              -33.944254472
            ],
            [
              151.188158613,
              -33.944353035
            ],
            [
              151.188171169,
              -33.944405962
            ],
            [
              151.188234604,
              -33.94458742
            ],
            [
              151.188484322,
              -33.944979873
            ],
            [
              151.188594919,
              -33.945187991
            ],
            [
              151.188833538,
              -33.945523779
            ],
            [
              151.188965027,
              -33.945796662
            ],
            [
              151.189091395,
              -33.946022921
            ],
            [
              151.189148098,
              -33.946096557
            ],
            [
              151.189236495,
              -33.946253634
            ],
            [
              151.189638646,
              -33.946522653
            ],
            [
              151.190002527,
              -33.946661345
            ],
            [
              151.190238231,
              -33.946768336
            ],
            [
              151.190303926,
              -33.946803044
            ],
            [
              151.190415024,
              -33.94685777
            ],
            [
              151.191022092,
              -33.947039312
            ],
            [
              151.191239918,
              -33.947204102
            ],
            [
              151.191497724,
              -33.94747782
            ],
            [
              151.191620473,
              -33.947692657
            ],
            [
              151.191789129,
              -33.948069938
            ],
            [
              151.191831821,
              -33.948185926
            ],
            [
              151.191970595,
              -33.948527612
            ],
            [
              151.192053114,
              -33.948684989
            ],
            [
              151.19224196,
              -33.949199967
            ],
            [
              151.192297209,
              -33.949316568
            ],
            [
              151.192314185,
              -33.94936258
            ],
            [
              151.19233533,
              -33.949440383
            ],
            [
              151.192499014,
              -33.949983413
            ],
            [
              151.192553459,
              -33.950197586
            ],
            [
              151.192606899,
              -33.950501607
            ],
            [
              151.192642861,
              -33.950698601
            ],
            [
              151.192700821,
              -33.95103259
            ],
            [
              151.192764809,
              -33.951432074
            ],
            [
              151.192770883,
              -33.951473216
            ],
            [
              151.192832912,
              -33.95186762
            ],
            [
              151.192880627,
              -33.952170691
            ],
            [
              151.192920254,
              -33.952432621
            ],
            [
              151.192962444,
              -33.952702664
            ],
            [
              151.193006693,
              -33.952900752
            ],
            [
              151.193104182,
              -33.953420769
            ],
            [
              151.193128992,
              -33.953537668
            ],
            [
              151.193148078,
              -33.953618024
            ],
            [
              151.193244562,
              -33.95409436
            ],
            [
              151.193300665,
              -33.954325958
            ],
            [
              151.193310459,
              -33.954372712
            ],
            [
              151.193325872,
              -33.954440474
            ],
            [
              151.193478054,
              -33.955013263
            ],
            [
              151.193519139,
              -33.955207757
            ],
            [
              151.19358413,
              -33.955490602
            ],
            [
              151.193642091,
              -33.95571169
            ],
            [
              151.19371321,
              -33.956042801
            ],
            [
              151.193803415,
              -33.95641237
            ],
            [
              151.193826971,
              -33.956527941
            ],
            [
              151.193907784,
              -33.956877884
            ],
            [
              151.19396479,
              -33.957113011
            ],
            [
              151.194053337,
              -33.957551566
            ],
            [
              151.194090354,
              -33.957712928
            ],
            [
              151.194116321,
              -33.957821909
            ],
            [
              151.194247158,
              -33.958476955
            ],
            [
              151.194261629,
              -33.958535964
            ],
            [
              151.194264235,
              -33.958547946
            ],
            [
              151.194268661,
              -33.958565866
            ],
            [
              151.1944446,
              -33.959218581
            ],
            [
              151.194483525,
              -33.959383029
            ],
            [
              151.194553239,
              -33.959637966
            ],
            [
              151.194629532,
              -33.959899596
            ],
            [
              151.194713206,
              -33.960218126
            ],
            [
              151.194820488,
              -33.960575649
            ],
            [
              151.194862578,
              -33.960730759
            ],
            [
              151.194955745,
              -33.96105321
            ],
            [
              151.195014911,
              -33.961248824
            ],
            [
              151.195168952,
              -33.961821027
            ],
            [
              151.195188389,
              -33.961888293
            ],
            [
              151.195200396,
              -33.961929383
            ],
            [
              151.195249718,
              -33.9621173
            ],
            [
              151.195405014,
              -33.962594053
            ],
            [
              151.195443337,
              -33.962723416
            ],
            [
              151.195506069,
              -33.962936925
            ],
            [
              151.195605363,
              -33.963262279
            ],
            [
              151.195690195,
              -33.963558539
            ],
            [
              151.195799987,
              -33.963935324
            ],
            [
              151.19582957,
              -33.964041518
            ],
            [
              151.195930473,
              -33.964393636
            ],
            [
              151.195990342,
              -33.964611885
            ],
            [
              151.196126051,
              -33.965123568
            ],
            [
              151.196154529,
              -33.965228798
            ],
            [
              151.196174318,
              -33.965293772
            ],
            [
              151.196252317,
              -33.965580408
            ],
            [
              151.196379338,
              -33.965958117
            ],
            [
              151.196467884,
              -33.966243464
            ],
            [
              151.196589682,
              -33.966618087
            ],
            [
              151.196674009,
              -33.966899057
            ],
            [
              151.196809317,
              -33.967270255
            ],
            [
              151.196848995,
              -33.967396036
            ],
            [
              151.196964714,
              -33.967734219
            ],
            [
              151.197034327,
              -33.96791793
            ],
            [
              151.197221516,
              -33.968541511
            ],
            [
              151.197231059,
              -33.968569356
            ],
            [
              151.197236537,
              -33.968584684
            ],
            [
              151.19725497,
              -33.968657291
            ],
            [
              151.197444319,
              -33.969246776
            ],
            [
              151.197486358,
              -33.969404518
            ],
            [
              151.197529151,
              -33.969632938
            ],
            [
              151.197598562,
              -33.969953551
            ],
            [
              151.19764924,
              -33.970239731
            ],
            [
              151.197656178,
              -33.970573797
            ],
            [
              151.197659537,
              -33.970738037
            ],
            [
              151.19766657,
              -33.971074942
            ],
            [
              151.197679331,
              -33.971428179
            ],
            [
              151.197678704,
              -33.971557542
            ],
            [
              151.19769236,
              -33.971910153
            ],
            [
              151.197560369,
              -33.972164071
            ],
            [
              151.197255857,
              -33.97249368
            ],
            [
              151.197126729,
              -33.972637784
            ],
            [
              151.19687902,
              -33.972745511
            ],
            [
              151.196608912,
              -33.973041363
            ],
            [
              151.196254174,
              -33.973483234
            ],
            [
              151.196221227,
              -33.973553378
            ],
            [
              151.196217366,
              -33.973580884
            ],
            [
              151.196220536,
              -33.973608923
            ],
            [
              151.196197537,
              -33.974368741
            ],
            [
              151.196201806,
              -33.974416134
            ],
            [
              151.196203658,
              -33.974458434
            ],
            [
              151.196247556,
              -33.97524555
            ],
            [
              151.19624787,
              -33.97525141
            ],
            [
              151.19624782,
              -33.97525701
            ],
            [
              151.1962546,
              -33.975311058
            ],
            [
              151.196384033,
              -33.975978853
            ],
            [
              151.196394078,
              -33.976086623
            ],
            [
              151.196415575,
              -33.976220661
            ],
            [
              151.196533705,
              -33.976689457
            ],
            [
              151.196564996,
              -33.976921875
            ],
            [
              151.196598999,
              -33.977208602
            ],
            [
              151.19663697,
              -33.97743878
            ],
            [
              151.196671625,
              -33.977757127
            ],
            [
              151.196688652,
              -33.978118452
            ],
            [
              151.196688025,
              -33.9782316
            ],
            [
              151.196706609,
              -33.97859243
            ],
            [
              151.196704648,
              -33.978966999
            ],
            [
              151.196686517,
              -33.979068309
            ],
            [
              151.196684007,
              -33.979427758
            ],
            [
              151.196649656,
              -33.979756314
            ],
            [
              151.196510884,
              -33.980050254
            ],
            [
              151.196471107,
              -33.980263083
            ],
            [
              151.196417267,
              -33.980397824
            ],
            [
              151.196255693,
              -33.980508795
            ],
            [
              151.19618116,
              -33.980325215
            ],
            [
              151.196151225,
              -33.980263119
            ],
            [
              151.196091306,
              -33.980126176
            ],
            [
              151.195937868,
              -33.979692595
            ],
            [
              151.19579347,
              -33.979427864
            ],
            [
              151.195639279,
              -33.979106142
            ],
            [
              151.195253249,
              -33.978690388
            ],
            [
              151.195218694,
              -33.978621454
            ],
            [
              151.195206687,
              -33.978592659
            ],
            [
              151.195179967,
              -33.978531604
            ],
            [
              151.194936827,
              -33.978021041
            ],
            [
              151.194832309,
              -33.977757404
            ],
            [
              151.194689216,
              -33.97739208
            ],
            [
              151.194639293,
              -33.977245916
            ],
            [
              151.194520208,
              -33.97692215
            ],
            [
              151.194463704,
              -33.976744691
            ],
            [
              151.194250699,
              -33.976218291
            ],
            [
              151.194198717,
              -33.976130239
            ],
            [
              151.194178024,
              -33.976086935
            ],
            [
              151.194117703,
              -33.975976078
            ],
            [
              151.193871851,
              -33.975567371
            ],
            [
              151.193727755,
              -33.975251719
            ],
            [
              151.193579992,
              -33.974975371
            ],
            [
              151.193433636,
              -33.974570872
            ],
            [
              151.193366032,
              -33.974416464
            ],
            [
              151.193331679,
              -33.974347035
            ],
            [
              151.193248305,
              -33.97414362
            ],
            [
              151.192884877,
              -33.973884187
            ],
            [
              151.192246266,
              -33.97358137
            ],
            [
              151.191399223,
              -33.973452258
            ],
            [
              151.191244279,
              -33.973378399
            ],
            [
              151.190846899,
              -33.97307746
            ],
            [
              151.190602705,
              -33.972746269
            ],
            [
              151.190490651,
              -33.972539181
            ],
            [
              151.190242086,
              -33.971962028
            ],
            [
              151.190221546,
              -33.971928193
            ],
            [
              151.190212458,
              -33.971911106
            ],
            [
              151.190190962,
              -33.971868466
            ],
            [
              151.189903121,
              -33.971358397
            ],
            [
              151.189783384,
              -33.971075889
            ],
            [
              151.189670778,
              -33.970716778
            ],
            [
              151.189632155,
              -33.970567658
            ],
            [
              151.189536777,
              -33.970240714
            ],
            [
              151.189495341,
              -33.970027753
            ],
            [
              151.18940403,
              -33.969542405
            ],
            [
              151.189377661,
              -33.969405514
            ],
            [
              151.189358776,
              -33.969306275
            ],
            [
              151.189239642,
              -33.968622513
            ],
            [
              151.189229094,
              -33.968579131
            ],
            [
              151.189227132,
              -33.968570275
            ],
            [
              151.189223711,
              -33.968556978
            ],
            [
              151.189043703,
              -33.96789839
            ],
            [
              151.189002719,
              -33.967735101
            ],
            [
              151.188934211,
              -33.967480633
            ],
            [
              151.188857768,
              -33.967218078
            ],
            [
              151.188776101,
              -33.966899939
            ],
            [
              151.188675953,
              -33.966534446
            ],
            [
              151.18864652,
              -33.966405747
            ],
            [
              151.188558675,
              -33.966064764
            ],
            [
              151.188499509,
              -33.965846268
            ],
            [
              151.188404785,
              -33.965369255
            ],
            [
              151.18837053,
              -33.965229603
            ],
            [
              151.188347226,
              -33.965137956
            ],
            [
              151.188237232,
              -33.964546297
            ],
            [
              151.188199513,
              -33.964425894
            ],
            [
              151.188192324,
              -33.964394468
            ],
            [
              151.18817881,
              -33.964345799
            ],
            [
              151.187985242,
              -33.963769259
            ],
            [
              151.187933861,
              -33.963559345
            ],
            [
              151.187848125,
              -33.963235149
            ],
            [
              151.187801618,
              -33.963087124
            ],
            [
              151.18771528,
              -33.962724222
            ],
            [
              151.18763979,
              -33.962386821
            ],
            [
              151.187609504,
              -33.962201236
            ],
            [
              151.187545367,
              -33.961889048
            ],
            [
              151.18749052,
              -33.961676087
            ],
            [
              151.187404432,
              -33.961195245
            ],
            [
              151.187371786,
              -33.961053965
            ],
            [
              151.187348934,
              -33.960958906
            ],
            [
              151.187234871,
              -33.960421998
            ],
            [
              151.187175103,
              -33.960268593
            ],
            [
              151.187162703,
              -33.960218843
            ],
            [
              151.187134629,
              -33.960135323
            ],
            [
              151.186929859,
              -33.959637926
            ],
            [
              151.186858188,
              -33.959383745
            ],
            [
              151.186723232,
              -33.958975001
            ],
            [
              151.186718366,
              -33.958953369
            ],
            [
              151.186601894,
              -33.958548661
            ],
            [
              151.186527058,
              -33.958303402
            ],
            [
              151.186431078,
              -33.957878899
            ],
            [
              151.186385623,
              -33.957713578
            ],
            [
              151.186354835,
              -33.957611812
            ],
            [
              151.186232687,
              -33.957108126
            ],
            [
              151.186154285,
              -33.956943885
            ],
            [
              151.186132487,
              -33.956878494
            ],
            [
              151.186086731,
              -33.956756841
            ],
            [
              151.185897684,
              -33.956322635
            ],
            [
              151.185806626,
              -33.956043448
            ],
            [
              151.185683623,
              -33.95566596
            ],
            [
              151.185658058,
              -33.955564559
            ],
            [
              151.185552737,
              -33.955208364
            ],
            [
              151.185480462,
              -33.955000196
            ],
            [
              151.185349022,
              -33.95447196
            ],
            [
              151.185318837,
              -33.95437332
            ],
            [
              151.185298897,
              -33.954316433
            ],
            [
              151.18523064,
              -33.954065677
            ],
            [
              151.185031096,
              -33.953704598
            ],
            [
              151.184972081,
              -33.953538274
            ],
            [
              151.184816031,
              -33.953192745
            ],
            [
              151.184762642,
              -33.95309331
            ],
            [
              151.184622614,
              -33.952703228
            ],
            [
              151.184523167,
              -33.952457798
            ],
            [
              151.184426233,
              -33.95203284
            ],
            [
              151.184372793,
              -33.951868222
            ],
            [
              151.184343662,
              -33.951772369
            ],
            [
              151.184228645,
              -33.951071142
            ],
            [
              151.184216999,
              -33.951042894
            ],
            [
              151.184215288,
              -33.951033126
            ],
            [
              151.184214817,
              -33.951021666
            ],
            [
              151.184118433,
              -33.950289808
            ],
            [
              151.184115921,
              -33.950198083
            ],
            [
              151.184125762,
              -33.950112389
            ],
            [
              151.18418156,
              -33.949402087
            ],
            [
              151.184185829,
              -33.949363042
            ],
            [
              151.18418969,
              -33.949330783
            ],
            [
              151.184228413,
              -33.949029055
            ],
            [
              151.184258396,
              -33.948553085
            ],
            [
              151.184263073,
              -33.948528041
            ],
            [
              151.184380498,
              -33.94840118
            ],
            [
              151.184664017,
              -33.948056242
            ],
            [
              151.184977268,
              -33.947903637
            ],
            [
              151.185229949,
              -33.947757568
            ],
            [
              151.185273796,
              -33.947729516
            ],
            [
              151.185400965,
              -33.947692973
            ],
            [
              151.185805878,
              -33.947338074
            ],
            [
              151.186084222,
              -33.946980712
            ],
            [
              151.186186782,
              -33.946857941
            ],
            [
              151.1861924,
              -33.946825304
            ],
            [
              151.186199634,
              -33.946049441
            ],
            [
              151.186203196,
              -33.946022938
            ],
            [
              151.186203824,
              -33.945999978
            ],
            [
              151.186151638,
              -33.945254329
            ],
            [
              151.186153301,
              -33.945187974
            ],
            [
              151.186150131,
              -33.945120343
            ],
            [
              151.186066303,
              -33.944490421
            ],
            [
              151.186060778,
              -33.944352983
            ],
            [
              151.186045961,
              -33.944198616
            ],
            [
              151.185970523,
              -33.943735225
            ],
            [
              151.185952089,
              -33.943518058
            ],
            [
              151.185933706,
              -33.943270181
            ],
            [
              151.185910853,
              -33.942949997
            ],
            [
              151.185890963,
              -33.942683106
            ],
            [
              151.185886237,
              -33.942395716
            ],
            [
              151.185915518,
              -33.942111075
            ],
            [
              151.185910149,
              -33.941848143
            ],
            [
              151.185930389,
              -33.941597675
            ],
            [
              151.186118379,
              -33.941106925
            ],
            [
              151.186130637,
              -33.941013195
            ],
            [
              151.186101908,
              -33.94090575
            ],
            [
              151.186120088,
              -33.940270464
            ],
            [
              151.186072574,
              -33.940178269
            ],
            [
              151.185534364,
              -33.939923849
            ],
            [
              151.185229097,
              -33.939914598
            ],
            [
              151.184909668,
              -33.93991199
            ],
            [
              151.184658392,
              -33.93981909
            ],
            [
              151.184227563,
              -33.939817782
            ],
            [
              151.183882417,
              -33.939890658
            ],
            [
              151.183583479,
              -33.939880366
            ],
            [
              151.183225978,
              -33.939927077
            ],
            [
              151.183018649,
              -33.940005554
            ],
            [
              151.18238215,
              -33.940046883
            ],
            [
              151.182224444,
              -33.940082058
            ],
            [
              151.182095817,
              -33.940071247
            ],
            [
              151.181392016,
              -33.940178474
            ],
            [
              151.181289558,
              -33.940234057
            ],
            [
              151.181222859,
              -33.940255779
            ],
            [
              151.181002221,
              -33.940362374
            ],
            [
              151.180661999,
              -33.940545871
            ],
            [
              151.180221276,
              -33.940700012
            ],
            [
              151.180002748,
              -33.940831209
            ],
            [
              151.179298796,
              -33.941013399
            ],
            [
              151.179276948,
              -33.941061117
            ],
            [
              151.179219742,
              -33.941172428
            ],
            [
              151.179021356,
              -33.941682987
            ],
            [
              151.178953703,
              -33.941848359
            ],
            [
              151.178978816,
              -33.942049234
            ],
            [
              151.179025025,
              -33.942520946
            ],
            [
              151.179044513,
              -33.942683311
            ],
            [
              151.179073091,
              -33.942805589
            ],
            [
              151.1792198,
              -33.943518237
            ],
            [
              151.179445663,
              -33.944164949
            ],
            [
              151.179500761,
              -33.944353191
            ],
            [
              151.179602217,
              -33.944671969
            ],
            [
              151.179654701,
              -33.94482566
            ],
            [
              151.179764093,
              -33.945188197
            ],
            [
              151.179863437,
              -33.945486632
            ],
            [
              151.179961528,
              -33.945806452
            ],
            [
              151.180031242,
              -33.946023151
            ],
            [
              151.180069813,
              -33.946149597
            ],
            [
              151.180221546,
              -33.94675109
            ],
            [
              151.180253138,
              -33.946831784
            ],
            [
              151.180263983,
              -33.946858117
            ],
            [
              151.180280106,
              -33.946906956
            ],
            [
              151.180476035,
              -33.947480996
            ],
            [
              151.18054444,
              -33.947693123
            ],
            [
              151.180716112,
              -33.948105333
            ],
            [
              151.180719721,
              -33.948112887
            ],
            [
              151.180864069,
              -33.94852813
            ],
            [
              151.180936293,
              -33.948767347
            ],
            [
              151.181047291,
              -33.949216399
            ],
            [
              151.181088476,
              -33.949363135
            ],
            [
              151.181115447,
              -33.949453076
            ],
            [
              151.181223331,
              -33.949947672
            ],
            [
              151.181305299,
              -33.950129832
            ],
            [
              151.181329407,
              -33.950198141
            ],
            [
              151.181384354,
              -33.950332336
            ],
            [
              151.18158631,
              -33.950730663
            ],
            [
              151.181682892,
              -33.951033187
            ],
            [
              151.181788919,
              -33.951396766
            ],
            [
              151.181816041,
              -33.951527197
            ],
            [
              151.181904939,
              -33.951868192
            ],
            [
              151.181964708,
              -33.952085321
            ],
            [
              151.18204065,
              -33.952549402
            ],
            [
              151.182077062,
              -33.952703236
            ],
            [
              151.182103229,
              -33.952804924
            ],
            [
              151.182217695,
              -33.953531976
            ],
            [
              151.182219108,
              -33.953538228
            ],
            [
              151.182220206,
              -33.953542395
            ],
            [
              151.182225229,
              -33.953572988
            ],
            [
              151.182431906,
              -33.954201023
            ],
            [
              151.182460384,
              -33.954373272
            ],
            [
              151.182511513,
              -33.954611812
            ],
            [
              151.182599609,
              -33.954896338
            ],
            [
              151.182654657,
              -33.955208317
            ],
            [
              151.182740541,
              -33.955613935
            ],
            [
              151.182742959,
              -33.955639774
            ],
            [
              151.182815083,
              -33.956043399
            ],
            [
              151.182877162,
              -33.956335166
            ],
            [
              151.182907801,
              -33.956612177
            ],
            [
              151.18295682,
              -33.956878482
            ],
            [
              151.182998256,
              -33.957069355
            ],
            [
              151.183065158,
              -33.957578458
            ],
            [
              151.183091175,
              -33.957713564
            ],
            [
              151.183113977,
              -33.957808037
            ],
            [
              151.183227336,
              -33.958486798
            ],
            [
              151.183242859,
              -33.958535689
            ],
            [
              151.183245214,
              -33.958548712
            ],
            [
              151.183250785,
              -33.958568261
            ],
            [
              151.183475493,
              -33.959176969
            ],
            [
              151.183524213,
              -33.959383796
            ],
            [
              151.183634256,
              -33.959722956
            ],
            [
              151.183681166,
              -33.95984065
            ],
            [
              151.183784682,
              -33.960218933
            ],
            [
              151.183893017,
              -33.960499278
            ],
            [
              151.183981565,
              -33.960847515
            ],
            [
              151.184049117,
              -33.961054017
            ],
            [
              151.184096028,
              -33.96116516
            ],
            [
              151.184229377,
              -33.961658141
            ],
            [
              151.184311595,
              -33.961820623
            ],
            [
              151.184331936,
              -33.96188914
            ],
            [
              151.184370208,
              -33.962006495
            ],
            [
              151.184557347,
              -33.962450964
            ],
            [
              151.184628969,
              -33.962724276
            ],
            [
              151.184661818,
              -33.963084638
            ],
            [
              151.184680853,
              -33.9631832
            ],
            [
              151.184709381,
              -33.963559397
            ],
            [
              151.184705662,
              -33.963956263
            ],
            [
              151.184705035,
              -33.963998147
            ],
            [
              151.184701316,
              -33.964394556
            ],
            [
              151.184664502,
              -33.964757131
            ],
            [
              151.184643257,
              -33.964884904
            ],
            [
              151.184604585,
              -33.965229727
            ],
            [
              151.184464509,
              -33.96542556
            ],
            [
              151.184229658,
              -33.96560355
            ],
            [
              151.183981949,
              -33.96585843
            ],
            [
              151.1835354,
              -33.966064964
            ],
            [
              151.183405819,
              -33.966213366
            ],
            [
              151.183227823,
              -33.966460003
            ],
            [
              151.183102815,
              -33.966795943
            ],
            [
              151.183095878,
              -33.96690017
            ],
            [
              151.183117475,
              -33.966992182
            ],
            [
              151.183140933,
              -33.967662815
            ],
            [
              151.183153787,
              -33.96773533
            ],
            [
              151.183163472,
              -33.967789052
            ],
            [
              151.183227963,
              -33.968408139
            ],
            [
              151.183259906,
              -33.968543909
            ],
            [
              151.183263014,
              -33.968570542
            ],
            [
              151.183269591,
              -33.968605211
            ],
            [
              151.183440708,
              -33.969228427
            ],
            [
              151.183468986,
              -33.969405717
            ],
            [
              151.183517906,
              -33.969647382
            ],
            [
              151.183597865,
              -33.969932689
            ],
            [
              151.183651304,
              -33.970240917
            ],
            [
              151.183735232,
              -33.970653373
            ],
            [
              151.183736488,
              -33.970664703
            ],
            [
              151.183809265,
              -33.971076156
            ],
            [
              151.18386185,
              -33.971383212
            ],
            [
              151.183892237,
              -33.971629683
            ],
            [
              151.18393724,
              -33.971911408
            ],
            [
              151.183963057,
              -33.972134123
            ],
            [
              151.184030561,
              -33.972580167
            ],
            [
              151.184050901,
              -33.97274662
            ],
            [
              151.184059596,
              -33.972888889
            ],
            [
              151.184178331,
              -33.97353853
            ],
            [
              151.184181596,
              -33.973581872
            ],
            [
              151.184182538,
              -33.973621711
            ],
            [
              151.184230353,
              -33.97381291
            ],
            [
              151.18434135,
              -33.974324605
            ],
            [
              151.18435521,
              -33.974417124
            ],
            [
              151.184370623,
              -33.974533972
            ],
            [
              151.184451336,
              -33.97506821
            ],
            [
              151.184474742,
              -33.975252376
            ],
            [
              151.184493877,
              -33.975471914
            ],
            [
              151.184513817,
              -33.975851484
            ],
            [
              151.184535666,
              -33.976087614
            ],
            [
              151.184553296,
              -33.97635668
            ],
            [
              151.184544351,
              -33.976661365
            ],
            [
              151.184564592,
              -33.976922917
            ],
            [
              151.184576145,
              -33.977210932
            ],
            [
              151.184541139,
              -33.977499402
            ],
            [
              151.184554857,
              -33.977758206
            ],
            [
              151.184550181,
              -33.97802455
            ],
            [
              151.184443154,
              -33.978416452
            ],
            [
              151.184438383,
              -33.978593493
            ],
            [
              151.184418142,
              -33.978749684
            ],
            [
              151.184230805,
              -33.979086132
            ],
            [
              151.184106848,
              -33.978696805
            ],
            [
              151.184058782,
              -33.978593528
            ],
            [
              151.183953059,
              -33.97836206
            ],
            [
              151.183855822,
              -33.978070762
            ],
            [
              151.183656629,
              -33.977758234
            ],
            [
              151.183520017,
              -33.977515344
            ],
            [
              151.183228611,
              -33.977269
            ],
            [
              151.18312786,
              -33.977006953
            ],
            [
              151.183100035,
              -33.976922977
            ],
            [
              151.183046997,
              -33.976771565
            ],
            [
              151.182897928,
              -33.976363328
            ],
            [
              151.182804659,
              -33.976087723
            ],
            [
              151.182672969,
              -33.975715562
            ],
            [
              151.182620835,
              -33.975581158
            ],
            [
              151.182499339,
              -33.97525243
            ],
            [
              151.182435805,
              -33.97507798
            ],
            [
              151.182226466,
              -33.97462343
            ],
            [
              151.182154242,
              -33.974477397
            ],
            [
              151.182130988,
              -33.974417215
            ],
            [
              151.182078,
              -33.974293439
            ],
            [
              151.181875592,
              -33.973874444
            ],
            [
              151.181766805,
              -33.97358196
            ],
            [
              151.18163205,
              -33.973242149
            ],
            [
              151.181573588,
              -33.97303777
            ],
            [
              151.181473087,
              -33.972746707
            ],
            [
              151.181416181,
              -33.972586842
            ],
            [
              151.181237479,
              -33.971922459
            ],
            [
              151.181231954,
              -33.971905124
            ],
            [
              151.181224326,
              -33.971878947
            ],
            [
              151.180928903,
              -33.971322501
            ],
            [
              151.180834077,
              -33.971076251
            ],
            [
              151.180673708,
              -33.970700039
            ],
            [
              151.180644225,
              -33.970592724
            ],
            [
              151.180519867,
              -33.970241036
            ],
            [
              151.180442471,
              -33.970057586
            ],
            [
              151.180296163,
              -33.969467371
            ],
            [
              151.18027522,
              -33.969405822
            ],
            [
              151.180261659,
              -33.969373028
            ],
            [
              151.180222332,
              -33.969193486
            ],
            [
              151.180001894,
              -33.968754395
            ],
            [
              151.179924396,
              -33.968570659
            ],
            [
              151.179705012,
              -33.968166614
            ],
            [
              151.179685927,
              -33.968123519
            ],
            [
              151.179497984,
              -33.967735442
            ],
            [
              151.17939693,
              -33.967588236
            ],
            [
              151.179220339,
              -33.967366027
            ],
            [
              151.178905379,
              -33.967162817
            ],
            [
              151.178312372,
              -33.966900256
            ],
            [
              151.178238141,
              -33.966883833
            ],
            [
              151.178218452,
              -33.966877321
            ],
            [
              151.178046683,
              -33.966757007
            ],
            [
              151.177677378,
              -33.966516081
            ],
            [
              151.177575271,
              -33.966364056
            ],
            [
              151.177336652,
              -33.966065033
            ],
            [
              151.177296722,
              -33.965998222
            ],
            [
              151.177216562,
              -33.965769632
            ],
            [
              151.17704218,
              -33.965375187
            ],
            [
              151.176985677,
              -33.965229857
            ],
            [
              151.176823249,
              -33.964901962
            ],
            [
              151.176755243,
              -33.964779267
            ],
            [
              151.176594071,
              -33.964394693
            ],
            [
              151.176531238,
              -33.964130797
            ],
            [
              151.176454294,
              -33.963759222
            ],
            [
              151.176408739,
              -33.963559519
            ],
            [
              151.17638905,
              -33.963414163
            ],
            [
              151.176302912,
              -33.962797864
            ],
            [
              151.176292867,
              -33.962724359
            ],
            [
              151.176285788,
              -33.962665089
            ],
            [
              151.176214717,
              -33.962090803
            ],
            [
              151.17618644,
              -33.96191281
            ],
            [
              151.17618272,
              -33.961889224
            ],
            [
              151.176176285,
              -33.961857173
            ],
            [
              151.176037813,
              -33.961201542
            ],
            [
              151.176008984,
              -33.961054102
            ],
            [
              151.175960817,
              -33.960842431
            ],
            [
              151.175876538,
              -33.960500862
            ],
            [
              151.175814862,
              -33.96021898
            ],
            [
              151.17570768,
              -33.959806563
            ],
            [
              151.175704667,
              -33.9597938
            ],
            [
              151.175602057,
              -33.959383884
            ],
            [
              151.175527371,
              -33.959121798
            ],
            [
              151.175425212,
              -33.958725712
            ],
            [
              151.175376595,
              -33.958548761
            ],
            [
              151.175343546,
              -33.958439897
            ],
            [
              151.175212959,
              -33.957937344
            ],
            [
              151.175156055,
              -33.957761096
            ],
            [
              151.1751424,
              -33.957713677
            ],
            [
              151.175119647,
              -33.957635862
            ],
            [
              151.174952448,
              -33.957095761
            ],
            [
              151.174891172,
              -33.956878541
            ],
            [
              151.174790921,
              -33.956526684
            ],
            [
              151.174759129,
              -33.956421831
            ],
            [
              151.174655514,
              -33.956043458
            ],
            [
              151.174573596,
              -33.955741441
            ],
            [
              151.174499816,
              -33.955448919
            ],
            [
              151.17443628,
              -33.955208374
            ],
            [
              151.174394995,
              -33.955055256
            ],
            [
              151.174232264,
              -33.954390795
            ],
            [
              151.174227744,
              -33.95437333
            ],
            [
              151.174224683,
              -33.95436213
            ],
            [
              151.174211326,
              -33.954307782
            ],
            [
              151.17402705,
              -33.95369182
            ],
            [
              151.173985011,
              -33.953538207
            ],
            [
              151.173916151,
              -33.953292114
            ],
            [
              151.173834988,
              -33.953016887
            ],
            [
              151.173750106,
              -33.952703162
            ],
            [
              151.173651513,
              -33.952334843
            ],
            [
              151.173621831,
              -33.95221164
            ],
            [
              151.173533132,
              -33.951868079
            ],
            [
              151.173477833,
              -33.951644569
            ],
            [
              151.173368493,
              -33.951165393
            ],
            [
              151.1733366,
              -33.951033035
            ],
            [
              151.173314048,
              -33.950946103
            ],
            [
              151.173209729,
              -33.950494928
            ],
            [
              151.173142679,
              -33.950253914
            ],
            [
              151.173128412,
              -33.950197991
            ],
            [
              151.173104354,
              -33.950110134
            ],
            [
              151.172951318,
              -33.949578447
            ],
            [
              151.17289401,
              -33.949362985
            ],
            [
              151.1728028,
              -33.949023669
            ],
            [
              151.172766838,
              -33.948897263
            ],
            [
              151.172670858,
              -33.94852798
            ],
            [
              151.172586278,
              -33.948212796
            ],
            [
              151.172524502,
              -33.947956662
            ],
            [
              151.172456345,
              -33.947692948
            ],
            [
              151.172414306,
              -33.947521155
            ],
            [
              151.172285126,
              -33.946921993
            ],
            [
              151.172270012,
              -33.946857943
            ],
            [
              151.172259715,
              -33.946815057
            ],
            [
              151.172208284,
              -33.946572845
            ],
            [
              151.172093218,
              -33.94611887
            ],
            [
              151.172071018,
              -33.946022938
            ],
            [
              151.172036614,
              -33.945879822
            ],
            [
              151.171925765,
              -33.945423529
            ],
            [
              151.171869413,
              -33.945187933
            ],
            [
              151.171740735,
              -33.944798112
            ],
            [
              151.171726012,
              -33.944755056
            ],
            [
              151.171596582,
              -33.944352979
            ],
            [
              151.171497688,
              -33.944110467
            ],
            [
              151.17126846,
              -33.943569402
            ],
            [
              151.171247114,
              -33.943517972
            ],
            [
              151.171230389,
              -33.943498346
            ],
            [
              151.171206835,
              -33.943479591
            ],
            [
              151.17113652,
              -33.943459378
            ],
            [
              151.170577565,
              -33.943207575
            ],
            [
              151.170205248,
              -33.94314972
            ],
            [
              151.169831475,
              -33.943206263
            ],
            [
              151.169607121,
              -33.943181516
            ],
            [
              151.169203664,
              -33.943216974
            ],
            [
              151.168962434,
              -33.943316784
            ],
            [
              151.168441351,
              -33.94331834
            ],
            [
              151.168202029,
              -33.943368269
            ],
            [
              151.167989728,
              -33.9433408
            ],
            [
              151.16742053,
              -33.943334151
            ],
            [
              151.167200394,
              -33.943294271
            ],
            [
              151.166805023,
              -33.943188033
            ],
            [
              151.166546366,
              -33.943227869
            ],
            [
              151.166299057,
              -33.942766117
            ],
            [
              151.166222714,
              -33.942682597
            ],
            [
              151.166749723,
              -33.942306861
            ],
            [
              151.167200542,
              -33.942130242
            ],
            [
              151.167454527,
              -33.942059488
            ],
            [
              151.168139343,
              -33.941900206
            ],
            [
              151.168202175,
              -33.941884083
            ],
            [
              151.168254058,
              -33.941891117
            ],
            [
              151.168371885,
              -33.941847854
            ],
            [
              151.168863134,
              -33.941563934
            ],
            [
              151.16920381,
              -33.941419781
            ],
            [
              151.169507217,
              -33.941265925
            ],
            [
              151.170178723,
              -33.9410353
            ],
            [
              151.170205443,
              -33.941024751
            ],
            [
              151.170213024,
              -33.941019411
            ],
            [
              151.170236027,
              -33.94101303
            ],
            [
              151.170246166,
              -33.940979026
            ],
            [
              151.170429585,
              -33.940364956
            ],
            [
              151.170485385,
              -33.940178121
            ],
            [
              151.170457358,
              -33.939968169
            ],
            [
              151.170426619,
              -33.939527492
            ],
            [
              151.170404268,
              -33.939343209
            ],
            [
              151.170373028,
              -33.939203557
            ],
            [
              151.170267354,
              -33.938559752
            ],
            [
              151.170256759,
              -33.938508283
            ],
            [
              151.17024797,
              -33.93847295
            ],
            [
              151.170205629,
              -33.938259572
            ],
            [
              151.170082125,
              -33.937776346
            ],
            [
              151.170061332,
              -33.93767333
            ],
            [
              151.170026073,
              -33.937523585
            ],
            [
              151.169908746,
              -33.937086006
            ],
            [
              151.169854202,
              -33.936838455
            ],
            [
              151.169761786,
              -33.936468338
            ],
            [
              151.169740792,
              -33.936391187
            ],
            [
              151.169648528,
              -33.936003528
            ],
            [
              151.169570277,
              -33.935698464
            ],
            [
              151.169517288,
              -33.935429541
            ],
            [
              151.169455611,
              -33.935168653
            ],
            [
              151.169402976,
              -33.935003084
            ],
            [
              151.169218146,
              -33.934345199
            ],
            [
              151.169214678,
              -33.934333738
            ],
            [
              151.169212418,
              -33.934327096
            ],
            [
              151.169204429,
              -33.934299877
            ],
            [
              151.168975853,
              -33.933689423
            ],
            [
              151.168911916,
              -33.933498849
            ],
            [
              151.168748734,
              -33.933118847
            ],
            [
              151.168723823,
              -33.933064721
            ],
            [
              151.168564808,
              -33.932663972
            ],
            [
              151.16846235,
              -33.932447833
            ],
            [
              151.168244673,
              -33.931863674
            ],
            [
              151.168230155,
              -33.931829083
            ],
            [
              151.168222621,
              -33.931812882
            ],
            [
              151.168203184,
              -33.931757245
            ],
            [
              151.167958988,
              -33.93119783
            ],
            [
              151.167889126,
              -33.930994206
            ],
            [
              151.167797966,
              -33.93065631
            ],
            [
              151.167756731,
              -33.930531662
            ],
            [
              151.167668586,
              -33.93015937
            ],
            [
              151.167671692,
              -33.929767792
            ],
            [
              151.167671065,
              -33.929715581
            ],
            [
              151.167674171,
              -33.929324537
            ],
            [
              151.167650264,
              -33.92895084
            ],
            [
              151.167641773,
              -33.928856276
            ],
            [
              151.167617312,
              -33.928489703
            ],
            [
              151.167800531,
              -33.928153816
            ],
            [
              151.168203584,
              -33.927743775
            ],
            [
              151.168249791,
              -33.927693479
            ],
            [
              151.168355313,
              -33.927654969
            ],
            [
              151.168856708,
              -33.927364629
            ],
            [
              151.169205018,
              -33.927165504
            ],
            [
              151.169401848,
              -33.92698431
            ],
            [
              151.169467038,
              -33.92682028
            ],
            [
              151.169439514,
              -33.926624861
            ],
            [
              151.169459955,
              -33.926197899
            ],
            [
              151.169437405,
              -33.925985446
            ],
            [
              151.169403954,
              -33.925819734
            ],
            [
              151.169356238,
              -33.925276588
            ],
            [
              151.169334641,
              -33.92515065
            ],
            [
              151.169332883,
              -33.925044248
            ],
            [
              151.169241722,
              -33.924346278
            ],
            [
              151.169241094,
              -33.924315894
            ],
            [
              151.169240623,
              -33.924286396
            ],
            [
              151.169205266,
              -33.92413036
            ],
            [
              151.169057552,
              -33.9236043
            ],
            [
              151.16903495,
              -33.92348111
            ],
            [
              151.169004262,
              -33.923313484
            ],
            [
              151.168907779,
              -33.922894438
            ],
            [
              151.168866343,
              -33.922646314
            ],
            [
              151.168804113,
              -33.922311791
            ],
            [
              151.168771618,
              -33.92217322
            ],
            [
              151.168710543,
              -33.921811557
            ],
            [
              151.168671668,
              -33.921421853
            ],
            [
              151.168664087,
              -33.921360174
            ],
            [
              151.168624408,
              -33.920976813
            ],
            [
              151.168605371,
              -33.920642447
            ],
            [
              151.168565843,
              -33.9204435
            ],
            [
              151.168544297,
              -33.920142057
            ],
            [
              151.168510093,
              -33.919887173
            ],
            [
              151.168408687,
              -33.919477674
            ],
            [
              151.168381615,
              -33.919307313
            ],
            [
              151.16838083,
              -33.919160238
            ],
            [
              151.168204389,
              -33.918768775
            ],
            [
              151.168143415,
              -33.918523438
            ],
            [
              151.168134924,
              -33.918472594
            ],
            [
              151.168126087,
              -33.918407255
            ],
            [
              151.168041909,
              -33.917773412
            ],
            [
              151.168023325,
              -33.91763785
            ],
            [
              151.168023011,
              -33.917486569
            ],
            [
              151.168135612,
              -33.916860608
            ],
            [
              151.168135512,
              -33.916803187
            ],
            [
              151.168133801,
              -33.916744217
            ],
            [
              151.168204617,
              -33.916222522
            ],
            [
              151.168391957,
              -33.916646986
            ],
            [
              151.168967874,
              -33.91680364
            ]
          ],
          [
            [
              151.164195895,
              -33.94291163
            ],
            [
              151.164557816,
              -33.942984488
            ],
            [
              151.164884378,
              -33.942943858
            ],
            [
              151.16519748,
              -33.943140817
            ],
            [
              151.16560606,
              -33.943177248
            ],
            [
              151.16581585,
              -33.943517855
            ],
            [
              151.165416211,
              -33.943700218
            ],
            [
              151.165197382,
              -33.943746358
            ],
            [
              151.164762334,
              -33.943990062
            ],
            [
              151.164603825,
              -33.944012526
            ],
            [
              151.164195698,
              -33.944135502
            ],
            [
              151.163820567,
              -33.944039892
            ],
            [
              151.163541669,
              -33.944062862
            ],
            [
              151.163194162,
              -33.943726864
            ],
            [
              151.163002001,
              -33.943677737
            ],
            [
              151.162946502,
              -33.943517534
            ],
            [
              151.163095118,
              -33.943434928
            ],
            [
              151.163194211,
              -33.94339776
            ],
            [
              151.163656329,
              -33.943067866
            ],
            [
              151.16374804,
              -33.943056016
            ],
            [
              151.164195895,
              -33.94291163
            ]
          ],
          [
            [
              151.161190804,
              -33.944426515
            ],
            [
              151.161101654,
              -33.944426566
            ],
            [
              151.160794076,
              -33.944352211
            ],
            [
              151.161108987,
              -33.944284037
            ],
            [
              151.161190854,
              -33.944264451
            ],
            [
              151.161300946,
              -33.944260545
            ],
            [
              151.161514101,
              -33.94435235
            ],
            [
              151.161263529,
              -33.944412985
            ],
            [
              151.161190804,
              -33.944426515
            ]
          ],
          [
            [
              151.199249995,
              -33.935171316
            ],
            [
              151.199243669,
              -33.935173009
            ],
            [
              151.199172952,
              -33.935167668
            ],
            [
              151.199247085,
              -33.935165194
            ],
            [
              151.199253159,
              -33.935165195
            ],
            [
              151.199270888,
              -33.93516793
            ],
            [
              151.199253159,
              -33.935170534
            ],
            [
              151.199249995,
              -33.935171316
            ]
          ]
        ]
      }
    }
  ]
}